<?xml version="1.0" encoding="UTF-8"?>
<kml xmlns="http://www.opengis.net/kml/2.2" xmlns:gx="http://www.google.com/kml/ext/2.2" xmlns:kml="http://www.opengis.net/kml/2.2" xmlns:atom="http://www.w3.org/2005/Atom">
<Document>
	<name>patok heksa MR CPL A.kml</name>
	<Schema name="patok heksa MR CPL A" id="S_patok_heksa_MR_CPL_A_SSDD">
		<SimpleField type="string" name="KM"><displayName>&lt;b&gt;KM&lt;/b&gt;</displayName>
</SimpleField>
		<SimpleField type="string" name="JALUR"><displayName>&lt;b&gt;JALUR&lt;/b&gt;</displayName>
</SimpleField>
		<SimpleField type="double" name="X_edit"><displayName>&lt;b&gt;X edit&lt;/b&gt;</displayName>
</SimpleField>
		<SimpleField type="double" name="Y_edit"><displayName>&lt;b&gt;Y edit&lt;/b&gt;</displayName>
</SimpleField>
	</Schema>
	<Style id="hlightPointStyle">
		<IconStyle>
			<Icon>
				<href>http://maps.google.com/mapfiles/kml/shapes/placemark_circle_highlight.png</href>
			</Icon>
		</IconStyle>
		<BalloonStyle>
			<text><![CDATA[<table border="0">
  <tr><td><b>KM</b></td><td>$[patok heksa MR CPL A/KM]</td></tr>
  <tr><td><b>JALUR</b></td><td>$[patok heksa MR CPL A/JALUR]</td></tr>
  <tr><td><b>X edit</b></td><td>$[patok heksa MR CPL A/X_edit]</td></tr>
  <tr><td><b>Y edit</b></td><td>$[patok heksa MR CPL A/Y_edit]</td></tr>
</table>]]></text>
		</BalloonStyle>
	</Style>
	<Style id="normPointStyle">
		<IconStyle>
			<Icon>
				<href>http://maps.google.com/mapfiles/kml/shapes/placemark_circle.png</href>
			</Icon>
		</IconStyle>
		<BalloonStyle>
			<text><![CDATA[<table border="0">
  <tr><td><b>KM</b></td><td>$[patok heksa MR CPL A/KM]</td></tr>
  <tr><td><b>JALUR</b></td><td>$[patok heksa MR CPL A/JALUR]</td></tr>
  <tr><td><b>X edit</b></td><td>$[patok heksa MR CPL A/X_edit]</td></tr>
  <tr><td><b>Y edit</b></td><td>$[patok heksa MR CPL A/Y_edit]</td></tr>
</table>]]></text>
		</BalloonStyle>
	</Style>
	<StyleMap id="pointStyleMap">
		<Pair>
			<key>normal</key>
			<styleUrl>#normPointStyle</styleUrl>
		</Pair>
		<Pair>
			<key>highlight</key>
			<styleUrl>#hlightPointStyle</styleUrl>
		</Pair>
	</StyleMap>
	<Folder id="layer 0">
		<name>patok heksa MR CPL A</name>
		<Placemark>
			<name>67+0</name>
			<styleUrl>#pointStyleMap</styleUrl>
			<Style id="inline">
				<IconStyle>
					<color>ffffffaa</color>
					<colorMode>normal</colorMode>
					<Icon>
						<href>http://maps.google.com/mapfiles/kml/pushpin/grn-pushpin.png</href>
					</Icon>
				</IconStyle>
				<LineStyle>
					<color>ffffffaa</color>
					<colorMode>normal</colorMode>
				</LineStyle>
				<PolyStyle>
					<color>ffffffaa</color>
					<colorMode>normal</colorMode>
				</PolyStyle>
			</Style>
			<ExtendedData>
				<SchemaData schemaUrl="#S_patok_heksa_MR_CPL_A_SSDD">
					<SimpleData name="KM">67+0</SimpleData>
					<SimpleData name="JALUR">A</SimpleData>
					<SimpleData name="X_edit">-6.42358</SimpleData>
					<SimpleData name="Y_edit">107.425</SimpleData>
				</SchemaData>
			</ExtendedData>
			<Point>
				<coordinates>107.424552334997,-6.423582591853451,0</coordinates>
			</Point>
		</Placemark>
		<Placemark>
			<name>67+200</name>
			<styleUrl>#pointStyleMap</styleUrl>
			<Style id="inline">
				<IconStyle>
					<color>ffffffaa</color>
					<colorMode>normal</colorMode>
					<Icon>
						<href>http://maps.google.com/mapfiles/kml/pushpin/grn-pushpin.png</href>
					</Icon>
				</IconStyle>
				<LineStyle>
					<color>ffffffaa</color>
					<colorMode>normal</colorMode>
				</LineStyle>
				<PolyStyle>
					<color>ffffffaa</color>
					<colorMode>normal</colorMode>
				</PolyStyle>
			</Style>
			<ExtendedData>
				<SchemaData schemaUrl="#S_patok_heksa_MR_CPL_A_SSDD">
					<SimpleData name="KM">67+200</SimpleData>
					<SimpleData name="JALUR">A</SimpleData>
					<SimpleData name="X_edit">-6.42537</SimpleData>
					<SimpleData name="Y_edit">107.425</SimpleData>
				</SchemaData>
			</ExtendedData>
			<Point>
				<coordinates>107.42485336589,-6.425371648510751,0</coordinates>
			</Point>
		</Placemark>
		<Placemark>
			<name>67+400</name>
			<styleUrl>#pointStyleMap</styleUrl>
			<Style id="inline">
				<IconStyle>
					<color>ffffffaa</color>
					<colorMode>normal</colorMode>
					<Icon>
						<href>http://maps.google.com/mapfiles/kml/pushpin/grn-pushpin.png</href>
					</Icon>
				</IconStyle>
				<LineStyle>
					<color>ffffffaa</color>
					<colorMode>normal</colorMode>
				</LineStyle>
				<PolyStyle>
					<color>ffffffaa</color>
					<colorMode>normal</colorMode>
				</PolyStyle>
			</Style>
			<ExtendedData>
				<SchemaData schemaUrl="#S_patok_heksa_MR_CPL_A_SSDD">
					<SimpleData name="KM">67+400</SimpleData>
					<SimpleData name="JALUR">A</SimpleData>
					<SimpleData name="X_edit">-6.42719</SimpleData>
					<SimpleData name="Y_edit">107.425</SimpleData>
				</SchemaData>
			</ExtendedData>
			<Point>
				<coordinates>107.425004550816,-6.427187616594299,0</coordinates>
			</Point>
		</Placemark>
		<Placemark>
			<name>67+600</name>
			<styleUrl>#pointStyleMap</styleUrl>
			<Style id="inline">
				<IconStyle>
					<color>ffffffaa</color>
					<colorMode>normal</colorMode>
					<Icon>
						<href>http://maps.google.com/mapfiles/kml/pushpin/grn-pushpin.png</href>
					</Icon>
				</IconStyle>
				<LineStyle>
					<color>ffffffaa</color>
					<colorMode>normal</colorMode>
				</LineStyle>
				<PolyStyle>
					<color>ffffffaa</color>
					<colorMode>normal</colorMode>
				</PolyStyle>
			</Style>
			<ExtendedData>
				<SchemaData schemaUrl="#S_patok_heksa_MR_CPL_A_SSDD">
					<SimpleData name="KM">67+600</SimpleData>
					<SimpleData name="JALUR">A</SimpleData>
					<SimpleData name="X_edit">-6.429</SimpleData>
					<SimpleData name="Y_edit">107.425</SimpleData>
				</SchemaData>
			</ExtendedData>
			<Point>
				<coordinates>107.424981819212,-6.428997438226698,0</coordinates>
			</Point>
		</Placemark>
		<Placemark>
			<name>67+800</name>
			<styleUrl>#pointStyleMap</styleUrl>
			<Style id="inline">
				<IconStyle>
					<color>ffffffaa</color>
					<colorMode>normal</colorMode>
					<Icon>
						<href>http://maps.google.com/mapfiles/kml/pushpin/grn-pushpin.png</href>
					</Icon>
				</IconStyle>
				<LineStyle>
					<color>ffffffaa</color>
					<colorMode>normal</colorMode>
				</LineStyle>
				<PolyStyle>
					<color>ffffffaa</color>
					<colorMode>normal</colorMode>
				</PolyStyle>
			</Style>
			<ExtendedData>
				<SchemaData schemaUrl="#S_patok_heksa_MR_CPL_A_SSDD">
					<SimpleData name="KM">67+800</SimpleData>
					<SimpleData name="JALUR">A</SimpleData>
					<SimpleData name="X_edit">-6.43082</SimpleData>
					<SimpleData name="Y_edit">107.425</SimpleData>
				</SchemaData>
			</ExtendedData>
			<Point>
				<coordinates>107.424819653806,-6.430820766104459,0</coordinates>
			</Point>
		</Placemark>
		<Placemark>
			<name>68+0</name>
			<styleUrl>#pointStyleMap</styleUrl>
			<Style id="inline">
				<IconStyle>
					<color>ffffffaa</color>
					<colorMode>normal</colorMode>
					<Icon>
						<href>http://maps.google.com/mapfiles/kml/pushpin/grn-pushpin.png</href>
					</Icon>
				</IconStyle>
				<LineStyle>
					<color>ffffffaa</color>
					<colorMode>normal</colorMode>
				</LineStyle>
				<PolyStyle>
					<color>ffffffaa</color>
					<colorMode>normal</colorMode>
				</PolyStyle>
			</Style>
			<ExtendedData>
				<SchemaData schemaUrl="#S_patok_heksa_MR_CPL_A_SSDD">
					<SimpleData name="KM">68+0</SimpleData>
					<SimpleData name="JALUR">A</SimpleData>
					<SimpleData name="X_edit">-6.43263</SimpleData>
					<SimpleData name="Y_edit">107.425</SimpleData>
				</SchemaData>
			</ExtendedData>
			<Point>
				<coordinates>107.424832171056,-6.432628719116879,0</coordinates>
			</Point>
		</Placemark>
		<Placemark>
			<name>68+200</name>
			<styleUrl>#pointStyleMap</styleUrl>
			<Style id="inline">
				<IconStyle>
					<color>ffffffaa</color>
					<colorMode>normal</colorMode>
					<Icon>
						<href>http://maps.google.com/mapfiles/kml/pushpin/grn-pushpin.png</href>
					</Icon>
				</IconStyle>
				<LineStyle>
					<color>ffffffaa</color>
					<colorMode>normal</colorMode>
				</LineStyle>
				<PolyStyle>
					<color>ffffffaa</color>
					<colorMode>normal</colorMode>
				</PolyStyle>
			</Style>
			<ExtendedData>
				<SchemaData schemaUrl="#S_patok_heksa_MR_CPL_A_SSDD">
					<SimpleData name="KM">68+200</SimpleData>
					<SimpleData name="JALUR">A</SimpleData>
					<SimpleData name="X_edit">-6.43444</SimpleData>
					<SimpleData name="Y_edit">107.425</SimpleData>
				</SchemaData>
			</ExtendedData>
			<Point>
				<coordinates>107.425009528023,-6.434437621284694,0</coordinates>
			</Point>
		</Placemark>
		<Placemark>
			<name>68+400</name>
			<styleUrl>#pointStyleMap</styleUrl>
			<Style id="inline">
				<IconStyle>
					<color>ffffffaa</color>
					<colorMode>normal</colorMode>
					<Icon>
						<href>http://maps.google.com/mapfiles/kml/pushpin/grn-pushpin.png</href>
					</Icon>
				</IconStyle>
				<LineStyle>
					<color>ffffffaa</color>
					<colorMode>normal</colorMode>
				</LineStyle>
				<PolyStyle>
					<color>ffffffaa</color>
					<colorMode>normal</colorMode>
				</PolyStyle>
			</Style>
			<ExtendedData>
				<SchemaData schemaUrl="#S_patok_heksa_MR_CPL_A_SSDD">
					<SimpleData name="KM">68+400</SimpleData>
					<SimpleData name="JALUR">A</SimpleData>
					<SimpleData name="X_edit">-6.43623</SimpleData>
					<SimpleData name="Y_edit">107.425</SimpleData>
				</SchemaData>
			</ExtendedData>
			<Point>
				<coordinates>107.425251816637,-6.436225932364435,0</coordinates>
			</Point>
		</Placemark>
		<Placemark>
			<name>68+600</name>
			<styleUrl>#pointStyleMap</styleUrl>
			<Style id="inline">
				<IconStyle>
					<color>ffffffaa</color>
					<colorMode>normal</colorMode>
					<Icon>
						<href>http://maps.google.com/mapfiles/kml/pushpin/grn-pushpin.png</href>
					</Icon>
				</IconStyle>
				<LineStyle>
					<color>ffffffaa</color>
					<colorMode>normal</colorMode>
				</LineStyle>
				<PolyStyle>
					<color>ffffffaa</color>
					<colorMode>normal</colorMode>
				</PolyStyle>
			</Style>
			<ExtendedData>
				<SchemaData schemaUrl="#S_patok_heksa_MR_CPL_A_SSDD">
					<SimpleData name="KM">68+600</SimpleData>
					<SimpleData name="JALUR">A</SimpleData>
					<SimpleData name="X_edit">-6.438</SimpleData>
					<SimpleData name="Y_edit">107.426</SimpleData>
				</SchemaData>
			</ExtendedData>
			<Point>
				<coordinates>107.425624751472,-6.437999136328076,0</coordinates>
			</Point>
		</Placemark>
		<Placemark>
			<name>68+800</name>
			<styleUrl>#pointStyleMap</styleUrl>
			<Style id="inline">
				<IconStyle>
					<color>ffffffaa</color>
					<colorMode>normal</colorMode>
					<Icon>
						<href>http://maps.google.com/mapfiles/kml/pushpin/grn-pushpin.png</href>
					</Icon>
				</IconStyle>
				<LineStyle>
					<color>ffffffaa</color>
					<colorMode>normal</colorMode>
				</LineStyle>
				<PolyStyle>
					<color>ffffffaa</color>
					<colorMode>normal</colorMode>
				</PolyStyle>
			</Style>
			<ExtendedData>
				<SchemaData schemaUrl="#S_patok_heksa_MR_CPL_A_SSDD">
					<SimpleData name="KM">68+800</SimpleData>
					<SimpleData name="JALUR">A</SimpleData>
					<SimpleData name="X_edit">-6.43974</SimpleData>
					<SimpleData name="Y_edit">107.426</SimpleData>
				</SchemaData>
			</ExtendedData>
			<Point>
				<coordinates>107.42612603279,-6.439740942622194,0</coordinates>
			</Point>
		</Placemark>
		<Placemark>
			<name>69+0</name>
			<styleUrl>#pointStyleMap</styleUrl>
			<Style id="inline">
				<IconStyle>
					<color>ffffffaa</color>
					<colorMode>normal</colorMode>
					<Icon>
						<href>http://maps.google.com/mapfiles/kml/pushpin/grn-pushpin.png</href>
					</Icon>
				</IconStyle>
				<LineStyle>
					<color>ffffffaa</color>
					<colorMode>normal</colorMode>
				</LineStyle>
				<PolyStyle>
					<color>ffffffaa</color>
					<colorMode>normal</colorMode>
				</PolyStyle>
			</Style>
			<ExtendedData>
				<SchemaData schemaUrl="#S_patok_heksa_MR_CPL_A_SSDD">
					<SimpleData name="KM">69+0</SimpleData>
					<SimpleData name="JALUR">A</SimpleData>
					<SimpleData name="X_edit">-6.44142</SimpleData>
					<SimpleData name="Y_edit">107.427</SimpleData>
				</SchemaData>
			</ExtendedData>
			<Point>
				<coordinates>107.426772577697,-6.441416690762825,0</coordinates>
			</Point>
		</Placemark>
		<Placemark>
			<name>69+200</name>
			<styleUrl>#pointStyleMap</styleUrl>
			<Style id="inline">
				<IconStyle>
					<color>ffffffaa</color>
					<colorMode>normal</colorMode>
					<Icon>
						<href>http://maps.google.com/mapfiles/kml/pushpin/grn-pushpin.png</href>
					</Icon>
				</IconStyle>
				<LineStyle>
					<color>ffffffaa</color>
					<colorMode>normal</colorMode>
				</LineStyle>
				<PolyStyle>
					<color>ffffffaa</color>
					<colorMode>normal</colorMode>
				</PolyStyle>
			</Style>
			<ExtendedData>
				<SchemaData schemaUrl="#S_patok_heksa_MR_CPL_A_SSDD">
					<SimpleData name="KM">69+200</SimpleData>
					<SimpleData name="JALUR">A</SimpleData>
					<SimpleData name="X_edit">-6.44307</SimpleData>
					<SimpleData name="Y_edit">107.428</SimpleData>
				</SchemaData>
			</ExtendedData>
			<Point>
				<coordinates>107.427595515954,-6.443073061802291,0</coordinates>
			</Point>
		</Placemark>
		<Placemark>
			<name>69+400</name>
			<styleUrl>#pointStyleMap</styleUrl>
			<Style id="inline">
				<IconStyle>
					<color>ffffffaa</color>
					<colorMode>normal</colorMode>
					<Icon>
						<href>http://maps.google.com/mapfiles/kml/pushpin/grn-pushpin.png</href>
					</Icon>
				</IconStyle>
				<LineStyle>
					<color>ffffffaa</color>
					<colorMode>normal</colorMode>
				</LineStyle>
				<PolyStyle>
					<color>ffffffaa</color>
					<colorMode>normal</colorMode>
				</PolyStyle>
			</Style>
			<ExtendedData>
				<SchemaData schemaUrl="#S_patok_heksa_MR_CPL_A_SSDD">
					<SimpleData name="KM">69+400</SimpleData>
					<SimpleData name="JALUR">A</SimpleData>
					<SimpleData name="X_edit">-6.44463</SimpleData>
					<SimpleData name="Y_edit">107.429</SimpleData>
				</SchemaData>
			</ExtendedData>
			<Point>
				<coordinates>107.428565125499,-6.444634596658552,0</coordinates>
			</Point>
		</Placemark>
		<Placemark>
			<name>69+600</name>
			<styleUrl>#pointStyleMap</styleUrl>
			<Style id="inline">
				<IconStyle>
					<color>ffffffaa</color>
					<colorMode>normal</colorMode>
					<Icon>
						<href>http://maps.google.com/mapfiles/kml/pushpin/grn-pushpin.png</href>
					</Icon>
				</IconStyle>
				<LineStyle>
					<color>ffffffaa</color>
					<colorMode>normal</colorMode>
				</LineStyle>
				<PolyStyle>
					<color>ffffffaa</color>
					<colorMode>normal</colorMode>
				</PolyStyle>
			</Style>
			<ExtendedData>
				<SchemaData schemaUrl="#S_patok_heksa_MR_CPL_A_SSDD">
					<SimpleData name="KM">69+600</SimpleData>
					<SimpleData name="JALUR">A</SimpleData>
					<SimpleData name="X_edit">-6.44603</SimpleData>
					<SimpleData name="Y_edit">107.43</SimpleData>
				</SchemaData>
			</ExtendedData>
			<Point>
				<coordinates>107.429691742551,-6.446030755260042,0</coordinates>
			</Point>
		</Placemark>
		<Placemark>
			<name>69+800</name>
			<styleUrl>#pointStyleMap</styleUrl>
			<Style id="inline">
				<IconStyle>
					<color>ffffffaa</color>
					<colorMode>normal</colorMode>
					<Icon>
						<href>http://maps.google.com/mapfiles/kml/pushpin/grn-pushpin.png</href>
					</Icon>
				</IconStyle>
				<LineStyle>
					<color>ffffffaa</color>
					<colorMode>normal</colorMode>
				</LineStyle>
				<PolyStyle>
					<color>ffffffaa</color>
					<colorMode>normal</colorMode>
				</PolyStyle>
			</Style>
			<ExtendedData>
				<SchemaData schemaUrl="#S_patok_heksa_MR_CPL_A_SSDD">
					<SimpleData name="KM">69+800</SimpleData>
					<SimpleData name="JALUR">A</SimpleData>
					<SimpleData name="X_edit">-6.4475</SimpleData>
					<SimpleData name="Y_edit">107.431</SimpleData>
				</SchemaData>
			</ExtendedData>
			<Point>
				<coordinates>107.430766924955,-6.447496474574881,0</coordinates>
			</Point>
		</Placemark>
		<Placemark>
			<name>70+0</name>
			<styleUrl>#pointStyleMap</styleUrl>
			<Style id="inline">
				<IconStyle>
					<color>ffffffaa</color>
					<colorMode>normal</colorMode>
					<Icon>
						<href>http://maps.google.com/mapfiles/kml/pushpin/grn-pushpin.png</href>
					</Icon>
				</IconStyle>
				<LineStyle>
					<color>ffffffaa</color>
					<colorMode>normal</colorMode>
				</LineStyle>
				<PolyStyle>
					<color>ffffffaa</color>
					<colorMode>normal</colorMode>
				</PolyStyle>
			</Style>
			<ExtendedData>
				<SchemaData schemaUrl="#S_patok_heksa_MR_CPL_A_SSDD">
					<SimpleData name="KM">70+0</SimpleData>
					<SimpleData name="JALUR">A</SimpleData>
					<SimpleData name="X_edit">-6.44905</SimpleData>
					<SimpleData name="Y_edit">107.432</SimpleData>
				</SchemaData>
			</ExtendedData>
			<Point>
				<coordinates>107.431718324913,-6.449051479252343,0</coordinates>
			</Point>
		</Placemark>
		<Placemark>
			<name>70+200</name>
			<styleUrl>#pointStyleMap</styleUrl>
			<Style id="inline">
				<IconStyle>
					<color>ffffffaa</color>
					<colorMode>normal</colorMode>
					<Icon>
						<href>http://maps.google.com/mapfiles/kml/pushpin/grn-pushpin.png</href>
					</Icon>
				</IconStyle>
				<LineStyle>
					<color>ffffffaa</color>
					<colorMode>normal</colorMode>
				</LineStyle>
				<PolyStyle>
					<color>ffffffaa</color>
					<colorMode>normal</colorMode>
				</PolyStyle>
			</Style>
			<ExtendedData>
				<SchemaData schemaUrl="#S_patok_heksa_MR_CPL_A_SSDD">
					<SimpleData name="KM">70+200</SimpleData>
					<SimpleData name="JALUR">A</SimpleData>
					<SimpleData name="X_edit">-6.45067</SimpleData>
					<SimpleData name="Y_edit">107.433</SimpleData>
				</SchemaData>
			</ExtendedData>
			<Point>
				<coordinates>107.432559907308,-6.450672374740714,0</coordinates>
			</Point>
		</Placemark>
		<Placemark>
			<name>70+400</name>
			<styleUrl>#pointStyleMap</styleUrl>
			<Style id="inline">
				<IconStyle>
					<color>ffffffaa</color>
					<colorMode>normal</colorMode>
					<Icon>
						<href>http://maps.google.com/mapfiles/kml/pushpin/grn-pushpin.png</href>
					</Icon>
				</IconStyle>
				<LineStyle>
					<color>ffffffaa</color>
					<colorMode>normal</colorMode>
				</LineStyle>
				<PolyStyle>
					<color>ffffffaa</color>
					<colorMode>normal</colorMode>
				</PolyStyle>
			</Style>
			<ExtendedData>
				<SchemaData schemaUrl="#S_patok_heksa_MR_CPL_A_SSDD">
					<SimpleData name="KM">70+400</SimpleData>
					<SimpleData name="JALUR">A</SimpleData>
					<SimpleData name="X_edit">-6.45236</SimpleData>
					<SimpleData name="Y_edit">107.433</SimpleData>
				</SchemaData>
			</ExtendedData>
			<Point>
				<coordinates>107.433243976338,-6.452359852791667,0</coordinates>
			</Point>
		</Placemark>
		<Placemark>
			<name>70+600</name>
			<styleUrl>#pointStyleMap</styleUrl>
			<Style id="inline">
				<IconStyle>
					<color>ffffffaa</color>
					<colorMode>normal</colorMode>
					<Icon>
						<href>http://maps.google.com/mapfiles/kml/pushpin/grn-pushpin.png</href>
					</Icon>
				</IconStyle>
				<LineStyle>
					<color>ffffffaa</color>
					<colorMode>normal</colorMode>
				</LineStyle>
				<PolyStyle>
					<color>ffffffaa</color>
					<colorMode>normal</colorMode>
				</PolyStyle>
			</Style>
			<ExtendedData>
				<SchemaData schemaUrl="#S_patok_heksa_MR_CPL_A_SSDD">
					<SimpleData name="KM">70+600</SimpleData>
					<SimpleData name="JALUR">A</SimpleData>
					<SimpleData name="X_edit">-6.45407</SimpleData>
					<SimpleData name="Y_edit">107.434</SimpleData>
				</SchemaData>
			</ExtendedData>
			<Point>
				<coordinates>107.433849924328,-6.454073536592231,0</coordinates>
			</Point>
		</Placemark>
		<Placemark>
			<name>70+800</name>
			<styleUrl>#pointStyleMap</styleUrl>
			<Style id="inline">
				<IconStyle>
					<color>ffffffaa</color>
					<colorMode>normal</colorMode>
					<Icon>
						<href>http://maps.google.com/mapfiles/kml/pushpin/grn-pushpin.png</href>
					</Icon>
				</IconStyle>
				<LineStyle>
					<color>ffffffaa</color>
					<colorMode>normal</colorMode>
				</LineStyle>
				<PolyStyle>
					<color>ffffffaa</color>
					<colorMode>normal</colorMode>
				</PolyStyle>
			</Style>
			<ExtendedData>
				<SchemaData schemaUrl="#S_patok_heksa_MR_CPL_A_SSDD">
					<SimpleData name="KM">70+800</SimpleData>
					<SimpleData name="JALUR">A</SimpleData>
					<SimpleData name="X_edit">-6.45568</SimpleData>
					<SimpleData name="Y_edit">107.435</SimpleData>
				</SchemaData>
			</ExtendedData>
			<Point>
				<coordinates>107.43468250498,-6.455684984311993,0</coordinates>
			</Point>
		</Placemark>
		<Placemark>
			<name>71+0</name>
			<styleUrl>#pointStyleMap</styleUrl>
			<Style id="inline">
				<IconStyle>
					<color>ffffffaa</color>
					<colorMode>normal</colorMode>
					<Icon>
						<href>http://maps.google.com/mapfiles/kml/pushpin/grn-pushpin.png</href>
					</Icon>
				</IconStyle>
				<LineStyle>
					<color>ffffffaa</color>
					<colorMode>normal</colorMode>
				</LineStyle>
				<PolyStyle>
					<color>ffffffaa</color>
					<colorMode>normal</colorMode>
				</PolyStyle>
			</Style>
			<ExtendedData>
				<SchemaData schemaUrl="#S_patok_heksa_MR_CPL_A_SSDD">
					<SimpleData name="KM">71+0</SimpleData>
					<SimpleData name="JALUR">A</SimpleData>
					<SimpleData name="X_edit">-6.45706</SimpleData>
					<SimpleData name="Y_edit">107.436</SimpleData>
				</SchemaData>
			</ExtendedData>
			<Point>
				<coordinates>107.435881274474,-6.457062851171962,0</coordinates>
			</Point>
		</Placemark>
		<Placemark>
			<name>71+200</name>
			<styleUrl>#pointStyleMap</styleUrl>
			<Style id="inline">
				<IconStyle>
					<color>ffffffaa</color>
					<colorMode>normal</colorMode>
					<Icon>
						<href>http://maps.google.com/mapfiles/kml/pushpin/grn-pushpin.png</href>
					</Icon>
				</IconStyle>
				<LineStyle>
					<color>ffffffaa</color>
					<colorMode>normal</colorMode>
				</LineStyle>
				<PolyStyle>
					<color>ffffffaa</color>
					<colorMode>normal</colorMode>
				</PolyStyle>
			</Style>
			<ExtendedData>
				<SchemaData schemaUrl="#S_patok_heksa_MR_CPL_A_SSDD">
					<SimpleData name="KM">71+200</SimpleData>
					<SimpleData name="JALUR">A</SimpleData>
					<SimpleData name="X_edit">-6.45826</SimpleData>
					<SimpleData name="Y_edit">107.437</SimpleData>
				</SchemaData>
			</ExtendedData>
			<Point>
				<coordinates>107.437246209355,-6.458262918476132,0</coordinates>
			</Point>
		</Placemark>
		<Placemark>
			<name>71+400</name>
			<styleUrl>#pointStyleMap</styleUrl>
			<Style id="inline">
				<IconStyle>
					<color>ffffffaa</color>
					<colorMode>normal</colorMode>
					<Icon>
						<href>http://maps.google.com/mapfiles/kml/pushpin/grn-pushpin.png</href>
					</Icon>
				</IconStyle>
				<LineStyle>
					<color>ffffffaa</color>
					<colorMode>normal</colorMode>
				</LineStyle>
				<PolyStyle>
					<color>ffffffaa</color>
					<colorMode>normal</colorMode>
				</PolyStyle>
			</Style>
			<ExtendedData>
				<SchemaData schemaUrl="#S_patok_heksa_MR_CPL_A_SSDD">
					<SimpleData name="KM">71+400</SimpleData>
					<SimpleData name="JALUR">A</SimpleData>
					<SimpleData name="X_edit">-6.45933</SimpleData>
					<SimpleData name="Y_edit">107.439</SimpleData>
				</SchemaData>
			</ExtendedData>
			<Point>
				<coordinates>107.438740190111,-6.459325913122537,0</coordinates>
			</Point>
		</Placemark>
		<Placemark>
			<name>71+600</name>
			<styleUrl>#pointStyleMap</styleUrl>
			<Style id="inline">
				<IconStyle>
					<color>ffffffaa</color>
					<colorMode>normal</colorMode>
					<Icon>
						<href>http://maps.google.com/mapfiles/kml/pushpin/grn-pushpin.png</href>
					</Icon>
				</IconStyle>
				<LineStyle>
					<color>ffffffaa</color>
					<colorMode>normal</colorMode>
				</LineStyle>
				<PolyStyle>
					<color>ffffffaa</color>
					<colorMode>normal</colorMode>
				</PolyStyle>
			</Style>
			<ExtendedData>
				<SchemaData schemaUrl="#S_patok_heksa_MR_CPL_A_SSDD">
					<SimpleData name="KM">71+600</SimpleData>
					<SimpleData name="JALUR">A</SimpleData>
					<SimpleData name="X_edit">-6.46062</SimpleData>
					<SimpleData name="Y_edit">107.44</SimpleData>
				</SchemaData>
			</ExtendedData>
			<Point>
				<coordinates>107.440029149282,-6.46062284673744,0</coordinates>
			</Point>
		</Placemark>
		<Placemark>
			<name>71+800</name>
			<styleUrl>#pointStyleMap</styleUrl>
			<Style id="inline">
				<IconStyle>
					<color>ffffffaa</color>
					<colorMode>normal</colorMode>
					<Icon>
						<href>http://maps.google.com/mapfiles/kml/pushpin/grn-pushpin.png</href>
					</Icon>
				</IconStyle>
				<LineStyle>
					<color>ffffffaa</color>
					<colorMode>normal</colorMode>
				</LineStyle>
				<PolyStyle>
					<color>ffffffaa</color>
					<colorMode>normal</colorMode>
				</PolyStyle>
			</Style>
			<ExtendedData>
				<SchemaData schemaUrl="#S_patok_heksa_MR_CPL_A_SSDD">
					<SimpleData name="KM">71+800</SimpleData>
					<SimpleData name="JALUR">A</SimpleData>
					<SimpleData name="X_edit">-6.46199</SimpleData>
					<SimpleData name="Y_edit">107.441</SimpleData>
				</SchemaData>
			</ExtendedData>
			<Point>
				<coordinates>107.441234592236,-6.461990715947601,0</coordinates>
			</Point>
		</Placemark>
		<Placemark>
			<name>72+0</name>
			<styleUrl>#pointStyleMap</styleUrl>
			<Style id="inline">
				<IconStyle>
					<color>ffffffaa</color>
					<colorMode>normal</colorMode>
					<Icon>
						<href>http://maps.google.com/mapfiles/kml/pushpin/grn-pushpin.png</href>
					</Icon>
				</IconStyle>
				<LineStyle>
					<color>ffffffaa</color>
					<colorMode>normal</colorMode>
				</LineStyle>
				<PolyStyle>
					<color>ffffffaa</color>
					<colorMode>normal</colorMode>
				</PolyStyle>
			</Style>
			<ExtendedData>
				<SchemaData schemaUrl="#S_patok_heksa_MR_CPL_A_SSDD">
					<SimpleData name="KM">72+0</SimpleData>
					<SimpleData name="JALUR">A</SimpleData>
					<SimpleData name="X_edit">-6.46343</SimpleData>
					<SimpleData name="Y_edit">107.442</SimpleData>
				</SchemaData>
			</ExtendedData>
			<Point>
				<coordinates>107.442344253316,-6.463427796901897,0</coordinates>
			</Point>
		</Placemark>
		<Placemark>
			<name>72+200</name>
			<styleUrl>#pointStyleMap</styleUrl>
			<Style id="inline">
				<IconStyle>
					<color>ffffffaa</color>
					<colorMode>normal</colorMode>
					<Icon>
						<href>http://maps.google.com/mapfiles/kml/pushpin/grn-pushpin.png</href>
					</Icon>
				</IconStyle>
				<LineStyle>
					<color>ffffffaa</color>
					<colorMode>normal</colorMode>
				</LineStyle>
				<PolyStyle>
					<color>ffffffaa</color>
					<colorMode>normal</colorMode>
				</PolyStyle>
			</Style>
			<ExtendedData>
				<SchemaData schemaUrl="#S_patok_heksa_MR_CPL_A_SSDD">
					<SimpleData name="KM">72+200</SimpleData>
					<SimpleData name="JALUR">A</SimpleData>
					<SimpleData name="X_edit">-6.46496</SimpleData>
					<SimpleData name="Y_edit">107.443</SimpleData>
				</SchemaData>
			</ExtendedData>
			<Point>
				<coordinates>107.443321704662,-6.464956874589765,0</coordinates>
			</Point>
		</Placemark>
		<Placemark>
			<name>72+400</name>
			<styleUrl>#pointStyleMap</styleUrl>
			<Style id="inline">
				<IconStyle>
					<color>ffffffaa</color>
					<colorMode>normal</colorMode>
					<Icon>
						<href>http://maps.google.com/mapfiles/kml/pushpin/grn-pushpin.png</href>
					</Icon>
				</IconStyle>
				<LineStyle>
					<color>ffffffaa</color>
					<colorMode>normal</colorMode>
				</LineStyle>
				<PolyStyle>
					<color>ffffffaa</color>
					<colorMode>normal</colorMode>
				</PolyStyle>
			</Style>
			<ExtendedData>
				<SchemaData schemaUrl="#S_patok_heksa_MR_CPL_A_SSDD">
					<SimpleData name="KM">72+400</SimpleData>
					<SimpleData name="JALUR">A</SimpleData>
					<SimpleData name="X_edit">-6.4665</SimpleData>
					<SimpleData name="Y_edit">107.444</SimpleData>
				</SchemaData>
			</ExtendedData>
			<Point>
				<coordinates>107.444241750696,-6.466504867969185,0</coordinates>
			</Point>
		</Placemark>
		<Placemark>
			<name>72+600</name>
			<styleUrl>#pointStyleMap</styleUrl>
			<Style id="inline">
				<IconStyle>
					<color>ffffffaa</color>
					<colorMode>normal</colorMode>
					<Icon>
						<href>http://maps.google.com/mapfiles/kml/pushpin/grn-pushpin.png</href>
					</Icon>
				</IconStyle>
				<LineStyle>
					<color>ffffffaa</color>
					<colorMode>normal</colorMode>
				</LineStyle>
				<PolyStyle>
					<color>ffffffaa</color>
					<colorMode>normal</colorMode>
				</PolyStyle>
			</Style>
			<ExtendedData>
				<SchemaData schemaUrl="#S_patok_heksa_MR_CPL_A_SSDD">
					<SimpleData name="KM">72+600</SimpleData>
					<SimpleData name="JALUR">A</SimpleData>
					<SimpleData name="X_edit">-6.46812</SimpleData>
					<SimpleData name="Y_edit">107.445</SimpleData>
				</SchemaData>
			</ExtendedData>
			<Point>
				<coordinates>107.445025876359,-6.468122025259984,0</coordinates>
			</Point>
		</Placemark>
		<Placemark>
			<name>72+800</name>
			<styleUrl>#pointStyleMap</styleUrl>
			<Style id="inline">
				<IconStyle>
					<color>ffffffaa</color>
					<colorMode>normal</colorMode>
					<Icon>
						<href>http://maps.google.com/mapfiles/kml/pushpin/grn-pushpin.png</href>
					</Icon>
				</IconStyle>
				<LineStyle>
					<color>ffffffaa</color>
					<colorMode>normal</colorMode>
				</LineStyle>
				<PolyStyle>
					<color>ffffffaa</color>
					<colorMode>normal</colorMode>
				</PolyStyle>
			</Style>
			<ExtendedData>
				<SchemaData schemaUrl="#S_patok_heksa_MR_CPL_A_SSDD">
					<SimpleData name="KM">72+800</SimpleData>
					<SimpleData name="JALUR">A</SimpleData>
					<SimpleData name="X_edit">-6.4698</SimpleData>
					<SimpleData name="Y_edit">107.446</SimpleData>
				</SchemaData>
			</ExtendedData>
			<Point>
				<coordinates>107.445710007518,-6.469799831042431,0</coordinates>
			</Point>
		</Placemark>
		<Placemark>
			<name>73+0</name>
			<styleUrl>#pointStyleMap</styleUrl>
			<Style id="inline">
				<IconStyle>
					<color>ffffffaa</color>
					<colorMode>normal</colorMode>
					<Icon>
						<href>http://maps.google.com/mapfiles/kml/pushpin/grn-pushpin.png</href>
					</Icon>
				</IconStyle>
				<LineStyle>
					<color>ffffffaa</color>
					<colorMode>normal</colorMode>
				</LineStyle>
				<PolyStyle>
					<color>ffffffaa</color>
					<colorMode>normal</colorMode>
				</PolyStyle>
			</Style>
			<ExtendedData>
				<SchemaData schemaUrl="#S_patok_heksa_MR_CPL_A_SSDD">
					<SimpleData name="KM">73+0</SimpleData>
					<SimpleData name="JALUR">A</SimpleData>
					<SimpleData name="X_edit">-6.4715</SimpleData>
					<SimpleData name="Y_edit">107.446</SimpleData>
				</SchemaData>
			</ExtendedData>
			<Point>
				<coordinates>107.446288600139,-6.471504645211786,0</coordinates>
			</Point>
		</Placemark>
		<Placemark>
			<name>73+200</name>
			<styleUrl>#pointStyleMap</styleUrl>
			<Style id="inline">
				<IconStyle>
					<color>ffffffaa</color>
					<colorMode>normal</colorMode>
					<Icon>
						<href>http://maps.google.com/mapfiles/kml/pushpin/grn-pushpin.png</href>
					</Icon>
				</IconStyle>
				<LineStyle>
					<color>ffffffaa</color>
					<colorMode>normal</colorMode>
				</LineStyle>
				<PolyStyle>
					<color>ffffffaa</color>
					<colorMode>normal</colorMode>
				</PolyStyle>
			</Style>
			<ExtendedData>
				<SchemaData schemaUrl="#S_patok_heksa_MR_CPL_A_SSDD">
					<SimpleData name="KM">73+200</SimpleData>
					<SimpleData name="JALUR">A</SimpleData>
					<SimpleData name="X_edit">-6.47324</SimpleData>
					<SimpleData name="Y_edit">107.447</SimpleData>
				</SchemaData>
			</ExtendedData>
			<Point>
				<coordinates>107.446751431285,-6.473243373785524,0</coordinates>
			</Point>
		</Placemark>
		<Placemark>
			<name>73+400</name>
			<styleUrl>#pointStyleMap</styleUrl>
			<Style id="inline">
				<IconStyle>
					<color>ffffffaa</color>
					<colorMode>normal</colorMode>
					<Icon>
						<href>http://maps.google.com/mapfiles/kml/pushpin/grn-pushpin.png</href>
					</Icon>
				</IconStyle>
				<LineStyle>
					<color>ffffffaa</color>
					<colorMode>normal</colorMode>
				</LineStyle>
				<PolyStyle>
					<color>ffffffaa</color>
					<colorMode>normal</colorMode>
				</PolyStyle>
			</Style>
			<ExtendedData>
				<SchemaData schemaUrl="#S_patok_heksa_MR_CPL_A_SSDD">
					<SimpleData name="KM">73+400</SimpleData>
					<SimpleData name="JALUR">A</SimpleData>
					<SimpleData name="X_edit">-6.47507</SimpleData>
					<SimpleData name="Y_edit">107.447</SimpleData>
				</SchemaData>
			</ExtendedData>
			<Point>
				<coordinates>107.447103260983,-6.475065532231074,0</coordinates>
			</Point>
		</Placemark>
		<Placemark>
			<name>73+600</name>
			<styleUrl>#pointStyleMap</styleUrl>
			<Style id="inline">
				<IconStyle>
					<color>ffffffaa</color>
					<colorMode>normal</colorMode>
					<Icon>
						<href>http://maps.google.com/mapfiles/kml/pushpin/grn-pushpin.png</href>
					</Icon>
				</IconStyle>
				<LineStyle>
					<color>ffffffaa</color>
					<colorMode>normal</colorMode>
				</LineStyle>
				<PolyStyle>
					<color>ffffffaa</color>
					<colorMode>normal</colorMode>
				</PolyStyle>
			</Style>
			<ExtendedData>
				<SchemaData schemaUrl="#S_patok_heksa_MR_CPL_A_SSDD">
					<SimpleData name="KM">73+600</SimpleData>
					<SimpleData name="JALUR">A</SimpleData>
					<SimpleData name="X_edit">-6.47688</SimpleData>
					<SimpleData name="Y_edit">107.447</SimpleData>
				</SchemaData>
			</ExtendedData>
			<Point>
				<coordinates>107.44731172657,-6.476878977547747,0</coordinates>
			</Point>
		</Placemark>
		<Placemark>
			<name>73+800</name>
			<styleUrl>#pointStyleMap</styleUrl>
			<Style id="inline">
				<IconStyle>
					<color>ffffffaa</color>
					<colorMode>normal</colorMode>
					<Icon>
						<href>http://maps.google.com/mapfiles/kml/pushpin/grn-pushpin.png</href>
					</Icon>
				</IconStyle>
				<LineStyle>
					<color>ffffffaa</color>
					<colorMode>normal</colorMode>
				</LineStyle>
				<PolyStyle>
					<color>ffffffaa</color>
					<colorMode>normal</colorMode>
				</PolyStyle>
			</Style>
			<ExtendedData>
				<SchemaData schemaUrl="#S_patok_heksa_MR_CPL_A_SSDD">
					<SimpleData name="KM">73+800</SimpleData>
					<SimpleData name="JALUR">A</SimpleData>
					<SimpleData name="X_edit">-6.47872</SimpleData>
					<SimpleData name="Y_edit">107.447</SimpleData>
				</SchemaData>
			</ExtendedData>
			<Point>
				<coordinates>107.447394581903,-6.478716770788415,0</coordinates>
			</Point>
		</Placemark>
		<Placemark>
			<name>74+0</name>
			<styleUrl>#pointStyleMap</styleUrl>
			<Style id="inline">
				<IconStyle>
					<color>ffffffaa</color>
					<colorMode>normal</colorMode>
					<Icon>
						<href>http://maps.google.com/mapfiles/kml/pushpin/grn-pushpin.png</href>
					</Icon>
				</IconStyle>
				<LineStyle>
					<color>ffffffaa</color>
					<colorMode>normal</colorMode>
				</LineStyle>
				<PolyStyle>
					<color>ffffffaa</color>
					<colorMode>normal</colorMode>
				</PolyStyle>
			</Style>
			<ExtendedData>
				<SchemaData schemaUrl="#S_patok_heksa_MR_CPL_A_SSDD">
					<SimpleData name="KM">74+0</SimpleData>
					<SimpleData name="JALUR">A</SimpleData>
					<SimpleData name="X_edit">-6.48056</SimpleData>
					<SimpleData name="Y_edit">107.447</SimpleData>
				</SchemaData>
			</ExtendedData>
			<Point>
				<coordinates>107.447378126141,-6.480555987301184,0</coordinates>
			</Point>
		</Placemark>
		<Placemark>
			<name>74+200</name>
			<styleUrl>#pointStyleMap</styleUrl>
			<Style id="inline">
				<IconStyle>
					<color>ffffffaa</color>
					<colorMode>normal</colorMode>
					<Icon>
						<href>http://maps.google.com/mapfiles/kml/pushpin/grn-pushpin.png</href>
					</Icon>
				</IconStyle>
				<LineStyle>
					<color>ffffffaa</color>
					<colorMode>normal</colorMode>
				</LineStyle>
				<PolyStyle>
					<color>ffffffaa</color>
					<colorMode>normal</colorMode>
				</PolyStyle>
			</Style>
			<ExtendedData>
				<SchemaData schemaUrl="#S_patok_heksa_MR_CPL_A_SSDD">
					<SimpleData name="KM">74+200</SimpleData>
					<SimpleData name="JALUR">A</SimpleData>
					<SimpleData name="X_edit">-6.48236</SimpleData>
					<SimpleData name="Y_edit">107.447</SimpleData>
				</SchemaData>
			</ExtendedData>
			<Point>
				<coordinates>107.447251733999,-6.482362001598716,0</coordinates>
			</Point>
		</Placemark>
		<Placemark>
			<name>74+400</name>
			<styleUrl>#pointStyleMap</styleUrl>
			<Style id="inline">
				<IconStyle>
					<color>ffffffaa</color>
					<colorMode>normal</colorMode>
					<Icon>
						<href>http://maps.google.com/mapfiles/kml/pushpin/grn-pushpin.png</href>
					</Icon>
				</IconStyle>
				<LineStyle>
					<color>ffffffaa</color>
					<colorMode>normal</colorMode>
				</LineStyle>
				<PolyStyle>
					<color>ffffffaa</color>
					<colorMode>normal</colorMode>
				</PolyStyle>
			</Style>
			<ExtendedData>
				<SchemaData schemaUrl="#S_patok_heksa_MR_CPL_A_SSDD">
					<SimpleData name="KM">74+400</SimpleData>
					<SimpleData name="JALUR">A</SimpleData>
					<SimpleData name="X_edit">-6.48415</SimpleData>
					<SimpleData name="Y_edit">107.447</SimpleData>
				</SchemaData>
			</ExtendedData>
			<Point>
				<coordinates>107.446983885736,-6.484149132387751,0</coordinates>
			</Point>
		</Placemark>
		<Placemark>
			<name>74+600</name>
			<styleUrl>#pointStyleMap</styleUrl>
			<Style id="inline">
				<IconStyle>
					<color>ffffffaa</color>
					<colorMode>normal</colorMode>
					<Icon>
						<href>http://maps.google.com/mapfiles/kml/pushpin/grn-pushpin.png</href>
					</Icon>
				</IconStyle>
				<LineStyle>
					<color>ffffffaa</color>
					<colorMode>normal</colorMode>
				</LineStyle>
				<PolyStyle>
					<color>ffffffaa</color>
					<colorMode>normal</colorMode>
				</PolyStyle>
			</Style>
			<ExtendedData>
				<SchemaData schemaUrl="#S_patok_heksa_MR_CPL_A_SSDD">
					<SimpleData name="KM">74+600</SimpleData>
					<SimpleData name="JALUR">A</SimpleData>
					<SimpleData name="X_edit">-6.48586</SimpleData>
					<SimpleData name="Y_edit">107.446</SimpleData>
				</SchemaData>
			</ExtendedData>
			<Point>
				<coordinates>107.446413321263,-6.485862613127786,0</coordinates>
			</Point>
		</Placemark>
		<Placemark>
			<name>74+800</name>
			<styleUrl>#pointStyleMap</styleUrl>
			<Style id="inline">
				<IconStyle>
					<color>ffffffaa</color>
					<colorMode>normal</colorMode>
					<Icon>
						<href>http://maps.google.com/mapfiles/kml/pushpin/grn-pushpin.png</href>
					</Icon>
				</IconStyle>
				<LineStyle>
					<color>ffffffaa</color>
					<colorMode>normal</colorMode>
				</LineStyle>
				<PolyStyle>
					<color>ffffffaa</color>
					<colorMode>normal</colorMode>
				</PolyStyle>
			</Style>
			<ExtendedData>
				<SchemaData schemaUrl="#S_patok_heksa_MR_CPL_A_SSDD">
					<SimpleData name="KM">74+800</SimpleData>
					<SimpleData name="JALUR">A</SimpleData>
					<SimpleData name="X_edit">-6.48751</SimpleData>
					<SimpleData name="Y_edit">107.446</SimpleData>
				</SchemaData>
			</ExtendedData>
			<Point>
				<coordinates>107.445673694507,-6.487507836188033,0</coordinates>
			</Point>
		</Placemark>
		<Placemark>
			<name>75+0</name>
			<styleUrl>#pointStyleMap</styleUrl>
			<Style id="inline">
				<IconStyle>
					<color>ffffffaa</color>
					<colorMode>normal</colorMode>
					<Icon>
						<href>http://maps.google.com/mapfiles/kml/pushpin/grn-pushpin.png</href>
					</Icon>
				</IconStyle>
				<LineStyle>
					<color>ffffffaa</color>
					<colorMode>normal</colorMode>
				</LineStyle>
				<PolyStyle>
					<color>ffffffaa</color>
					<colorMode>normal</colorMode>
				</PolyStyle>
			</Style>
			<ExtendedData>
				<SchemaData schemaUrl="#S_patok_heksa_MR_CPL_A_SSDD">
					<SimpleData name="KM">75+0</SimpleData>
					<SimpleData name="JALUR">A</SimpleData>
					<SimpleData name="X_edit">-6.48922</SimpleData>
					<SimpleData name="Y_edit">107.445</SimpleData>
				</SchemaData>
			</ExtendedData>
			<Point>
				<coordinates>107.445129994389,-6.48921584739754,0</coordinates>
			</Point>
		</Placemark>
		<Placemark>
			<name>75+200</name>
			<styleUrl>#pointStyleMap</styleUrl>
			<Style id="inline">
				<IconStyle>
					<color>ffffffaa</color>
					<colorMode>normal</colorMode>
					<Icon>
						<href>http://maps.google.com/mapfiles/kml/pushpin/grn-pushpin.png</href>
					</Icon>
				</IconStyle>
				<LineStyle>
					<color>ffffffaa</color>
					<colorMode>normal</colorMode>
				</LineStyle>
				<PolyStyle>
					<color>ffffffaa</color>
					<colorMode>normal</colorMode>
				</PolyStyle>
			</Style>
			<ExtendedData>
				<SchemaData schemaUrl="#S_patok_heksa_MR_CPL_A_SSDD">
					<SimpleData name="KM">75+200</SimpleData>
					<SimpleData name="JALUR">A</SimpleData>
					<SimpleData name="X_edit">-6.49099</SimpleData>
					<SimpleData name="Y_edit">107.445</SimpleData>
				</SchemaData>
			</ExtendedData>
			<Point>
				<coordinates>107.444777458533,-6.490987969651321,0</coordinates>
			</Point>
		</Placemark>
		<Placemark>
			<name>75+400</name>
			<styleUrl>#pointStyleMap</styleUrl>
			<Style id="inline">
				<IconStyle>
					<color>ffffffaa</color>
					<colorMode>normal</colorMode>
					<Icon>
						<href>http://maps.google.com/mapfiles/kml/pushpin/grn-pushpin.png</href>
					</Icon>
				</IconStyle>
				<LineStyle>
					<color>ffffffaa</color>
					<colorMode>normal</colorMode>
				</LineStyle>
				<PolyStyle>
					<color>ffffffaa</color>
					<colorMode>normal</colorMode>
				</PolyStyle>
			</Style>
			<ExtendedData>
				<SchemaData schemaUrl="#S_patok_heksa_MR_CPL_A_SSDD">
					<SimpleData name="KM">75+400</SimpleData>
					<SimpleData name="JALUR">A</SimpleData>
					<SimpleData name="X_edit">-6.49278</SimpleData>
					<SimpleData name="Y_edit">107.444</SimpleData>
				</SchemaData>
			</ExtendedData>
			<Point>
				<coordinates>107.444460070592,-6.492780604648905,0</coordinates>
			</Point>
		</Placemark>
		<Placemark>
			<name>75+600</name>
			<styleUrl>#pointStyleMap</styleUrl>
			<Style id="inline">
				<IconStyle>
					<color>ffffffaa</color>
					<colorMode>normal</colorMode>
					<Icon>
						<href>http://maps.google.com/mapfiles/kml/pushpin/grn-pushpin.png</href>
					</Icon>
				</IconStyle>
				<LineStyle>
					<color>ffffffaa</color>
					<colorMode>normal</colorMode>
				</LineStyle>
				<PolyStyle>
					<color>ffffffaa</color>
					<colorMode>normal</colorMode>
				</PolyStyle>
			</Style>
			<ExtendedData>
				<SchemaData schemaUrl="#S_patok_heksa_MR_CPL_A_SSDD">
					<SimpleData name="KM">75+600</SimpleData>
					<SimpleData name="JALUR">A</SimpleData>
					<SimpleData name="X_edit">-6.49455</SimpleData>
					<SimpleData name="Y_edit">107.444</SimpleData>
				</SchemaData>
			</ExtendedData>
			<Point>
				<coordinates>107.444011306182,-6.494545012212718,0</coordinates>
			</Point>
		</Placemark>
		<Placemark>
			<name>75+800</name>
			<styleUrl>#pointStyleMap</styleUrl>
			<Style id="inline">
				<IconStyle>
					<color>ffffffaa</color>
					<colorMode>normal</colorMode>
					<Icon>
						<href>http://maps.google.com/mapfiles/kml/pushpin/grn-pushpin.png</href>
					</Icon>
				</IconStyle>
				<LineStyle>
					<color>ffffffaa</color>
					<colorMode>normal</colorMode>
				</LineStyle>
				<PolyStyle>
					<color>ffffffaa</color>
					<colorMode>normal</colorMode>
				</PolyStyle>
			</Style>
			<ExtendedData>
				<SchemaData schemaUrl="#S_patok_heksa_MR_CPL_A_SSDD">
					<SimpleData name="KM">75+800</SimpleData>
					<SimpleData name="JALUR">A</SimpleData>
					<SimpleData name="X_edit">-6.49621</SimpleData>
					<SimpleData name="Y_edit">107.443</SimpleData>
				</SchemaData>
			</ExtendedData>
			<Point>
				<coordinates>107.443187508824,-6.496213940134479,0</coordinates>
			</Point>
		</Placemark>
		<Placemark>
			<name>76+0</name>
			<styleUrl>#pointStyleMap</styleUrl>
			<Style id="inline">
				<IconStyle>
					<color>ffffffaa</color>
					<colorMode>normal</colorMode>
					<Icon>
						<href>http://maps.google.com/mapfiles/kml/pushpin/grn-pushpin.png</href>
					</Icon>
				</IconStyle>
				<LineStyle>
					<color>ffffffaa</color>
					<colorMode>normal</colorMode>
				</LineStyle>
				<PolyStyle>
					<color>ffffffaa</color>
					<colorMode>normal</colorMode>
				</PolyStyle>
			</Style>
			<ExtendedData>
				<SchemaData schemaUrl="#S_patok_heksa_MR_CPL_A_SSDD">
					<SimpleData name="KM">76+0</SimpleData>
					<SimpleData name="JALUR">A</SimpleData>
					<SimpleData name="X_edit">-6.49773</SimpleData>
					<SimpleData name="Y_edit">107.442</SimpleData>
				</SchemaData>
			</ExtendedData>
			<Point>
				<coordinates>107.442086919722,-6.497725967341418,0</coordinates>
			</Point>
		</Placemark>
		<Placemark>
			<name>76+200</name>
			<styleUrl>#pointStyleMap</styleUrl>
			<Style id="inline">
				<IconStyle>
					<color>ffffffaa</color>
					<colorMode>normal</colorMode>
					<Icon>
						<href>http://maps.google.com/mapfiles/kml/pushpin/grn-pushpin.png</href>
					</Icon>
				</IconStyle>
				<LineStyle>
					<color>ffffffaa</color>
					<colorMode>normal</colorMode>
				</LineStyle>
				<PolyStyle>
					<color>ffffffaa</color>
					<colorMode>normal</colorMode>
				</PolyStyle>
			</Style>
			<ExtendedData>
				<SchemaData schemaUrl="#S_patok_heksa_MR_CPL_A_SSDD">
					<SimpleData name="KM">76+200</SimpleData>
					<SimpleData name="JALUR">A</SimpleData>
					<SimpleData name="X_edit">-6.49926</SimpleData>
					<SimpleData name="Y_edit">107.441</SimpleData>
				</SchemaData>
			</ExtendedData>
			<Point>
				<coordinates>107.44107940737,-6.499264730871355,0</coordinates>
			</Point>
		</Placemark>
		<Placemark>
			<name>76+400</name>
			<styleUrl>#pointStyleMap</styleUrl>
			<Style id="inline">
				<IconStyle>
					<color>ffffffaa</color>
					<colorMode>normal</colorMode>
					<Icon>
						<href>http://maps.google.com/mapfiles/kml/pushpin/grn-pushpin.png</href>
					</Icon>
				</IconStyle>
				<LineStyle>
					<color>ffffffaa</color>
					<colorMode>normal</colorMode>
				</LineStyle>
				<PolyStyle>
					<color>ffffffaa</color>
					<colorMode>normal</colorMode>
				</PolyStyle>
			</Style>
			<ExtendedData>
				<SchemaData schemaUrl="#S_patok_heksa_MR_CPL_A_SSDD">
					<SimpleData name="KM">76+400</SimpleData>
					<SimpleData name="JALUR">A</SimpleData>
					<SimpleData name="X_edit">-6.5009</SimpleData>
					<SimpleData name="Y_edit">107.44</SimpleData>
				</SchemaData>
			</ExtendedData>
			<Point>
				<coordinates>107.440152919651,-6.500898985948201,0</coordinates>
			</Point>
		</Placemark>
		<Placemark>
			<name>76+600</name>
			<styleUrl>#pointStyleMap</styleUrl>
			<Style id="inline">
				<IconStyle>
					<color>ffffffaa</color>
					<colorMode>normal</colorMode>
					<Icon>
						<href>http://maps.google.com/mapfiles/kml/pushpin/grn-pushpin.png</href>
					</Icon>
				</IconStyle>
				<LineStyle>
					<color>ffffffaa</color>
					<colorMode>normal</colorMode>
				</LineStyle>
				<PolyStyle>
					<color>ffffffaa</color>
					<colorMode>normal</colorMode>
				</PolyStyle>
			</Style>
			<ExtendedData>
				<SchemaData schemaUrl="#S_patok_heksa_MR_CPL_A_SSDD">
					<SimpleData name="KM">76+600</SimpleData>
					<SimpleData name="JALUR">A</SimpleData>
					<SimpleData name="X_edit">-6.50264</SimpleData>
					<SimpleData name="Y_edit">107.44</SimpleData>
				</SchemaData>
			</ExtendedData>
			<Point>
				<coordinates>107.439657307755,-6.502640250974727,0</coordinates>
			</Point>
		</Placemark>
		<Placemark>
			<name>76+800</name>
			<styleUrl>#pointStyleMap</styleUrl>
			<Style id="inline">
				<IconStyle>
					<color>ffffffaa</color>
					<colorMode>normal</colorMode>
					<Icon>
						<href>http://maps.google.com/mapfiles/kml/pushpin/grn-pushpin.png</href>
					</Icon>
				</IconStyle>
				<LineStyle>
					<color>ffffffaa</color>
					<colorMode>normal</colorMode>
				</LineStyle>
				<PolyStyle>
					<color>ffffffaa</color>
					<colorMode>normal</colorMode>
				</PolyStyle>
			</Style>
			<ExtendedData>
				<SchemaData schemaUrl="#S_patok_heksa_MR_CPL_A_SSDD">
					<SimpleData name="KM">76+800</SimpleData>
					<SimpleData name="JALUR">A</SimpleData>
					<SimpleData name="X_edit">-6.50446</SimpleData>
					<SimpleData name="Y_edit">107.439</SimpleData>
				</SchemaData>
			</ExtendedData>
			<Point>
				<coordinates>107.439410903814,-6.504456602685385,0</coordinates>
			</Point>
		</Placemark>
		<Placemark>
			<name>77+0</name>
			<styleUrl>#pointStyleMap</styleUrl>
			<Style id="inline">
				<IconStyle>
					<color>ffffffaa</color>
					<colorMode>normal</colorMode>
					<Icon>
						<href>http://maps.google.com/mapfiles/kml/pushpin/grn-pushpin.png</href>
					</Icon>
				</IconStyle>
				<LineStyle>
					<color>ffffffaa</color>
					<colorMode>normal</colorMode>
				</LineStyle>
				<PolyStyle>
					<color>ffffffaa</color>
					<colorMode>normal</colorMode>
				</PolyStyle>
			</Style>
			<ExtendedData>
				<SchemaData schemaUrl="#S_patok_heksa_MR_CPL_A_SSDD">
					<SimpleData name="KM">77+0</SimpleData>
					<SimpleData name="JALUR">A</SimpleData>
					<SimpleData name="X_edit">-6.50627</SimpleData>
					<SimpleData name="Y_edit">107.439</SimpleData>
				</SchemaData>
			</ExtendedData>
			<Point>
				<coordinates>107.439179471085,-6.50627017543558,0</coordinates>
			</Point>
		</Placemark>
		<Placemark>
			<name>77+200</name>
			<styleUrl>#pointStyleMap</styleUrl>
			<Style id="inline">
				<IconStyle>
					<color>ffffffaa</color>
					<colorMode>normal</colorMode>
					<Icon>
						<href>http://maps.google.com/mapfiles/kml/pushpin/grn-pushpin.png</href>
					</Icon>
				</IconStyle>
				<LineStyle>
					<color>ffffffaa</color>
					<colorMode>normal</colorMode>
				</LineStyle>
				<PolyStyle>
					<color>ffffffaa</color>
					<colorMode>normal</colorMode>
				</PolyStyle>
			</Style>
			<ExtendedData>
				<SchemaData schemaUrl="#S_patok_heksa_MR_CPL_A_SSDD">
					<SimpleData name="KM">77+200</SimpleData>
					<SimpleData name="JALUR">A</SimpleData>
					<SimpleData name="X_edit">-6.50802</SimpleData>
					<SimpleData name="Y_edit">107.439</SimpleData>
				</SchemaData>
			</ExtendedData>
			<Point>
				<coordinates>107.438627610632,-6.508018243491447,0</coordinates>
			</Point>
		</Placemark>
		<Placemark>
			<name>77+400</name>
			<styleUrl>#pointStyleMap</styleUrl>
			<Style id="inline">
				<IconStyle>
					<color>ffffffaa</color>
					<colorMode>normal</colorMode>
					<Icon>
						<href>http://maps.google.com/mapfiles/kml/pushpin/grn-pushpin.png</href>
					</Icon>
				</IconStyle>
				<LineStyle>
					<color>ffffffaa</color>
					<colorMode>normal</colorMode>
				</LineStyle>
				<PolyStyle>
					<color>ffffffaa</color>
					<colorMode>normal</colorMode>
				</PolyStyle>
			</Style>
			<ExtendedData>
				<SchemaData schemaUrl="#S_patok_heksa_MR_CPL_A_SSDD">
					<SimpleData name="KM">77+400</SimpleData>
					<SimpleData name="JALUR">A</SimpleData>
					<SimpleData name="X_edit">-6.5096</SimpleData>
					<SimpleData name="Y_edit">107.438</SimpleData>
				</SchemaData>
			</ExtendedData>
			<Point>
				<coordinates>107.437769590943,-6.50960357338149,0</coordinates>
			</Point>
		</Placemark>
		<Placemark>
			<name>77+600</name>
			<styleUrl>#pointStyleMap</styleUrl>
			<Style id="inline">
				<IconStyle>
					<color>ffffffaa</color>
					<colorMode>normal</colorMode>
					<Icon>
						<href>http://maps.google.com/mapfiles/kml/pushpin/grn-pushpin.png</href>
					</Icon>
				</IconStyle>
				<LineStyle>
					<color>ffffffaa</color>
					<colorMode>normal</colorMode>
				</LineStyle>
				<PolyStyle>
					<color>ffffffaa</color>
					<colorMode>normal</colorMode>
				</PolyStyle>
			</Style>
			<ExtendedData>
				<SchemaData schemaUrl="#S_patok_heksa_MR_CPL_A_SSDD">
					<SimpleData name="KM">77+600</SimpleData>
					<SimpleData name="JALUR">A</SimpleData>
					<SimpleData name="X_edit">-6.51121</SimpleData>
					<SimpleData name="Y_edit">107.437</SimpleData>
				</SchemaData>
			</ExtendedData>
			<Point>
				<coordinates>107.436950352942,-6.511206297159084,0</coordinates>
			</Point>
		</Placemark>
		<Placemark>
			<name>77+800</name>
			<styleUrl>#pointStyleMap</styleUrl>
			<Style id="inline">
				<IconStyle>
					<color>ffffffaa</color>
					<colorMode>normal</colorMode>
					<Icon>
						<href>http://maps.google.com/mapfiles/kml/pushpin/grn-pushpin.png</href>
					</Icon>
				</IconStyle>
				<LineStyle>
					<color>ffffffaa</color>
					<colorMode>normal</colorMode>
				</LineStyle>
				<PolyStyle>
					<color>ffffffaa</color>
					<colorMode>normal</colorMode>
				</PolyStyle>
			</Style>
			<ExtendedData>
				<SchemaData schemaUrl="#S_patok_heksa_MR_CPL_A_SSDD">
					<SimpleData name="KM">77+800</SimpleData>
					<SimpleData name="JALUR">A</SimpleData>
					<SimpleData name="X_edit">-6.51294</SimpleData>
					<SimpleData name="Y_edit">107.436</SimpleData>
				</SchemaData>
			</ExtendedData>
			<Point>
				<coordinates>107.436456015461,-6.512937110073775,0</coordinates>
			</Point>
		</Placemark>
		<Placemark>
			<name>78+0</name>
			<styleUrl>#pointStyleMap</styleUrl>
			<Style id="inline">
				<IconStyle>
					<color>ffffffaa</color>
					<colorMode>normal</colorMode>
					<Icon>
						<href>http://maps.google.com/mapfiles/kml/pushpin/grn-pushpin.png</href>
					</Icon>
				</IconStyle>
				<LineStyle>
					<color>ffffffaa</color>
					<colorMode>normal</colorMode>
				</LineStyle>
				<PolyStyle>
					<color>ffffffaa</color>
					<colorMode>normal</colorMode>
				</PolyStyle>
			</Style>
			<ExtendedData>
				<SchemaData schemaUrl="#S_patok_heksa_MR_CPL_A_SSDD">
					<SimpleData name="KM">78+0</SimpleData>
					<SimpleData name="JALUR">A</SimpleData>
					<SimpleData name="X_edit">-6.51472</SimpleData>
					<SimpleData name="Y_edit">107.436</SimpleData>
				</SchemaData>
			</ExtendedData>
			<Point>
				<coordinates>107.436284204404,-6.514724413528093,0</coordinates>
			</Point>
		</Placemark>
		<Placemark>
			<name>78+200</name>
			<styleUrl>#pointStyleMap</styleUrl>
			<Style id="inline">
				<IconStyle>
					<color>ffffffaa</color>
					<colorMode>normal</colorMode>
					<Icon>
						<href>http://maps.google.com/mapfiles/kml/pushpin/grn-pushpin.png</href>
					</Icon>
				</IconStyle>
				<LineStyle>
					<color>ffffffaa</color>
					<colorMode>normal</colorMode>
				</LineStyle>
				<PolyStyle>
					<color>ffffffaa</color>
					<colorMode>normal</colorMode>
				</PolyStyle>
			</Style>
			<ExtendedData>
				<SchemaData schemaUrl="#S_patok_heksa_MR_CPL_A_SSDD">
					<SimpleData name="KM">78+200</SimpleData>
					<SimpleData name="JALUR">A</SimpleData>
					<SimpleData name="X_edit">-6.51652</SimpleData>
					<SimpleData name="Y_edit">107.436</SimpleData>
				</SchemaData>
			</ExtendedData>
			<Point>
				<coordinates>107.436326916815,-6.516521602370098,0</coordinates>
			</Point>
		</Placemark>
		<Placemark>
			<name>78+400</name>
			<styleUrl>#pointStyleMap</styleUrl>
			<Style id="inline">
				<IconStyle>
					<color>ffffffaa</color>
					<colorMode>normal</colorMode>
					<Icon>
						<href>http://maps.google.com/mapfiles/kml/pushpin/grn-pushpin.png</href>
					</Icon>
				</IconStyle>
				<LineStyle>
					<color>ffffffaa</color>
					<colorMode>normal</colorMode>
				</LineStyle>
				<PolyStyle>
					<color>ffffffaa</color>
					<colorMode>normal</colorMode>
				</PolyStyle>
			</Style>
			<ExtendedData>
				<SchemaData schemaUrl="#S_patok_heksa_MR_CPL_A_SSDD">
					<SimpleData name="KM">78+400</SimpleData>
					<SimpleData name="JALUR">A</SimpleData>
					<SimpleData name="X_edit">-6.51831</SimpleData>
					<SimpleData name="Y_edit">107.436</SimpleData>
				</SchemaData>
			</ExtendedData>
			<Point>
				<coordinates>107.436110322123,-6.518307213790083,0</coordinates>
			</Point>
		</Placemark>
		<Placemark>
			<name>78+600</name>
			<styleUrl>#pointStyleMap</styleUrl>
			<Style id="inline">
				<IconStyle>
					<color>ffffffaa</color>
					<colorMode>normal</colorMode>
					<Icon>
						<href>http://maps.google.com/mapfiles/kml/pushpin/grn-pushpin.png</href>
					</Icon>
				</IconStyle>
				<LineStyle>
					<color>ffffffaa</color>
					<colorMode>normal</colorMode>
				</LineStyle>
				<PolyStyle>
					<color>ffffffaa</color>
					<colorMode>normal</colorMode>
				</PolyStyle>
			</Style>
			<ExtendedData>
				<SchemaData schemaUrl="#S_patok_heksa_MR_CPL_A_SSDD">
					<SimpleData name="KM">78+600</SimpleData>
					<SimpleData name="JALUR">A</SimpleData>
					<SimpleData name="X_edit">-6.52005</SimpleData>
					<SimpleData name="Y_edit">107.436</SimpleData>
				</SchemaData>
			</ExtendedData>
			<Point>
				<coordinates>107.435604931874,-6.520052556263749,0</coordinates>
			</Point>
		</Placemark>
		<Placemark>
			<name>78+800</name>
			<styleUrl>#pointStyleMap</styleUrl>
			<Style id="inline">
				<IconStyle>
					<color>ffffffaa</color>
					<colorMode>normal</colorMode>
					<Icon>
						<href>http://maps.google.com/mapfiles/kml/pushpin/grn-pushpin.png</href>
					</Icon>
				</IconStyle>
				<LineStyle>
					<color>ffffffaa</color>
					<colorMode>normal</colorMode>
				</LineStyle>
				<PolyStyle>
					<color>ffffffaa</color>
					<colorMode>normal</colorMode>
				</PolyStyle>
			</Style>
			<ExtendedData>
				<SchemaData schemaUrl="#S_patok_heksa_MR_CPL_A_SSDD">
					<SimpleData name="KM">78+800</SimpleData>
					<SimpleData name="JALUR">A</SimpleData>
					<SimpleData name="X_edit">-6.52173</SimpleData>
					<SimpleData name="Y_edit">107.435</SimpleData>
				</SchemaData>
			</ExtendedData>
			<Point>
				<coordinates>107.434817110742,-6.521726672339816,0</coordinates>
			</Point>
		</Placemark>
		<Placemark>
			<name>79+0</name>
			<styleUrl>#pointStyleMap</styleUrl>
			<Style id="inline">
				<IconStyle>
					<color>ffffffaa</color>
					<colorMode>normal</colorMode>
					<Icon>
						<href>http://maps.google.com/mapfiles/kml/pushpin/grn-pushpin.png</href>
					</Icon>
				</IconStyle>
				<LineStyle>
					<color>ffffffaa</color>
					<colorMode>normal</colorMode>
				</LineStyle>
				<PolyStyle>
					<color>ffffffaa</color>
					<colorMode>normal</colorMode>
				</PolyStyle>
			</Style>
			<ExtendedData>
				<SchemaData schemaUrl="#S_patok_heksa_MR_CPL_A_SSDD">
					<SimpleData name="KM">79+0</SimpleData>
					<SimpleData name="JALUR">A</SimpleData>
					<SimpleData name="X_edit">-6.52328</SimpleData>
					<SimpleData name="Y_edit">107.434</SimpleData>
				</SchemaData>
			</ExtendedData>
			<Point>
				<coordinates>107.433901431873,-6.523282353964637,0</coordinates>
			</Point>
		</Placemark>
		<Placemark>
			<name>79+200</name>
			<styleUrl>#pointStyleMap</styleUrl>
			<Style id="inline">
				<IconStyle>
					<color>ffffffaa</color>
					<colorMode>normal</colorMode>
					<Icon>
						<href>http://maps.google.com/mapfiles/kml/pushpin/grn-pushpin.png</href>
					</Icon>
				</IconStyle>
				<LineStyle>
					<color>ffffffaa</color>
					<colorMode>normal</colorMode>
				</LineStyle>
				<PolyStyle>
					<color>ffffffaa</color>
					<colorMode>normal</colorMode>
				</PolyStyle>
			</Style>
			<ExtendedData>
				<SchemaData schemaUrl="#S_patok_heksa_MR_CPL_A_SSDD">
					<SimpleData name="KM">79+200</SimpleData>
					<SimpleData name="JALUR">A</SimpleData>
					<SimpleData name="X_edit">-6.52494</SimpleData>
					<SimpleData name="Y_edit">107.433</SimpleData>
				</SchemaData>
			</ExtendedData>
			<Point>
				<coordinates>107.433194500271,-6.52493898717279,0</coordinates>
			</Point>
		</Placemark>
		<Placemark>
			<name>79+400</name>
			<styleUrl>#pointStyleMap</styleUrl>
			<Style id="inline">
				<IconStyle>
					<color>ffffffaa</color>
					<colorMode>normal</colorMode>
					<Icon>
						<href>http://maps.google.com/mapfiles/kml/pushpin/grn-pushpin.png</href>
					</Icon>
				</IconStyle>
				<LineStyle>
					<color>ffffffaa</color>
					<colorMode>normal</colorMode>
				</LineStyle>
				<PolyStyle>
					<color>ffffffaa</color>
					<colorMode>normal</colorMode>
				</PolyStyle>
			</Style>
			<ExtendedData>
				<SchemaData schemaUrl="#S_patok_heksa_MR_CPL_A_SSDD">
					<SimpleData name="KM">79+400</SimpleData>
					<SimpleData name="JALUR">A</SimpleData>
					<SimpleData name="X_edit">-6.52669</SimpleData>
					<SimpleData name="Y_edit">107.433</SimpleData>
				</SchemaData>
			</ExtendedData>
			<Point>
				<coordinates>107.432759906393,-6.526688793195607,0</coordinates>
			</Point>
		</Placemark>
		<Placemark>
			<name>79+600</name>
			<styleUrl>#pointStyleMap</styleUrl>
			<Style id="inline">
				<IconStyle>
					<color>ffffffaa</color>
					<colorMode>normal</colorMode>
					<Icon>
						<href>http://maps.google.com/mapfiles/kml/pushpin/grn-pushpin.png</href>
					</Icon>
				</IconStyle>
				<LineStyle>
					<color>ffffffaa</color>
					<colorMode>normal</colorMode>
				</LineStyle>
				<PolyStyle>
					<color>ffffffaa</color>
					<colorMode>normal</colorMode>
				</PolyStyle>
			</Style>
			<ExtendedData>
				<SchemaData schemaUrl="#S_patok_heksa_MR_CPL_A_SSDD">
					<SimpleData name="KM">79+600</SimpleData>
					<SimpleData name="JALUR">A</SimpleData>
					<SimpleData name="X_edit">-6.52849</SimpleData>
					<SimpleData name="Y_edit">107.433</SimpleData>
				</SchemaData>
			</ExtendedData>
			<Point>
				<coordinates>107.432551659214,-6.52849308385115,0</coordinates>
			</Point>
		</Placemark>
		<Placemark>
			<name>79+800</name>
			<styleUrl>#pointStyleMap</styleUrl>
			<Style id="inline">
				<IconStyle>
					<color>ffffffaa</color>
					<colorMode>normal</colorMode>
					<Icon>
						<href>http://maps.google.com/mapfiles/kml/pushpin/grn-pushpin.png</href>
					</Icon>
				</IconStyle>
				<LineStyle>
					<color>ffffffaa</color>
					<colorMode>normal</colorMode>
				</LineStyle>
				<PolyStyle>
					<color>ffffffaa</color>
					<colorMode>normal</colorMode>
				</PolyStyle>
			</Style>
			<ExtendedData>
				<SchemaData schemaUrl="#S_patok_heksa_MR_CPL_A_SSDD">
					<SimpleData name="KM">79+800</SimpleData>
					<SimpleData name="JALUR">A</SimpleData>
					<SimpleData name="X_edit">-6.53029</SimpleData>
					<SimpleData name="Y_edit">107.433</SimpleData>
				</SchemaData>
			</ExtendedData>
			<Point>
				<coordinates>107.432525866362,-6.530291361473521,0</coordinates>
			</Point>
		</Placemark>
		<Placemark>
			<name>80+0</name>
			<styleUrl>#pointStyleMap</styleUrl>
			<Style id="inline">
				<IconStyle>
					<color>ffffffaa</color>
					<colorMode>normal</colorMode>
					<Icon>
						<href>http://maps.google.com/mapfiles/kml/pushpin/grn-pushpin.png</href>
					</Icon>
				</IconStyle>
				<LineStyle>
					<color>ffffffaa</color>
					<colorMode>normal</colorMode>
				</LineStyle>
				<PolyStyle>
					<color>ffffffaa</color>
					<colorMode>normal</colorMode>
				</PolyStyle>
			</Style>
			<ExtendedData>
				<SchemaData schemaUrl="#S_patok_heksa_MR_CPL_A_SSDD">
					<SimpleData name="KM">80+0</SimpleData>
					<SimpleData name="JALUR">A</SimpleData>
					<SimpleData name="X_edit">-6.5321</SimpleData>
					<SimpleData name="Y_edit">107.432</SimpleData>
				</SchemaData>
			</ExtendedData>
			<Point>
				<coordinates>107.432476172821,-6.532096961928293,0</coordinates>
			</Point>
		</Placemark>
		<Placemark>
			<name>80+200</name>
			<styleUrl>#pointStyleMap</styleUrl>
			<Style id="inline">
				<IconStyle>
					<color>ffffffaa</color>
					<colorMode>normal</colorMode>
					<Icon>
						<href>http://maps.google.com/mapfiles/kml/pushpin/grn-pushpin.png</href>
					</Icon>
				</IconStyle>
				<LineStyle>
					<color>ffffffaa</color>
					<colorMode>normal</colorMode>
				</LineStyle>
				<PolyStyle>
					<color>ffffffaa</color>
					<colorMode>normal</colorMode>
				</PolyStyle>
			</Style>
			<ExtendedData>
				<SchemaData schemaUrl="#S_patok_heksa_MR_CPL_A_SSDD">
					<SimpleData name="KM">80+200</SimpleData>
					<SimpleData name="JALUR">A</SimpleData>
					<SimpleData name="X_edit">-6.53389</SimpleData>
					<SimpleData name="Y_edit">107.432</SimpleData>
				</SchemaData>
			</ExtendedData>
			<Point>
				<coordinates>107.432327391222,-6.5338878231631,0</coordinates>
			</Point>
		</Placemark>
		<Placemark>
			<name>80+400</name>
			<styleUrl>#pointStyleMap</styleUrl>
			<Style id="inline">
				<IconStyle>
					<color>ffffffaa</color>
					<colorMode>normal</colorMode>
					<Icon>
						<href>http://maps.google.com/mapfiles/kml/pushpin/grn-pushpin.png</href>
					</Icon>
				</IconStyle>
				<LineStyle>
					<color>ffffffaa</color>
					<colorMode>normal</colorMode>
				</LineStyle>
				<PolyStyle>
					<color>ffffffaa</color>
					<colorMode>normal</colorMode>
				</PolyStyle>
			</Style>
			<ExtendedData>
				<SchemaData schemaUrl="#S_patok_heksa_MR_CPL_A_SSDD">
					<SimpleData name="KM">80+400</SimpleData>
					<SimpleData name="JALUR">A</SimpleData>
					<SimpleData name="X_edit">-6.53569</SimpleData>
					<SimpleData name="Y_edit">107.432</SimpleData>
				</SchemaData>
			</ExtendedData>
			<Point>
				<coordinates>107.432172748024,-6.535692517169716,0</coordinates>
			</Point>
		</Placemark>
		<Placemark>
			<name>80+600</name>
			<styleUrl>#pointStyleMap</styleUrl>
			<Style id="inline">
				<IconStyle>
					<color>ffffffaa</color>
					<colorMode>normal</colorMode>
					<Icon>
						<href>http://maps.google.com/mapfiles/kml/pushpin/grn-pushpin.png</href>
					</Icon>
				</IconStyle>
				<LineStyle>
					<color>ffffffaa</color>
					<colorMode>normal</colorMode>
				</LineStyle>
				<PolyStyle>
					<color>ffffffaa</color>
					<colorMode>normal</colorMode>
				</PolyStyle>
			</Style>
			<ExtendedData>
				<SchemaData schemaUrl="#S_patok_heksa_MR_CPL_A_SSDD">
					<SimpleData name="KM">80+600</SimpleData>
					<SimpleData name="JALUR">A</SimpleData>
					<SimpleData name="X_edit">-6.53748</SimpleData>
					<SimpleData name="Y_edit">107.432</SimpleData>
				</SchemaData>
			</ExtendedData>
			<Point>
				<coordinates>107.432027167159,-6.537479670316946,0</coordinates>
			</Point>
		</Placemark>
		<Placemark>
			<name>80+800</name>
			<styleUrl>#pointStyleMap</styleUrl>
			<Style id="inline">
				<IconStyle>
					<color>ffffffaa</color>
					<colorMode>normal</colorMode>
					<Icon>
						<href>http://maps.google.com/mapfiles/kml/pushpin/grn-pushpin.png</href>
					</Icon>
				</IconStyle>
				<LineStyle>
					<color>ffffffaa</color>
					<colorMode>normal</colorMode>
				</LineStyle>
				<PolyStyle>
					<color>ffffffaa</color>
					<colorMode>normal</colorMode>
				</PolyStyle>
			</Style>
			<ExtendedData>
				<SchemaData schemaUrl="#S_patok_heksa_MR_CPL_A_SSDD">
					<SimpleData name="KM">80+800</SimpleData>
					<SimpleData name="JALUR">A</SimpleData>
					<SimpleData name="X_edit">-6.53927</SimpleData>
					<SimpleData name="Y_edit">107.432</SimpleData>
				</SchemaData>
			</ExtendedData>
			<Point>
				<coordinates>107.431898997375,-6.539267397440602,0</coordinates>
			</Point>
		</Placemark>
		<Placemark>
			<name>81+0</name>
			<styleUrl>#pointStyleMap</styleUrl>
			<Style id="inline">
				<IconStyle>
					<color>ffffffaa</color>
					<colorMode>normal</colorMode>
					<Icon>
						<href>http://maps.google.com/mapfiles/kml/pushpin/grn-pushpin.png</href>
					</Icon>
				</IconStyle>
				<LineStyle>
					<color>ffffffaa</color>
					<colorMode>normal</colorMode>
				</LineStyle>
				<PolyStyle>
					<color>ffffffaa</color>
					<colorMode>normal</colorMode>
				</PolyStyle>
			</Style>
			<ExtendedData>
				<SchemaData schemaUrl="#S_patok_heksa_MR_CPL_A_SSDD">
					<SimpleData name="KM">81+0</SimpleData>
					<SimpleData name="JALUR">A</SimpleData>
					<SimpleData name="X_edit">-6.54106</SimpleData>
					<SimpleData name="Y_edit">107.432</SimpleData>
				</SchemaData>
			</ExtendedData>
			<Point>
				<coordinates>107.431654258242,-6.541055692985729,0</coordinates>
			</Point>
		</Placemark>
		<Placemark>
			<name>81+200</name>
			<styleUrl>#pointStyleMap</styleUrl>
			<Style id="inline">
				<IconStyle>
					<color>ffffffaa</color>
					<colorMode>normal</colorMode>
					<Icon>
						<href>http://maps.google.com/mapfiles/kml/pushpin/grn-pushpin.png</href>
					</Icon>
				</IconStyle>
				<LineStyle>
					<color>ffffffaa</color>
					<colorMode>normal</colorMode>
				</LineStyle>
				<PolyStyle>
					<color>ffffffaa</color>
					<colorMode>normal</colorMode>
				</PolyStyle>
			</Style>
			<ExtendedData>
				<SchemaData schemaUrl="#S_patok_heksa_MR_CPL_A_SSDD">
					<SimpleData name="KM">81+200</SimpleData>
					<SimpleData name="JALUR">A</SimpleData>
					<SimpleData name="X_edit">-6.54272</SimpleData>
					<SimpleData name="Y_edit">107.431</SimpleData>
				</SchemaData>
			</ExtendedData>
			<Point>
				<coordinates>107.430962628941,-6.542722028283174,0</coordinates>
			</Point>
		</Placemark>
		<Placemark>
			<name>81+400</name>
			<styleUrl>#pointStyleMap</styleUrl>
			<Style id="inline">
				<IconStyle>
					<color>ffffffaa</color>
					<colorMode>normal</colorMode>
					<Icon>
						<href>http://maps.google.com/mapfiles/kml/pushpin/grn-pushpin.png</href>
					</Icon>
				</IconStyle>
				<LineStyle>
					<color>ffffffaa</color>
					<colorMode>normal</colorMode>
				</LineStyle>
				<PolyStyle>
					<color>ffffffaa</color>
					<colorMode>normal</colorMode>
				</PolyStyle>
			</Style>
			<ExtendedData>
				<SchemaData schemaUrl="#S_patok_heksa_MR_CPL_A_SSDD">
					<SimpleData name="KM">81+400</SimpleData>
					<SimpleData name="JALUR">A</SimpleData>
					<SimpleData name="X_edit">-6.54427</SimpleData>
					<SimpleData name="Y_edit">107.43</SimpleData>
				</SchemaData>
			</ExtendedData>
			<Point>
				<coordinates>107.430019763536,-6.544274437584143,0</coordinates>
			</Point>
		</Placemark>
		<Placemark>
			<name>81+600</name>
			<styleUrl>#pointStyleMap</styleUrl>
			<Style id="inline">
				<IconStyle>
					<color>ffffffaa</color>
					<colorMode>normal</colorMode>
					<Icon>
						<href>http://maps.google.com/mapfiles/kml/pushpin/grn-pushpin.png</href>
					</Icon>
				</IconStyle>
				<LineStyle>
					<color>ffffffaa</color>
					<colorMode>normal</colorMode>
				</LineStyle>
				<PolyStyle>
					<color>ffffffaa</color>
					<colorMode>normal</colorMode>
				</PolyStyle>
			</Style>
			<ExtendedData>
				<SchemaData schemaUrl="#S_patok_heksa_MR_CPL_A_SSDD">
					<SimpleData name="KM">81+600</SimpleData>
					<SimpleData name="JALUR">A</SimpleData>
					<SimpleData name="X_edit">-6.54577</SimpleData>
					<SimpleData name="Y_edit">107.429</SimpleData>
				</SchemaData>
			</ExtendedData>
			<Point>
				<coordinates>107.429018557013,-6.545767363027892,0</coordinates>
			</Point>
		</Placemark>
		<Placemark>
			<name>81+800</name>
			<styleUrl>#pointStyleMap</styleUrl>
			<Style id="inline">
				<IconStyle>
					<color>ffffffaa</color>
					<colorMode>normal</colorMode>
					<Icon>
						<href>http://maps.google.com/mapfiles/kml/pushpin/grn-pushpin.png</href>
					</Icon>
				</IconStyle>
				<LineStyle>
					<color>ffffffaa</color>
					<colorMode>normal</colorMode>
				</LineStyle>
				<PolyStyle>
					<color>ffffffaa</color>
					<colorMode>normal</colorMode>
				</PolyStyle>
			</Style>
			<ExtendedData>
				<SchemaData schemaUrl="#S_patok_heksa_MR_CPL_A_SSDD">
					<SimpleData name="KM">81+800</SimpleData>
					<SimpleData name="JALUR">A</SimpleData>
					<SimpleData name="X_edit">-6.54733</SimpleData>
					<SimpleData name="Y_edit">107.428</SimpleData>
				</SchemaData>
			</ExtendedData>
			<Point>
				<coordinates>107.428123086644,-6.547333514598024,0</coordinates>
			</Point>
		</Placemark>
		<Placemark>
			<name>82+0</name>
			<styleUrl>#pointStyleMap</styleUrl>
			<Style id="inline">
				<IconStyle>
					<color>ffffffaa</color>
					<colorMode>normal</colorMode>
					<Icon>
						<href>http://maps.google.com/mapfiles/kml/pushpin/grn-pushpin.png</href>
					</Icon>
				</IconStyle>
				<LineStyle>
					<color>ffffffaa</color>
					<colorMode>normal</colorMode>
				</LineStyle>
				<PolyStyle>
					<color>ffffffaa</color>
					<colorMode>normal</colorMode>
				</PolyStyle>
			</Style>
			<ExtendedData>
				<SchemaData schemaUrl="#S_patok_heksa_MR_CPL_A_SSDD">
					<SimpleData name="KM">82+0</SimpleData>
					<SimpleData name="JALUR">A</SimpleData>
					<SimpleData name="X_edit">-6.54897</SimpleData>
					<SimpleData name="Y_edit">107.427</SimpleData>
				</SchemaData>
			</ExtendedData>
			<Point>
				<coordinates>107.42733319424,-6.548966327360441,0</coordinates>
			</Point>
		</Placemark>
		<Placemark>
			<name>82+200</name>
			<styleUrl>#pointStyleMap</styleUrl>
			<Style id="inline">
				<IconStyle>
					<color>ffffffaa</color>
					<colorMode>normal</colorMode>
					<Icon>
						<href>http://maps.google.com/mapfiles/kml/pushpin/grn-pushpin.png</href>
					</Icon>
				</IconStyle>
				<LineStyle>
					<color>ffffffaa</color>
					<colorMode>normal</colorMode>
				</LineStyle>
				<PolyStyle>
					<color>ffffffaa</color>
					<colorMode>normal</colorMode>
				</PolyStyle>
			</Style>
			<ExtendedData>
				<SchemaData schemaUrl="#S_patok_heksa_MR_CPL_A_SSDD">
					<SimpleData name="KM">82+200</SimpleData>
					<SimpleData name="JALUR">A</SimpleData>
					<SimpleData name="X_edit">-6.55064</SimpleData>
					<SimpleData name="Y_edit">107.427</SimpleData>
				</SchemaData>
			</ExtendedData>
			<Point>
				<coordinates>107.426662263137,-6.550644922043254,0</coordinates>
			</Point>
		</Placemark>
		<Placemark>
			<name>82+400</name>
			<styleUrl>#pointStyleMap</styleUrl>
			<Style id="inline">
				<IconStyle>
					<color>ffffffaa</color>
					<colorMode>normal</colorMode>
					<Icon>
						<href>http://maps.google.com/mapfiles/kml/pushpin/grn-pushpin.png</href>
					</Icon>
				</IconStyle>
				<LineStyle>
					<color>ffffffaa</color>
					<colorMode>normal</colorMode>
				</LineStyle>
				<PolyStyle>
					<color>ffffffaa</color>
					<colorMode>normal</colorMode>
				</PolyStyle>
			</Style>
			<ExtendedData>
				<SchemaData schemaUrl="#S_patok_heksa_MR_CPL_A_SSDD">
					<SimpleData name="KM">82+400</SimpleData>
					<SimpleData name="JALUR">A</SimpleData>
					<SimpleData name="X_edit">-6.55239</SimpleData>
					<SimpleData name="Y_edit">107.426</SimpleData>
				</SchemaData>
			</ExtendedData>
			<Point>
				<coordinates>107.426101342017,-6.552391106436176,0</coordinates>
			</Point>
		</Placemark>
		<Placemark>
			<name>82+600</name>
			<styleUrl>#pointStyleMap</styleUrl>
			<Style id="inline">
				<IconStyle>
					<color>ffffffaa</color>
					<colorMode>normal</colorMode>
					<Icon>
						<href>http://maps.google.com/mapfiles/kml/pushpin/grn-pushpin.png</href>
					</Icon>
				</IconStyle>
				<LineStyle>
					<color>ffffffaa</color>
					<colorMode>normal</colorMode>
				</LineStyle>
				<PolyStyle>
					<color>ffffffaa</color>
					<colorMode>normal</colorMode>
				</PolyStyle>
			</Style>
			<ExtendedData>
				<SchemaData schemaUrl="#S_patok_heksa_MR_CPL_A_SSDD">
					<SimpleData name="KM">82+600</SimpleData>
					<SimpleData name="JALUR">A</SimpleData>
					<SimpleData name="X_edit">-6.55418</SimpleData>
					<SimpleData name="Y_edit">107.426</SimpleData>
				</SchemaData>
			</ExtendedData>
			<Point>
				<coordinates>107.425730855872,-6.554176586768898,0</coordinates>
			</Point>
		</Placemark>
		<Placemark>
			<name>82+800</name>
			<styleUrl>#pointStyleMap</styleUrl>
			<Style id="inline">
				<IconStyle>
					<color>ffffffaa</color>
					<colorMode>normal</colorMode>
					<Icon>
						<href>http://maps.google.com/mapfiles/kml/pushpin/grn-pushpin.png</href>
					</Icon>
				</IconStyle>
				<LineStyle>
					<color>ffffffaa</color>
					<colorMode>normal</colorMode>
				</LineStyle>
				<PolyStyle>
					<color>ffffffaa</color>
					<colorMode>normal</colorMode>
				</PolyStyle>
			</Style>
			<ExtendedData>
				<SchemaData schemaUrl="#S_patok_heksa_MR_CPL_A_SSDD">
					<SimpleData name="KM">82+800</SimpleData>
					<SimpleData name="JALUR">A</SimpleData>
					<SimpleData name="X_edit">-6.55596</SimpleData>
					<SimpleData name="Y_edit">107.425</SimpleData>
				</SchemaData>
			</ExtendedData>
			<Point>
				<coordinates>107.425492107726,-6.555957422517205,0</coordinates>
			</Point>
		</Placemark>
		<Placemark>
			<name>83+0</name>
			<styleUrl>#pointStyleMap</styleUrl>
			<Style id="inline">
				<IconStyle>
					<color>ffffffaa</color>
					<colorMode>normal</colorMode>
					<Icon>
						<href>http://maps.google.com/mapfiles/kml/pushpin/grn-pushpin.png</href>
					</Icon>
				</IconStyle>
				<LineStyle>
					<color>ffffffaa</color>
					<colorMode>normal</colorMode>
				</LineStyle>
				<PolyStyle>
					<color>ffffffaa</color>
					<colorMode>normal</colorMode>
				</PolyStyle>
			</Style>
			<ExtendedData>
				<SchemaData schemaUrl="#S_patok_heksa_MR_CPL_A_SSDD">
					<SimpleData name="KM">83+0</SimpleData>
					<SimpleData name="JALUR">A</SimpleData>
					<SimpleData name="X_edit">-6.55775</SimpleData>
					<SimpleData name="Y_edit">107.425</SimpleData>
				</SchemaData>
			</ExtendedData>
			<Point>
				<coordinates>107.425242422737,-6.557750409959082,0</coordinates>
			</Point>
		</Placemark>
		<Placemark>
			<name>83+200</name>
			<styleUrl>#pointStyleMap</styleUrl>
			<Style id="inline">
				<IconStyle>
					<color>ffffffaa</color>
					<colorMode>normal</colorMode>
					<Icon>
						<href>http://maps.google.com/mapfiles/kml/pushpin/grn-pushpin.png</href>
					</Icon>
				</IconStyle>
				<LineStyle>
					<color>ffffffaa</color>
					<colorMode>normal</colorMode>
				</LineStyle>
				<PolyStyle>
					<color>ffffffaa</color>
					<colorMode>normal</colorMode>
				</PolyStyle>
			</Style>
			<ExtendedData>
				<SchemaData schemaUrl="#S_patok_heksa_MR_CPL_A_SSDD">
					<SimpleData name="KM">83+200</SimpleData>
					<SimpleData name="JALUR">A</SimpleData>
					<SimpleData name="X_edit">-6.55955</SimpleData>
					<SimpleData name="Y_edit">107.425</SimpleData>
				</SchemaData>
			</ExtendedData>
			<Point>
				<coordinates>107.425053210014,-6.559553226901953,0</coordinates>
			</Point>
		</Placemark>
		<Placemark>
			<name>83+400</name>
			<styleUrl>#pointStyleMap</styleUrl>
			<Style id="inline">
				<IconStyle>
					<color>ffffffaa</color>
					<colorMode>normal</colorMode>
					<Icon>
						<href>http://maps.google.com/mapfiles/kml/pushpin/grn-pushpin.png</href>
					</Icon>
				</IconStyle>
				<LineStyle>
					<color>ffffffaa</color>
					<colorMode>normal</colorMode>
				</LineStyle>
				<PolyStyle>
					<color>ffffffaa</color>
					<colorMode>normal</colorMode>
				</PolyStyle>
			</Style>
			<ExtendedData>
				<SchemaData schemaUrl="#S_patok_heksa_MR_CPL_A_SSDD">
					<SimpleData name="KM">83+400</SimpleData>
					<SimpleData name="JALUR">A</SimpleData>
					<SimpleData name="X_edit">-6.56135</SimpleData>
					<SimpleData name="Y_edit">107.425</SimpleData>
				</SchemaData>
			</ExtendedData>
			<Point>
				<coordinates>107.425151408508,-6.561349961468361,0</coordinates>
			</Point>
		</Placemark>
		<Placemark>
			<name>83+600</name>
			<styleUrl>#pointStyleMap</styleUrl>
			<Style id="inline">
				<IconStyle>
					<color>ffffffaa</color>
					<colorMode>normal</colorMode>
					<Icon>
						<href>http://maps.google.com/mapfiles/kml/pushpin/grn-pushpin.png</href>
					</Icon>
				</IconStyle>
				<LineStyle>
					<color>ffffffaa</color>
					<colorMode>normal</colorMode>
				</LineStyle>
				<PolyStyle>
					<color>ffffffaa</color>
					<colorMode>normal</colorMode>
				</PolyStyle>
			</Style>
			<ExtendedData>
				<SchemaData schemaUrl="#S_patok_heksa_MR_CPL_A_SSDD">
					<SimpleData name="KM">83+600</SimpleData>
					<SimpleData name="JALUR">A</SimpleData>
					<SimpleData name="X_edit">-6.56313</SimpleData>
					<SimpleData name="Y_edit">107.425</SimpleData>
				</SchemaData>
			</ExtendedData>
			<Point>
				<coordinates>107.425430674289,-6.563133584630727,0</coordinates>
			</Point>
		</Placemark>
		<Placemark>
			<name>83+800</name>
			<styleUrl>#pointStyleMap</styleUrl>
			<Style id="inline">
				<IconStyle>
					<color>ffffffaa</color>
					<colorMode>normal</colorMode>
					<Icon>
						<href>http://maps.google.com/mapfiles/kml/pushpin/grn-pushpin.png</href>
					</Icon>
				</IconStyle>
				<LineStyle>
					<color>ffffffaa</color>
					<colorMode>normal</colorMode>
				</LineStyle>
				<PolyStyle>
					<color>ffffffaa</color>
					<colorMode>normal</colorMode>
				</PolyStyle>
			</Style>
			<ExtendedData>
				<SchemaData schemaUrl="#S_patok_heksa_MR_CPL_A_SSDD">
					<SimpleData name="KM">83+800</SimpleData>
					<SimpleData name="JALUR">A</SimpleData>
					<SimpleData name="X_edit">-6.56487</SimpleData>
					<SimpleData name="Y_edit">107.426</SimpleData>
				</SchemaData>
			</ExtendedData>
			<Point>
				<coordinates>107.425954626888,-6.564866222462316,0</coordinates>
			</Point>
		</Placemark>
		<Placemark>
			<name>84+0</name>
			<styleUrl>#pointStyleMap</styleUrl>
			<Style id="inline">
				<IconStyle>
					<color>ffffffaa</color>
					<colorMode>normal</colorMode>
					<Icon>
						<href>http://maps.google.com/mapfiles/kml/pushpin/grn-pushpin.png</href>
					</Icon>
				</IconStyle>
				<LineStyle>
					<color>ffffffaa</color>
					<colorMode>normal</colorMode>
				</LineStyle>
				<PolyStyle>
					<color>ffffffaa</color>
					<colorMode>normal</colorMode>
				</PolyStyle>
			</Style>
			<ExtendedData>
				<SchemaData schemaUrl="#S_patok_heksa_MR_CPL_A_SSDD">
					<SimpleData name="KM">84+0</SimpleData>
					<SimpleData name="JALUR">A</SimpleData>
					<SimpleData name="X_edit">-6.5665</SimpleData>
					<SimpleData name="Y_edit">107.427</SimpleData>
				</SchemaData>
			</ExtendedData>
			<Point>
				<coordinates>107.426723439788,-6.566499816276316,0</coordinates>
			</Point>
		</Placemark>
		<Placemark>
			<name>84+200</name>
			<styleUrl>#pointStyleMap</styleUrl>
			<Style id="inline">
				<IconStyle>
					<color>ffffffaa</color>
					<colorMode>normal</colorMode>
					<Icon>
						<href>http://maps.google.com/mapfiles/kml/pushpin/grn-pushpin.png</href>
					</Icon>
				</IconStyle>
				<LineStyle>
					<color>ffffffaa</color>
					<colorMode>normal</colorMode>
				</LineStyle>
				<PolyStyle>
					<color>ffffffaa</color>
					<colorMode>normal</colorMode>
				</PolyStyle>
			</Style>
			<ExtendedData>
				<SchemaData schemaUrl="#S_patok_heksa_MR_CPL_A_SSDD">
					<SimpleData name="KM">84+200</SimpleData>
					<SimpleData name="JALUR">A</SimpleData>
					<SimpleData name="X_edit">-6.56803</SimpleData>
					<SimpleData name="Y_edit">107.428</SimpleData>
				</SchemaData>
			</ExtendedData>
			<Point>
				<coordinates>107.427688462556,-6.568032846758536,0</coordinates>
			</Point>
		</Placemark>
		<Placemark>
			<name>84+400</name>
			<styleUrl>#pointStyleMap</styleUrl>
			<Style id="inline">
				<IconStyle>
					<color>ffffffaa</color>
					<colorMode>normal</colorMode>
					<Icon>
						<href>http://maps.google.com/mapfiles/kml/pushpin/grn-pushpin.png</href>
					</Icon>
				</IconStyle>
				<LineStyle>
					<color>ffffffaa</color>
					<colorMode>normal</colorMode>
				</LineStyle>
				<PolyStyle>
					<color>ffffffaa</color>
					<colorMode>normal</colorMode>
				</PolyStyle>
			</Style>
			<ExtendedData>
				<SchemaData schemaUrl="#S_patok_heksa_MR_CPL_A_SSDD">
					<SimpleData name="KM">84+400</SimpleData>
					<SimpleData name="JALUR">A</SimpleData>
					<SimpleData name="X_edit">-6.56941</SimpleData>
					<SimpleData name="Y_edit">107.429</SimpleData>
				</SchemaData>
			</ExtendedData>
			<Point>
				<coordinates>107.428884051923,-6.569413893180758,0</coordinates>
			</Point>
		</Placemark>
		<Placemark>
			<name>84+600</name>
			<styleUrl>#pointStyleMap</styleUrl>
			<Style id="inline">
				<IconStyle>
					<color>ffffffaa</color>
					<colorMode>normal</colorMode>
					<Icon>
						<href>http://maps.google.com/mapfiles/kml/pushpin/grn-pushpin.png</href>
					</Icon>
				</IconStyle>
				<LineStyle>
					<color>ffffffaa</color>
					<colorMode>normal</colorMode>
				</LineStyle>
				<PolyStyle>
					<color>ffffffaa</color>
					<colorMode>normal</colorMode>
				</PolyStyle>
			</Style>
			<ExtendedData>
				<SchemaData schemaUrl="#S_patok_heksa_MR_CPL_A_SSDD">
					<SimpleData name="KM">84+600</SimpleData>
					<SimpleData name="JALUR">A</SimpleData>
					<SimpleData name="X_edit">-6.57065</SimpleData>
					<SimpleData name="Y_edit">107.43</SimpleData>
				</SchemaData>
			</ExtendedData>
			<Point>
				<coordinates>107.430213040506,-6.570648456549772,0</coordinates>
			</Point>
		</Placemark>
		<Placemark>
			<name>84+800</name>
			<styleUrl>#pointStyleMap</styleUrl>
			<Style id="inline">
				<IconStyle>
					<color>ffffffaa</color>
					<colorMode>normal</colorMode>
					<Icon>
						<href>http://maps.google.com/mapfiles/kml/pushpin/grn-pushpin.png</href>
					</Icon>
				</IconStyle>
				<LineStyle>
					<color>ffffffaa</color>
					<colorMode>normal</colorMode>
				</LineStyle>
				<PolyStyle>
					<color>ffffffaa</color>
					<colorMode>normal</colorMode>
				</PolyStyle>
			</Style>
			<ExtendedData>
				<SchemaData schemaUrl="#S_patok_heksa_MR_CPL_A_SSDD">
					<SimpleData name="KM">84+800</SimpleData>
					<SimpleData name="JALUR">A</SimpleData>
					<SimpleData name="X_edit">-6.57179</SimpleData>
					<SimpleData name="Y_edit">107.432</SimpleData>
				</SchemaData>
			</ExtendedData>
			<Point>
				<coordinates>107.431620726984,-6.571786893380538,0</coordinates>
			</Point>
		</Placemark>
		<Placemark>
			<name>85+0</name>
			<styleUrl>#pointStyleMap</styleUrl>
			<Style id="inline">
				<IconStyle>
					<color>ffffffaa</color>
					<colorMode>normal</colorMode>
					<Icon>
						<href>http://maps.google.com/mapfiles/kml/pushpin/grn-pushpin.png</href>
					</Icon>
				</IconStyle>
				<LineStyle>
					<color>ffffffaa</color>
					<colorMode>normal</colorMode>
				</LineStyle>
				<PolyStyle>
					<color>ffffffaa</color>
					<colorMode>normal</colorMode>
				</PolyStyle>
			</Style>
			<ExtendedData>
				<SchemaData schemaUrl="#S_patok_heksa_MR_CPL_A_SSDD">
					<SimpleData name="KM">85+0</SimpleData>
					<SimpleData name="JALUR">A</SimpleData>
					<SimpleData name="X_edit">-6.57309</SimpleData>
					<SimpleData name="Y_edit">107.433</SimpleData>
				</SchemaData>
			</ExtendedData>
			<Point>
				<coordinates>107.432886860504,-6.573086726665225,0</coordinates>
			</Point>
		</Placemark>
		<Placemark>
			<name>85+200</name>
			<styleUrl>#pointStyleMap</styleUrl>
			<Style id="inline">
				<IconStyle>
					<color>ffffffaa</color>
					<colorMode>normal</colorMode>
					<Icon>
						<href>http://maps.google.com/mapfiles/kml/pushpin/grn-pushpin.png</href>
					</Icon>
				</IconStyle>
				<LineStyle>
					<color>ffffffaa</color>
					<colorMode>normal</colorMode>
				</LineStyle>
				<PolyStyle>
					<color>ffffffaa</color>
					<colorMode>normal</colorMode>
				</PolyStyle>
			</Style>
			<ExtendedData>
				<SchemaData schemaUrl="#S_patok_heksa_MR_CPL_A_SSDD">
					<SimpleData name="KM">85+200</SimpleData>
					<SimpleData name="JALUR">A</SimpleData>
					<SimpleData name="X_edit">-6.57464</SimpleData>
					<SimpleData name="Y_edit">107.434</SimpleData>
				</SchemaData>
			</ExtendedData>
			<Point>
				<coordinates>107.433804864909,-6.574637312389005,0</coordinates>
			</Point>
		</Placemark>
		<Placemark>
			<name>85+400</name>
			<styleUrl>#pointStyleMap</styleUrl>
			<Style id="inline">
				<IconStyle>
					<color>ffffffaa</color>
					<colorMode>normal</colorMode>
					<Icon>
						<href>http://maps.google.com/mapfiles/kml/pushpin/grn-pushpin.png</href>
					</Icon>
				</IconStyle>
				<LineStyle>
					<color>ffffffaa</color>
					<colorMode>normal</colorMode>
				</LineStyle>
				<PolyStyle>
					<color>ffffffaa</color>
					<colorMode>normal</colorMode>
				</PolyStyle>
			</Style>
			<ExtendedData>
				<SchemaData schemaUrl="#S_patok_heksa_MR_CPL_A_SSDD">
					<SimpleData name="KM">85+400</SimpleData>
					<SimpleData name="JALUR">A</SimpleData>
					<SimpleData name="X_edit">-6.57636</SimpleData>
					<SimpleData name="Y_edit">107.434</SimpleData>
				</SchemaData>
			</ExtendedData>
			<Point>
				<coordinates>107.434354912593,-6.576358567867652,0</coordinates>
			</Point>
		</Placemark>
		<Placemark>
			<name>85+600</name>
			<styleUrl>#pointStyleMap</styleUrl>
			<Style id="inline">
				<IconStyle>
					<color>ffffffaa</color>
					<colorMode>normal</colorMode>
					<Icon>
						<href>http://maps.google.com/mapfiles/kml/pushpin/grn-pushpin.png</href>
					</Icon>
				</IconStyle>
				<LineStyle>
					<color>ffffffaa</color>
					<colorMode>normal</colorMode>
				</LineStyle>
				<PolyStyle>
					<color>ffffffaa</color>
					<colorMode>normal</colorMode>
				</PolyStyle>
			</Style>
			<ExtendedData>
				<SchemaData schemaUrl="#S_patok_heksa_MR_CPL_A_SSDD">
					<SimpleData name="KM">85+600</SimpleData>
					<SimpleData name="JALUR">A</SimpleData>
					<SimpleData name="X_edit">-6.57816</SimpleData>
					<SimpleData name="Y_edit">107.435</SimpleData>
				</SchemaData>
			</ExtendedData>
			<Point>
				<coordinates>107.434505238307,-6.578164634959394,0</coordinates>
			</Point>
		</Placemark>
		<Placemark>
			<name>85+800</name>
			<styleUrl>#pointStyleMap</styleUrl>
			<Style id="inline">
				<IconStyle>
					<color>ffffffaa</color>
					<colorMode>normal</colorMode>
					<Icon>
						<href>http://maps.google.com/mapfiles/kml/pushpin/grn-pushpin.png</href>
					</Icon>
				</IconStyle>
				<LineStyle>
					<color>ffffffaa</color>
					<colorMode>normal</colorMode>
				</LineStyle>
				<PolyStyle>
					<color>ffffffaa</color>
					<colorMode>normal</colorMode>
				</PolyStyle>
			</Style>
			<ExtendedData>
				<SchemaData schemaUrl="#S_patok_heksa_MR_CPL_A_SSDD">
					<SimpleData name="KM">85+800</SimpleData>
					<SimpleData name="JALUR">A</SimpleData>
					<SimpleData name="X_edit">-6.57995</SimpleData>
					<SimpleData name="Y_edit">107.434</SimpleData>
				</SchemaData>
			</ExtendedData>
			<Point>
				<coordinates>107.434207133543,-6.579946968291377,0</coordinates>
			</Point>
		</Placemark>
		<Placemark>
			<name>86+0</name>
			<styleUrl>#pointStyleMap</styleUrl>
			<Style id="inline">
				<IconStyle>
					<color>ffffffaa</color>
					<colorMode>normal</colorMode>
					<Icon>
						<href>http://maps.google.com/mapfiles/kml/pushpin/grn-pushpin.png</href>
					</Icon>
				</IconStyle>
				<LineStyle>
					<color>ffffffaa</color>
					<colorMode>normal</colorMode>
				</LineStyle>
				<PolyStyle>
					<color>ffffffaa</color>
					<colorMode>normal</colorMode>
				</PolyStyle>
			</Style>
			<ExtendedData>
				<SchemaData schemaUrl="#S_patok_heksa_MR_CPL_A_SSDD">
					<SimpleData name="KM">86+0</SimpleData>
					<SimpleData name="JALUR">A</SimpleData>
					<SimpleData name="X_edit">-6.58162</SimpleData>
					<SimpleData name="Y_edit">107.434</SimpleData>
				</SchemaData>
			</ExtendedData>
			<Point>
				<coordinates>107.433554365014,-6.581619555023073,0</coordinates>
			</Point>
		</Placemark>
		<Placemark>
			<name>86+200</name>
			<styleUrl>#pointStyleMap</styleUrl>
			<Style id="inline">
				<IconStyle>
					<color>ffffffaa</color>
					<colorMode>normal</colorMode>
					<Icon>
						<href>http://maps.google.com/mapfiles/kml/pushpin/grn-pushpin.png</href>
					</Icon>
				</IconStyle>
				<LineStyle>
					<color>ffffffaa</color>
					<colorMode>normal</colorMode>
				</LineStyle>
				<PolyStyle>
					<color>ffffffaa</color>
					<colorMode>normal</colorMode>
				</PolyStyle>
			</Style>
			<ExtendedData>
				<SchemaData schemaUrl="#S_patok_heksa_MR_CPL_A_SSDD">
					<SimpleData name="KM">86+200</SimpleData>
					<SimpleData name="JALUR">A</SimpleData>
					<SimpleData name="X_edit">-6.58329</SimpleData>
					<SimpleData name="Y_edit">107.433</SimpleData>
				</SchemaData>
			</ExtendedData>
			<Point>
				<coordinates>107.432855978661,-6.583293808704727,0</coordinates>
			</Point>
		</Placemark>
		<Placemark>
			<name>86+400</name>
			<styleUrl>#pointStyleMap</styleUrl>
			<Style id="inline">
				<IconStyle>
					<color>ffffffaa</color>
					<colorMode>normal</colorMode>
					<Icon>
						<href>http://maps.google.com/mapfiles/kml/pushpin/grn-pushpin.png</href>
					</Icon>
				</IconStyle>
				<LineStyle>
					<color>ffffffaa</color>
					<colorMode>normal</colorMode>
				</LineStyle>
				<PolyStyle>
					<color>ffffffaa</color>
					<colorMode>normal</colorMode>
				</PolyStyle>
			</Style>
			<ExtendedData>
				<SchemaData schemaUrl="#S_patok_heksa_MR_CPL_A_SSDD">
					<SimpleData name="KM">86+400</SimpleData>
					<SimpleData name="JALUR">A</SimpleData>
					<SimpleData name="X_edit">-6.58499</SimpleData>
					<SimpleData name="Y_edit">107.432</SimpleData>
				</SchemaData>
			</ExtendedData>
			<Point>
				<coordinates>107.432224580856,-6.584994326611935,0</coordinates>
			</Point>
		</Placemark>
		<Placemark>
			<name>86+600</name>
			<styleUrl>#pointStyleMap</styleUrl>
			<Style id="inline">
				<IconStyle>
					<color>ffffffaa</color>
					<colorMode>normal</colorMode>
					<Icon>
						<href>http://maps.google.com/mapfiles/kml/pushpin/grn-pushpin.png</href>
					</Icon>
				</IconStyle>
				<LineStyle>
					<color>ffffffaa</color>
					<colorMode>normal</colorMode>
				</LineStyle>
				<PolyStyle>
					<color>ffffffaa</color>
					<colorMode>normal</colorMode>
				</PolyStyle>
			</Style>
			<ExtendedData>
				<SchemaData schemaUrl="#S_patok_heksa_MR_CPL_A_SSDD">
					<SimpleData name="KM">86+600</SimpleData>
					<SimpleData name="JALUR">A</SimpleData>
					<SimpleData name="X_edit">-6.58672</SimpleData>
					<SimpleData name="Y_edit">107.432</SimpleData>
				</SchemaData>
			</ExtendedData>
			<Point>
				<coordinates>107.431677743519,-6.5867153406445,0</coordinates>
			</Point>
		</Placemark>
		<Placemark>
			<name>86+800</name>
			<styleUrl>#pointStyleMap</styleUrl>
			<Style id="inline">
				<IconStyle>
					<color>ffffffaa</color>
					<colorMode>normal</colorMode>
					<Icon>
						<href>http://maps.google.com/mapfiles/kml/pushpin/grn-pushpin.png</href>
					</Icon>
				</IconStyle>
				<LineStyle>
					<color>ffffffaa</color>
					<colorMode>normal</colorMode>
				</LineStyle>
				<PolyStyle>
					<color>ffffffaa</color>
					<colorMode>normal</colorMode>
				</PolyStyle>
			</Style>
			<ExtendedData>
				<SchemaData schemaUrl="#S_patok_heksa_MR_CPL_A_SSDD">
					<SimpleData name="KM">86+800</SimpleData>
					<SimpleData name="JALUR">A</SimpleData>
					<SimpleData name="X_edit">-6.58847</SimpleData>
					<SimpleData name="Y_edit">107.431</SimpleData>
				</SchemaData>
			</ExtendedData>
			<Point>
				<coordinates>107.431234179191,-6.58847127641147,0</coordinates>
			</Point>
		</Placemark>
		<Placemark>
			<name>87+0</name>
			<styleUrl>#pointStyleMap</styleUrl>
			<Style id="inline">
				<IconStyle>
					<color>ffffffaa</color>
					<colorMode>normal</colorMode>
					<Icon>
						<href>http://maps.google.com/mapfiles/kml/pushpin/grn-pushpin.png</href>
					</Icon>
				</IconStyle>
				<LineStyle>
					<color>ffffffaa</color>
					<colorMode>normal</colorMode>
				</LineStyle>
				<PolyStyle>
					<color>ffffffaa</color>
					<colorMode>normal</colorMode>
				</PolyStyle>
			</Style>
			<ExtendedData>
				<SchemaData schemaUrl="#S_patok_heksa_MR_CPL_A_SSDD">
					<SimpleData name="KM">87+0</SimpleData>
					<SimpleData name="JALUR">A</SimpleData>
					<SimpleData name="X_edit">-6.59025</SimpleData>
					<SimpleData name="Y_edit">107.431</SimpleData>
				</SchemaData>
			</ExtendedData>
			<Point>
				<coordinates>107.430872160556,-6.590247034756997,0</coordinates>
			</Point>
		</Placemark>
		<Placemark>
			<name>87+200</name>
			<styleUrl>#pointStyleMap</styleUrl>
			<Style id="inline">
				<IconStyle>
					<color>ffffffaa</color>
					<colorMode>normal</colorMode>
					<Icon>
						<href>http://maps.google.com/mapfiles/kml/pushpin/grn-pushpin.png</href>
					</Icon>
				</IconStyle>
				<LineStyle>
					<color>ffffffaa</color>
					<colorMode>normal</colorMode>
				</LineStyle>
				<PolyStyle>
					<color>ffffffaa</color>
					<colorMode>normal</colorMode>
				</PolyStyle>
			</Style>
			<ExtendedData>
				<SchemaData schemaUrl="#S_patok_heksa_MR_CPL_A_SSDD">
					<SimpleData name="KM">87+200</SimpleData>
					<SimpleData name="JALUR">A</SimpleData>
					<SimpleData name="X_edit">-6.59203</SimpleData>
					<SimpleData name="Y_edit">107.431</SimpleData>
				</SchemaData>
			</ExtendedData>
			<Point>
				<coordinates>107.430541495144,-6.592025375857695,0</coordinates>
			</Point>
		</Placemark>
		<Placemark>
			<name>87+400</name>
			<styleUrl>#pointStyleMap</styleUrl>
			<Style id="inline">
				<IconStyle>
					<color>ffffffaa</color>
					<colorMode>normal</colorMode>
					<Icon>
						<href>http://maps.google.com/mapfiles/kml/pushpin/grn-pushpin.png</href>
					</Icon>
				</IconStyle>
				<LineStyle>
					<color>ffffffaa</color>
					<colorMode>normal</colorMode>
				</LineStyle>
				<PolyStyle>
					<color>ffffffaa</color>
					<colorMode>normal</colorMode>
				</PolyStyle>
			</Style>
			<ExtendedData>
				<SchemaData schemaUrl="#S_patok_heksa_MR_CPL_A_SSDD">
					<SimpleData name="KM">87+400</SimpleData>
					<SimpleData name="JALUR">A</SimpleData>
					<SimpleData name="X_edit">-6.59378</SimpleData>
					<SimpleData name="Y_edit">107.43</SimpleData>
				</SchemaData>
			</ExtendedData>
			<Point>
				<coordinates>107.430098921664,-6.593778495687181,0</coordinates>
			</Point>
		</Placemark>
		<Placemark>
			<name>87+600</name>
			<styleUrl>#pointStyleMap</styleUrl>
			<Style id="inline">
				<IconStyle>
					<color>ffffffaa</color>
					<colorMode>normal</colorMode>
					<Icon>
						<href>http://maps.google.com/mapfiles/kml/pushpin/grn-pushpin.png</href>
					</Icon>
				</IconStyle>
				<LineStyle>
					<color>ffffffaa</color>
					<colorMode>normal</colorMode>
				</LineStyle>
				<PolyStyle>
					<color>ffffffaa</color>
					<colorMode>normal</colorMode>
				</PolyStyle>
			</Style>
			<ExtendedData>
				<SchemaData schemaUrl="#S_patok_heksa_MR_CPL_A_SSDD">
					<SimpleData name="KM">87+600</SimpleData>
					<SimpleData name="JALUR">A</SimpleData>
					<SimpleData name="X_edit">-6.59549</SimpleData>
					<SimpleData name="Y_edit">107.43</SimpleData>
				</SchemaData>
			</ExtendedData>
			<Point>
				<coordinates>107.429532808996,-6.595494245012077,0</coordinates>
			</Point>
		</Placemark>
		<Placemark>
			<name>87+800</name>
			<styleUrl>#pointStyleMap</styleUrl>
			<Style id="inline">
				<IconStyle>
					<color>ffffffaa</color>
					<colorMode>normal</colorMode>
					<Icon>
						<href>http://maps.google.com/mapfiles/kml/pushpin/grn-pushpin.png</href>
					</Icon>
				</IconStyle>
				<LineStyle>
					<color>ffffffaa</color>
					<colorMode>normal</colorMode>
				</LineStyle>
				<PolyStyle>
					<color>ffffffaa</color>
					<colorMode>normal</colorMode>
				</PolyStyle>
			</Style>
			<ExtendedData>
				<SchemaData schemaUrl="#S_patok_heksa_MR_CPL_A_SSDD">
					<SimpleData name="KM">87+800</SimpleData>
					<SimpleData name="JALUR">A</SimpleData>
					<SimpleData name="X_edit">-6.59715</SimpleData>
					<SimpleData name="Y_edit">107.429</SimpleData>
				</SchemaData>
			</ExtendedData>
			<Point>
				<coordinates>107.42884986783,-6.597150846023205,0</coordinates>
			</Point>
		</Placemark>
		<Placemark>
			<name>88+0</name>
			<styleUrl>#pointStyleMap</styleUrl>
			<Style id="inline">
				<IconStyle>
					<color>ffffffaa</color>
					<colorMode>normal</colorMode>
					<Icon>
						<href>http://maps.google.com/mapfiles/kml/pushpin/grn-pushpin.png</href>
					</Icon>
				</IconStyle>
				<LineStyle>
					<color>ffffffaa</color>
					<colorMode>normal</colorMode>
				</LineStyle>
				<PolyStyle>
					<color>ffffffaa</color>
					<colorMode>normal</colorMode>
				</PolyStyle>
			</Style>
			<ExtendedData>
				<SchemaData schemaUrl="#S_patok_heksa_MR_CPL_A_SSDD">
					<SimpleData name="KM">88+0</SimpleData>
					<SimpleData name="JALUR">A</SimpleData>
					<SimpleData name="X_edit">-6.59876</SimpleData>
					<SimpleData name="Y_edit">107.428</SimpleData>
				</SchemaData>
			</ExtendedData>
			<Point>
				<coordinates>107.428039901766,-6.598759140190169,0</coordinates>
			</Point>
		</Placemark>
		<Placemark>
			<name>88+200</name>
			<styleUrl>#pointStyleMap</styleUrl>
			<Style id="inline">
				<IconStyle>
					<color>ffffffaa</color>
					<colorMode>normal</colorMode>
					<Icon>
						<href>http://maps.google.com/mapfiles/kml/pushpin/grn-pushpin.png</href>
					</Icon>
				</IconStyle>
				<LineStyle>
					<color>ffffffaa</color>
					<colorMode>normal</colorMode>
				</LineStyle>
				<PolyStyle>
					<color>ffffffaa</color>
					<colorMode>normal</colorMode>
				</PolyStyle>
			</Style>
			<ExtendedData>
				<SchemaData schemaUrl="#S_patok_heksa_MR_CPL_A_SSDD">
					<SimpleData name="KM">88+200</SimpleData>
					<SimpleData name="JALUR">A</SimpleData>
					<SimpleData name="X_edit">-6.60036</SimpleData>
					<SimpleData name="Y_edit">107.427</SimpleData>
				</SchemaData>
			</ExtendedData>
			<Point>
				<coordinates>107.427185633265,-6.600355074963524,0</coordinates>
			</Point>
		</Placemark>
		<Placemark>
			<name>88+400</name>
			<styleUrl>#pointStyleMap</styleUrl>
			<Style id="inline">
				<IconStyle>
					<color>ffffffaa</color>
					<colorMode>normal</colorMode>
					<Icon>
						<href>http://maps.google.com/mapfiles/kml/pushpin/grn-pushpin.png</href>
					</Icon>
				</IconStyle>
				<LineStyle>
					<color>ffffffaa</color>
					<colorMode>normal</colorMode>
				</LineStyle>
				<PolyStyle>
					<color>ffffffaa</color>
					<colorMode>normal</colorMode>
				</PolyStyle>
			</Style>
			<ExtendedData>
				<SchemaData schemaUrl="#S_patok_heksa_MR_CPL_A_SSDD">
					<SimpleData name="KM">88+400</SimpleData>
					<SimpleData name="JALUR">A</SimpleData>
					<SimpleData name="X_edit">-6.60191</SimpleData>
					<SimpleData name="Y_edit">107.426</SimpleData>
				</SchemaData>
			</ExtendedData>
			<Point>
				<coordinates>107.426272905537,-6.601910905004765,0</coordinates>
			</Point>
		</Placemark>
		<Placemark>
			<name>88+600</name>
			<styleUrl>#pointStyleMap</styleUrl>
			<Style id="inline">
				<IconStyle>
					<color>ffffffaa</color>
					<colorMode>normal</colorMode>
					<Icon>
						<href>http://maps.google.com/mapfiles/kml/pushpin/grn-pushpin.png</href>
					</Icon>
				</IconStyle>
				<LineStyle>
					<color>ffffffaa</color>
					<colorMode>normal</colorMode>
				</LineStyle>
				<PolyStyle>
					<color>ffffffaa</color>
					<colorMode>normal</colorMode>
				</PolyStyle>
			</Style>
			<ExtendedData>
				<SchemaData schemaUrl="#S_patok_heksa_MR_CPL_A_SSDD">
					<SimpleData name="KM">88+600</SimpleData>
					<SimpleData name="JALUR">A</SimpleData>
					<SimpleData name="X_edit">-6.60344</SimpleData>
					<SimpleData name="Y_edit">107.425</SimpleData>
				</SchemaData>
			</ExtendedData>
			<Point>
				<coordinates>107.425318298179,-6.603437304639332,0</coordinates>
			</Point>
		</Placemark>
		<Placemark>
			<name>88+800</name>
			<styleUrl>#pointStyleMap</styleUrl>
			<Style id="inline">
				<IconStyle>
					<color>ffffffaa</color>
					<colorMode>normal</colorMode>
					<Icon>
						<href>http://maps.google.com/mapfiles/kml/pushpin/grn-pushpin.png</href>
					</Icon>
				</IconStyle>
				<LineStyle>
					<color>ffffffaa</color>
					<colorMode>normal</colorMode>
				</LineStyle>
				<PolyStyle>
					<color>ffffffaa</color>
					<colorMode>normal</colorMode>
				</PolyStyle>
			</Style>
			<ExtendedData>
				<SchemaData schemaUrl="#S_patok_heksa_MR_CPL_A_SSDD">
					<SimpleData name="KM">88+800</SimpleData>
					<SimpleData name="JALUR">A</SimpleData>
					<SimpleData name="X_edit">-6.60493</SimpleData>
					<SimpleData name="Y_edit">107.424</SimpleData>
				</SchemaData>
			</ExtendedData>
			<Point>
				<coordinates>107.424324025526,-6.604930389348542,0</coordinates>
			</Point>
		</Placemark>
		<Placemark>
			<name>89+0</name>
			<styleUrl>#pointStyleMap</styleUrl>
			<Style id="inline">
				<IconStyle>
					<color>ffffffaa</color>
					<colorMode>normal</colorMode>
					<Icon>
						<href>http://maps.google.com/mapfiles/kml/pushpin/grn-pushpin.png</href>
					</Icon>
				</IconStyle>
				<LineStyle>
					<color>ffffffaa</color>
					<colorMode>normal</colorMode>
				</LineStyle>
				<PolyStyle>
					<color>ffffffaa</color>
					<colorMode>normal</colorMode>
				</PolyStyle>
			</Style>
			<ExtendedData>
				<SchemaData schemaUrl="#S_patok_heksa_MR_CPL_A_SSDD">
					<SimpleData name="KM">89+0</SimpleData>
					<SimpleData name="JALUR">A</SimpleData>
					<SimpleData name="X_edit">-6.60643</SimpleData>
					<SimpleData name="Y_edit">107.423</SimpleData>
				</SchemaData>
			</ExtendedData>
			<Point>
				<coordinates>107.423279420007,-6.606425329813281,0</coordinates>
			</Point>
		</Placemark>
		<Placemark>
			<name>89+200</name>
			<styleUrl>#pointStyleMap</styleUrl>
			<Style id="inline">
				<IconStyle>
					<color>ffffffaa</color>
					<colorMode>normal</colorMode>
					<Icon>
						<href>http://maps.google.com/mapfiles/kml/pushpin/grn-pushpin.png</href>
					</Icon>
				</IconStyle>
				<LineStyle>
					<color>ffffffaa</color>
					<colorMode>normal</colorMode>
				</LineStyle>
				<PolyStyle>
					<color>ffffffaa</color>
					<colorMode>normal</colorMode>
				</PolyStyle>
			</Style>
			<ExtendedData>
				<SchemaData schemaUrl="#S_patok_heksa_MR_CPL_A_SSDD">
					<SimpleData name="KM">89+200</SimpleData>
					<SimpleData name="JALUR">A</SimpleData>
					<SimpleData name="X_edit">-6.60795</SimpleData>
					<SimpleData name="Y_edit">107.422</SimpleData>
				</SchemaData>
			</ExtendedData>
			<Point>
				<coordinates>107.422379200965,-6.607946651274608,0</coordinates>
			</Point>
		</Placemark>
		<Placemark>
			<name>89+400</name>
			<styleUrl>#pointStyleMap</styleUrl>
			<Style id="inline">
				<IconStyle>
					<color>ffffffaa</color>
					<colorMode>normal</colorMode>
					<Icon>
						<href>http://maps.google.com/mapfiles/kml/pushpin/grn-pushpin.png</href>
					</Icon>
				</IconStyle>
				<LineStyle>
					<color>ffffffaa</color>
					<colorMode>normal</colorMode>
				</LineStyle>
				<PolyStyle>
					<color>ffffffaa</color>
					<colorMode>normal</colorMode>
				</PolyStyle>
			</Style>
			<ExtendedData>
				<SchemaData schemaUrl="#S_patok_heksa_MR_CPL_A_SSDD">
					<SimpleData name="KM">89+400</SimpleData>
					<SimpleData name="JALUR">A</SimpleData>
					<SimpleData name="X_edit">-6.60967</SimpleData>
					<SimpleData name="Y_edit">107.422</SimpleData>
				</SchemaData>
			</ExtendedData>
			<Point>
				<coordinates>107.421792329083,-6.609673640960525,0</coordinates>
			</Point>
		</Placemark>
		<Placemark>
			<name>89+600</name>
			<styleUrl>#pointStyleMap</styleUrl>
			<Style id="inline">
				<IconStyle>
					<color>ffffffaa</color>
					<colorMode>normal</colorMode>
					<Icon>
						<href>http://maps.google.com/mapfiles/kml/pushpin/grn-pushpin.png</href>
					</Icon>
				</IconStyle>
				<LineStyle>
					<color>ffffffaa</color>
					<colorMode>normal</colorMode>
				</LineStyle>
				<PolyStyle>
					<color>ffffffaa</color>
					<colorMode>normal</colorMode>
				</PolyStyle>
			</Style>
			<ExtendedData>
				<SchemaData schemaUrl="#S_patok_heksa_MR_CPL_A_SSDD">
					<SimpleData name="KM">89+600</SimpleData>
					<SimpleData name="JALUR">A</SimpleData>
					<SimpleData name="X_edit">-6.61147</SimpleData>
					<SimpleData name="Y_edit">107.422</SimpleData>
				</SchemaData>
			</ExtendedData>
			<Point>
				<coordinates>107.421556586008,-6.6114663579778,0</coordinates>
			</Point>
		</Placemark>
		<Placemark>
			<name>89+800</name>
			<styleUrl>#pointStyleMap</styleUrl>
			<Style id="inline">
				<IconStyle>
					<color>ffffffaa</color>
					<colorMode>normal</colorMode>
					<Icon>
						<href>http://maps.google.com/mapfiles/kml/pushpin/grn-pushpin.png</href>
					</Icon>
				</IconStyle>
				<LineStyle>
					<color>ffffffaa</color>
					<colorMode>normal</colorMode>
				</LineStyle>
				<PolyStyle>
					<color>ffffffaa</color>
					<colorMode>normal</colorMode>
				</PolyStyle>
			</Style>
			<ExtendedData>
				<SchemaData schemaUrl="#S_patok_heksa_MR_CPL_A_SSDD">
					<SimpleData name="KM">89+800</SimpleData>
					<SimpleData name="JALUR">A</SimpleData>
					<SimpleData name="X_edit">-6.61328</SimpleData>
					<SimpleData name="Y_edit">107.422</SimpleData>
				</SchemaData>
			</ExtendedData>
			<Point>
				<coordinates>107.4216971161,-6.613278702086827,0</coordinates>
			</Point>
		</Placemark>
		<Placemark>
			<name>90+0</name>
			<styleUrl>#pointStyleMap</styleUrl>
			<Style id="inline">
				<IconStyle>
					<color>ffffffaa</color>
					<colorMode>normal</colorMode>
					<Icon>
						<href>http://maps.google.com/mapfiles/kml/pushpin/grn-pushpin.png</href>
					</Icon>
				</IconStyle>
				<LineStyle>
					<color>ffffffaa</color>
					<colorMode>normal</colorMode>
				</LineStyle>
				<PolyStyle>
					<color>ffffffaa</color>
					<colorMode>normal</colorMode>
				</PolyStyle>
			</Style>
			<ExtendedData>
				<SchemaData schemaUrl="#S_patok_heksa_MR_CPL_A_SSDD">
					<SimpleData name="KM">90+0</SimpleData>
					<SimpleData name="JALUR">A</SimpleData>
					<SimpleData name="X_edit">-6.61504</SimpleData>
					<SimpleData name="Y_edit">107.422</SimpleData>
				</SchemaData>
			</ExtendedData>
			<Point>
				<coordinates>107.422054513367,-6.615042681198567,0</coordinates>
			</Point>
		</Placemark>
		<Placemark>
			<name>90+200</name>
			<styleUrl>#pointStyleMap</styleUrl>
			<Style id="inline">
				<IconStyle>
					<color>ffffffaa</color>
					<colorMode>normal</colorMode>
					<Icon>
						<href>http://maps.google.com/mapfiles/kml/pushpin/grn-pushpin.png</href>
					</Icon>
				</IconStyle>
				<LineStyle>
					<color>ffffffaa</color>
					<colorMode>normal</colorMode>
				</LineStyle>
				<PolyStyle>
					<color>ffffffaa</color>
					<colorMode>normal</colorMode>
				</PolyStyle>
			</Style>
			<ExtendedData>
				<SchemaData schemaUrl="#S_patok_heksa_MR_CPL_A_SSDD">
					<SimpleData name="KM">90+200</SimpleData>
					<SimpleData name="JALUR">A</SimpleData>
					<SimpleData name="X_edit">-6.61684</SimpleData>
					<SimpleData name="Y_edit">107.422</SimpleData>
				</SchemaData>
			</ExtendedData>
			<Point>
				<coordinates>107.422298708464,-6.616837544390679,0</coordinates>
			</Point>
		</Placemark>
		<Placemark>
			<name>90+400</name>
			<styleUrl>#pointStyleMap</styleUrl>
			<Style id="inline">
				<IconStyle>
					<color>ffffffaa</color>
					<colorMode>normal</colorMode>
					<Icon>
						<href>http://maps.google.com/mapfiles/kml/pushpin/grn-pushpin.png</href>
					</Icon>
				</IconStyle>
				<LineStyle>
					<color>ffffffaa</color>
					<colorMode>normal</colorMode>
				</LineStyle>
				<PolyStyle>
					<color>ffffffaa</color>
					<colorMode>normal</colorMode>
				</PolyStyle>
			</Style>
			<ExtendedData>
				<SchemaData schemaUrl="#S_patok_heksa_MR_CPL_A_SSDD">
					<SimpleData name="KM">90+400</SimpleData>
					<SimpleData name="JALUR">A</SimpleData>
					<SimpleData name="X_edit">-6.61864</SimpleData>
					<SimpleData name="Y_edit">107.422</SimpleData>
				</SchemaData>
			</ExtendedData>
			<Point>
				<coordinates>107.422460378699,-6.618642013384286,0</coordinates>
			</Point>
		</Placemark>
		<Placemark>
			<name>90+600</name>
			<styleUrl>#pointStyleMap</styleUrl>
			<Style id="inline">
				<IconStyle>
					<color>ffffffaa</color>
					<colorMode>normal</colorMode>
					<Icon>
						<href>http://maps.google.com/mapfiles/kml/pushpin/grn-pushpin.png</href>
					</Icon>
				</IconStyle>
				<LineStyle>
					<color>ffffffaa</color>
					<colorMode>normal</colorMode>
				</LineStyle>
				<PolyStyle>
					<color>ffffffaa</color>
					<colorMode>normal</colorMode>
				</PolyStyle>
			</Style>
			<ExtendedData>
				<SchemaData schemaUrl="#S_patok_heksa_MR_CPL_A_SSDD">
					<SimpleData name="KM">90+600</SimpleData>
					<SimpleData name="JALUR">A</SimpleData>
					<SimpleData name="X_edit">-6.62044</SimpleData>
					<SimpleData name="Y_edit">107.423</SimpleData>
				</SchemaData>
			</ExtendedData>
			<Point>
				<coordinates>107.422528445789,-6.620440355356942,0</coordinates>
			</Point>
		</Placemark>
		<Placemark>
			<name>90+800</name>
			<styleUrl>#pointStyleMap</styleUrl>
			<Style id="inline">
				<IconStyle>
					<color>ffffffaa</color>
					<colorMode>normal</colorMode>
					<Icon>
						<href>http://maps.google.com/mapfiles/kml/pushpin/grn-pushpin.png</href>
					</Icon>
				</IconStyle>
				<LineStyle>
					<color>ffffffaa</color>
					<colorMode>normal</colorMode>
				</LineStyle>
				<PolyStyle>
					<color>ffffffaa</color>
					<colorMode>normal</colorMode>
				</PolyStyle>
			</Style>
			<ExtendedData>
				<SchemaData schemaUrl="#S_patok_heksa_MR_CPL_A_SSDD">
					<SimpleData name="KM">90+800</SimpleData>
					<SimpleData name="JALUR">A</SimpleData>
					<SimpleData name="X_edit">-6.62224</SimpleData>
					<SimpleData name="Y_edit">107.423</SimpleData>
				</SchemaData>
			</ExtendedData>
			<Point>
				<coordinates>107.422604921207,-6.622241789652897,0</coordinates>
			</Point>
		</Placemark>
		<Placemark>
			<name>91+0</name>
			<styleUrl>#pointStyleMap</styleUrl>
			<Style id="inline">
				<IconStyle>
					<color>ffffffaa</color>
					<colorMode>normal</colorMode>
					<Icon>
						<href>http://maps.google.com/mapfiles/kml/pushpin/grn-pushpin.png</href>
					</Icon>
				</IconStyle>
				<LineStyle>
					<color>ffffffaa</color>
					<colorMode>normal</colorMode>
				</LineStyle>
				<PolyStyle>
					<color>ffffffaa</color>
					<colorMode>normal</colorMode>
				</PolyStyle>
			</Style>
			<ExtendedData>
				<SchemaData schemaUrl="#S_patok_heksa_MR_CPL_A_SSDD">
					<SimpleData name="KM">91+0</SimpleData>
					<SimpleData name="JALUR">A</SimpleData>
					<SimpleData name="X_edit">-6.62404</SimpleData>
					<SimpleData name="Y_edit">107.423</SimpleData>
				</SchemaData>
			</ExtendedData>
			<Point>
				<coordinates>107.422773192325,-6.624043347875979,0</coordinates>
			</Point>
		</Placemark>
		<Placemark>
			<name>91+200</name>
			<styleUrl>#pointStyleMap</styleUrl>
			<Style id="inline">
				<IconStyle>
					<color>ffffffaa</color>
					<colorMode>normal</colorMode>
					<Icon>
						<href>http://maps.google.com/mapfiles/kml/pushpin/grn-pushpin.png</href>
					</Icon>
				</IconStyle>
				<LineStyle>
					<color>ffffffaa</color>
					<colorMode>normal</colorMode>
				</LineStyle>
				<PolyStyle>
					<color>ffffffaa</color>
					<colorMode>normal</colorMode>
				</PolyStyle>
			</Style>
			<ExtendedData>
				<SchemaData schemaUrl="#S_patok_heksa_MR_CPL_A_SSDD">
					<SimpleData name="KM">91+200</SimpleData>
					<SimpleData name="JALUR">A</SimpleData>
					<SimpleData name="X_edit">-6.62583</SimpleData>
					<SimpleData name="Y_edit">107.423</SimpleData>
				</SchemaData>
			</ExtendedData>
			<Point>
				<coordinates>107.423042884281,-6.625833567645705,0</coordinates>
			</Point>
		</Placemark>
		<Placemark>
			<name>91+400</name>
			<styleUrl>#pointStyleMap</styleUrl>
			<Style id="inline">
				<IconStyle>
					<color>ffffffaa</color>
					<colorMode>normal</colorMode>
					<Icon>
						<href>http://maps.google.com/mapfiles/kml/pushpin/grn-pushpin.png</href>
					</Icon>
				</IconStyle>
				<LineStyle>
					<color>ffffffaa</color>
					<colorMode>normal</colorMode>
				</LineStyle>
				<PolyStyle>
					<color>ffffffaa</color>
					<colorMode>normal</colorMode>
				</PolyStyle>
			</Style>
			<ExtendedData>
				<SchemaData schemaUrl="#S_patok_heksa_MR_CPL_A_SSDD">
					<SimpleData name="KM">91+400</SimpleData>
					<SimpleData name="JALUR">A</SimpleData>
					<SimpleData name="X_edit">-6.62761</SimpleData>
					<SimpleData name="Y_edit">107.423</SimpleData>
				</SchemaData>
			</ExtendedData>
			<Point>
				<coordinates>107.423416875095,-6.627609753473342,0</coordinates>
			</Point>
		</Placemark>
		<Placemark>
			<name>91+600</name>
			<styleUrl>#pointStyleMap</styleUrl>
			<Style id="inline">
				<IconStyle>
					<color>ffffffaa</color>
					<colorMode>normal</colorMode>
					<Icon>
						<href>http://maps.google.com/mapfiles/kml/pushpin/grn-pushpin.png</href>
					</Icon>
				</IconStyle>
				<LineStyle>
					<color>ffffffaa</color>
					<colorMode>normal</colorMode>
				</LineStyle>
				<PolyStyle>
					<color>ffffffaa</color>
					<colorMode>normal</colorMode>
				</PolyStyle>
			</Style>
			<ExtendedData>
				<SchemaData schemaUrl="#S_patok_heksa_MR_CPL_A_SSDD">
					<SimpleData name="KM">91+600</SimpleData>
					<SimpleData name="JALUR">A</SimpleData>
					<SimpleData name="X_edit">-6.62936</SimpleData>
					<SimpleData name="Y_edit">107.424</SimpleData>
				</SchemaData>
			</ExtendedData>
			<Point>
				<coordinates>107.423892896359,-6.629360855727661,0</coordinates>
			</Point>
		</Placemark>
		<Placemark>
			<name>91+800</name>
			<styleUrl>#pointStyleMap</styleUrl>
			<Style id="inline">
				<IconStyle>
					<color>ffffffaa</color>
					<colorMode>normal</colorMode>
					<Icon>
						<href>http://maps.google.com/mapfiles/kml/pushpin/grn-pushpin.png</href>
					</Icon>
				</IconStyle>
				<LineStyle>
					<color>ffffffaa</color>
					<colorMode>normal</colorMode>
				</LineStyle>
				<PolyStyle>
					<color>ffffffaa</color>
					<colorMode>normal</colorMode>
				</PolyStyle>
			</Style>
			<ExtendedData>
				<SchemaData schemaUrl="#S_patok_heksa_MR_CPL_A_SSDD">
					<SimpleData name="KM">91+800</SimpleData>
					<SimpleData name="JALUR">A</SimpleData>
					<SimpleData name="X_edit">-6.63109</SimpleData>
					<SimpleData name="Y_edit">107.424</SimpleData>
				</SchemaData>
			</ExtendedData>
			<Point>
				<coordinates>107.424445247511,-6.631093676745157,0</coordinates>
			</Point>
		</Placemark>
		<Placemark>
			<name>92+0</name>
			<styleUrl>#pointStyleMap</styleUrl>
			<Style id="inline">
				<IconStyle>
					<color>ffffffaa</color>
					<colorMode>normal</colorMode>
					<Icon>
						<href>http://maps.google.com/mapfiles/kml/pushpin/grn-pushpin.png</href>
					</Icon>
				</IconStyle>
				<LineStyle>
					<color>ffffffaa</color>
					<colorMode>normal</colorMode>
				</LineStyle>
				<PolyStyle>
					<color>ffffffaa</color>
					<colorMode>normal</colorMode>
				</PolyStyle>
			</Style>
			<ExtendedData>
				<SchemaData schemaUrl="#S_patok_heksa_MR_CPL_A_SSDD">
					<SimpleData name="KM">92+0</SimpleData>
					<SimpleData name="JALUR">A</SimpleData>
					<SimpleData name="X_edit">-6.63286</SimpleData>
					<SimpleData name="Y_edit">107.425</SimpleData>
				</SchemaData>
			</ExtendedData>
			<Point>
				<coordinates>107.424850126734,-6.632862678488067,0</coordinates>
			</Point>
		</Placemark>
		<Placemark>
			<name>92+200</name>
			<styleUrl>#pointStyleMap</styleUrl>
			<Style id="inline">
				<IconStyle>
					<color>ffffffaa</color>
					<colorMode>normal</colorMode>
					<Icon>
						<href>http://maps.google.com/mapfiles/kml/pushpin/grn-pushpin.png</href>
					</Icon>
				</IconStyle>
				<LineStyle>
					<color>ffffffaa</color>
					<colorMode>normal</colorMode>
				</LineStyle>
				<PolyStyle>
					<color>ffffffaa</color>
					<colorMode>normal</colorMode>
				</PolyStyle>
			</Style>
			<ExtendedData>
				<SchemaData schemaUrl="#S_patok_heksa_MR_CPL_A_SSDD">
					<SimpleData name="KM">92+200</SimpleData>
					<SimpleData name="JALUR">A</SimpleData>
					<SimpleData name="X_edit">-6.63466</SimpleData>
					<SimpleData name="Y_edit">107.425</SimpleData>
				</SchemaData>
			</ExtendedData>
			<Point>
				<coordinates>107.42504842518,-6.634661363081475,0</coordinates>
			</Point>
		</Placemark>
		<Placemark>
			<name>92+400</name>
			<styleUrl>#pointStyleMap</styleUrl>
			<Style id="inline">
				<IconStyle>
					<color>ffffffaa</color>
					<colorMode>normal</colorMode>
					<Icon>
						<href>http://maps.google.com/mapfiles/kml/pushpin/grn-pushpin.png</href>
					</Icon>
				</IconStyle>
				<LineStyle>
					<color>ffffffaa</color>
					<colorMode>normal</colorMode>
				</LineStyle>
				<PolyStyle>
					<color>ffffffaa</color>
					<colorMode>normal</colorMode>
				</PolyStyle>
			</Style>
			<ExtendedData>
				<SchemaData schemaUrl="#S_patok_heksa_MR_CPL_A_SSDD">
					<SimpleData name="KM">92+400</SimpleData>
					<SimpleData name="JALUR">A</SimpleData>
					<SimpleData name="X_edit">-6.63649</SimpleData>
					<SimpleData name="Y_edit">107.426</SimpleData>
				</SchemaData>
			</ExtendedData>
			<Point>
				<coordinates>107.425858663274,-6.636494902908064,0</coordinates>
			</Point>
		</Placemark>
		<Placemark>
			<name>92+600</name>
			<styleUrl>#pointStyleMap</styleUrl>
			<Style id="inline">
				<IconStyle>
					<color>ffffffaa</color>
					<colorMode>normal</colorMode>
					<Icon>
						<href>http://maps.google.com/mapfiles/kml/pushpin/grn-pushpin.png</href>
					</Icon>
				</IconStyle>
				<LineStyle>
					<color>ffffffaa</color>
					<colorMode>normal</colorMode>
				</LineStyle>
				<PolyStyle>
					<color>ffffffaa</color>
					<colorMode>normal</colorMode>
				</PolyStyle>
			</Style>
			<ExtendedData>
				<SchemaData schemaUrl="#S_patok_heksa_MR_CPL_A_SSDD">
					<SimpleData name="KM">92+600</SimpleData>
					<SimpleData name="JALUR">A</SimpleData>
					<SimpleData name="X_edit">-6.63773</SimpleData>
					<SimpleData name="Y_edit">107.427</SimpleData>
				</SchemaData>
			</ExtendedData>
			<Point>
				<coordinates>107.42721640351,-6.637731355634968,0</coordinates>
			</Point>
		</Placemark>
		<Placemark>
			<name>92+800</name>
			<styleUrl>#pointStyleMap</styleUrl>
			<Style id="inline">
				<IconStyle>
					<color>ffffffaa</color>
					<colorMode>normal</colorMode>
					<Icon>
						<href>http://maps.google.com/mapfiles/kml/pushpin/grn-pushpin.png</href>
					</Icon>
				</IconStyle>
				<LineStyle>
					<color>ffffffaa</color>
					<colorMode>normal</colorMode>
				</LineStyle>
				<PolyStyle>
					<color>ffffffaa</color>
					<colorMode>normal</colorMode>
				</PolyStyle>
			</Style>
			<ExtendedData>
				<SchemaData schemaUrl="#S_patok_heksa_MR_CPL_A_SSDD">
					<SimpleData name="KM">92+800</SimpleData>
					<SimpleData name="JALUR">A</SimpleData>
					<SimpleData name="X_edit">-6.63923</SimpleData>
					<SimpleData name="Y_edit">107.428</SimpleData>
				</SchemaData>
			</ExtendedData>
			<Point>
				<coordinates>107.428248045267,-6.639225088112457,0</coordinates>
			</Point>
		</Placemark>
		<Placemark>
			<name>93+0</name>
			<styleUrl>#pointStyleMap</styleUrl>
			<Style id="inline">
				<IconStyle>
					<color>ffffffaa</color>
					<colorMode>normal</colorMode>
					<Icon>
						<href>http://maps.google.com/mapfiles/kml/pushpin/grn-pushpin.png</href>
					</Icon>
				</IconStyle>
				<LineStyle>
					<color>ffffffaa</color>
					<colorMode>normal</colorMode>
				</LineStyle>
				<PolyStyle>
					<color>ffffffaa</color>
					<colorMode>normal</colorMode>
				</PolyStyle>
			</Style>
			<ExtendedData>
				<SchemaData schemaUrl="#S_patok_heksa_MR_CPL_A_SSDD">
					<SimpleData name="KM">93+0</SimpleData>
					<SimpleData name="JALUR">A</SimpleData>
					<SimpleData name="X_edit">-6.64097</SimpleData>
					<SimpleData name="Y_edit">107.429</SimpleData>
				</SchemaData>
			</ExtendedData>
			<Point>
				<coordinates>107.428765678728,-6.640967064407088,0</coordinates>
			</Point>
		</Placemark>
		<Placemark>
			<name>93+200</name>
			<styleUrl>#pointStyleMap</styleUrl>
			<Style id="inline">
				<IconStyle>
					<color>ffffffaa</color>
					<colorMode>normal</colorMode>
					<Icon>
						<href>http://maps.google.com/mapfiles/kml/pushpin/grn-pushpin.png</href>
					</Icon>
				</IconStyle>
				<LineStyle>
					<color>ffffffaa</color>
					<colorMode>normal</colorMode>
				</LineStyle>
				<PolyStyle>
					<color>ffffffaa</color>
					<colorMode>normal</colorMode>
				</PolyStyle>
			</Style>
			<ExtendedData>
				<SchemaData schemaUrl="#S_patok_heksa_MR_CPL_A_SSDD">
					<SimpleData name="KM">93+200</SimpleData>
					<SimpleData name="JALUR">A</SimpleData>
					<SimpleData name="X_edit">-6.64274</SimpleData>
					<SimpleData name="Y_edit">107.429</SimpleData>
				</SchemaData>
			</ExtendedData>
			<Point>
				<coordinates>107.429099617391,-6.642742054219079,0</coordinates>
			</Point>
		</Placemark>
		<Placemark>
			<name>93+400</name>
			<styleUrl>#pointStyleMap</styleUrl>
			<Style id="inline">
				<IconStyle>
					<color>ffffffaa</color>
					<colorMode>normal</colorMode>
					<Icon>
						<href>http://maps.google.com/mapfiles/kml/pushpin/grn-pushpin.png</href>
					</Icon>
				</IconStyle>
				<LineStyle>
					<color>ffffffaa</color>
					<colorMode>normal</colorMode>
				</LineStyle>
				<PolyStyle>
					<color>ffffffaa</color>
					<colorMode>normal</colorMode>
				</PolyStyle>
			</Style>
			<ExtendedData>
				<SchemaData schemaUrl="#S_patok_heksa_MR_CPL_A_SSDD">
					<SimpleData name="KM">93+400</SimpleData>
					<SimpleData name="JALUR">A</SimpleData>
					<SimpleData name="X_edit">-6.64455</SimpleData>
					<SimpleData name="Y_edit">107.429</SimpleData>
				</SchemaData>
			</ExtendedData>
			<Point>
				<coordinates>107.429107857755,-6.644547089249963,0</coordinates>
			</Point>
		</Placemark>
		<Placemark>
			<name>93+600</name>
			<styleUrl>#pointStyleMap</styleUrl>
			<Style id="inline">
				<IconStyle>
					<color>ffffffaa</color>
					<colorMode>normal</colorMode>
					<Icon>
						<href>http://maps.google.com/mapfiles/kml/pushpin/grn-pushpin.png</href>
					</Icon>
				</IconStyle>
				<LineStyle>
					<color>ffffffaa</color>
					<colorMode>normal</colorMode>
				</LineStyle>
				<PolyStyle>
					<color>ffffffaa</color>
					<colorMode>normal</colorMode>
				</PolyStyle>
			</Style>
			<ExtendedData>
				<SchemaData schemaUrl="#S_patok_heksa_MR_CPL_A_SSDD">
					<SimpleData name="KM">93+600</SimpleData>
					<SimpleData name="JALUR">A</SimpleData>
					<SimpleData name="X_edit">-6.64632</SimpleData>
					<SimpleData name="Y_edit">107.429</SimpleData>
				</SchemaData>
			</ExtendedData>
			<Point>
				<coordinates>107.42874810488,-6.646317492717091,0</coordinates>
			</Point>
		</Placemark>
		<Placemark>
			<name>93+800</name>
			<styleUrl>#pointStyleMap</styleUrl>
			<Style id="inline">
				<IconStyle>
					<color>ffffffaa</color>
					<colorMode>normal</colorMode>
					<Icon>
						<href>http://maps.google.com/mapfiles/kml/pushpin/grn-pushpin.png</href>
					</Icon>
				</IconStyle>
				<LineStyle>
					<color>ffffffaa</color>
					<colorMode>normal</colorMode>
				</LineStyle>
				<PolyStyle>
					<color>ffffffaa</color>
					<colorMode>normal</colorMode>
				</PolyStyle>
			</Style>
			<ExtendedData>
				<SchemaData schemaUrl="#S_patok_heksa_MR_CPL_A_SSDD">
					<SimpleData name="KM">93+800</SimpleData>
					<SimpleData name="JALUR">A</SimpleData>
					<SimpleData name="X_edit">-6.64798</SimpleData>
					<SimpleData name="Y_edit">107.428</SimpleData>
				</SchemaData>
			</ExtendedData>
			<Point>
				<coordinates>107.428059889347,-6.647984978306878,0</coordinates>
			</Point>
		</Placemark>
		<Placemark>
			<name>94+0</name>
			<styleUrl>#pointStyleMap</styleUrl>
			<Style id="inline">
				<IconStyle>
					<color>ffffffaa</color>
					<colorMode>normal</colorMode>
					<Icon>
						<href>http://maps.google.com/mapfiles/kml/pushpin/grn-pushpin.png</href>
					</Icon>
				</IconStyle>
				<LineStyle>
					<color>ffffffaa</color>
					<colorMode>normal</colorMode>
				</LineStyle>
				<PolyStyle>
					<color>ffffffaa</color>
					<colorMode>normal</colorMode>
				</PolyStyle>
			</Style>
			<ExtendedData>
				<SchemaData schemaUrl="#S_patok_heksa_MR_CPL_A_SSDD">
					<SimpleData name="KM">94+0</SimpleData>
					<SimpleData name="JALUR">A</SimpleData>
					<SimpleData name="X_edit">-6.6496</SimpleData>
					<SimpleData name="Y_edit">107.427</SimpleData>
				</SchemaData>
			</ExtendedData>
			<Point>
				<coordinates>107.427260953327,-6.649601119457604,0</coordinates>
			</Point>
		</Placemark>
		<Placemark>
			<name>94+200</name>
			<styleUrl>#pointStyleMap</styleUrl>
			<Style id="inline">
				<IconStyle>
					<color>ffffffaa</color>
					<colorMode>normal</colorMode>
					<Icon>
						<href>http://maps.google.com/mapfiles/kml/pushpin/grn-pushpin.png</href>
					</Icon>
				</IconStyle>
				<LineStyle>
					<color>ffffffaa</color>
					<colorMode>normal</colorMode>
				</LineStyle>
				<PolyStyle>
					<color>ffffffaa</color>
					<colorMode>normal</colorMode>
				</PolyStyle>
			</Style>
			<ExtendedData>
				<SchemaData schemaUrl="#S_patok_heksa_MR_CPL_A_SSDD">
					<SimpleData name="KM">94+200</SimpleData>
					<SimpleData name="JALUR">A</SimpleData>
					<SimpleData name="X_edit">-6.65134</SimpleData>
					<SimpleData name="Y_edit">107.427</SimpleData>
				</SchemaData>
			</ExtendedData>
			<Point>
				<coordinates>107.426877705304,-6.651341841369478,0</coordinates>
			</Point>
		</Placemark>
		<Placemark>
			<name>94+400</name>
			<styleUrl>#pointStyleMap</styleUrl>
			<Style id="inline">
				<IconStyle>
					<color>ffffffaa</color>
					<colorMode>normal</colorMode>
					<Icon>
						<href>http://maps.google.com/mapfiles/kml/pushpin/grn-pushpin.png</href>
					</Icon>
				</IconStyle>
				<LineStyle>
					<color>ffffffaa</color>
					<colorMode>normal</colorMode>
				</LineStyle>
				<PolyStyle>
					<color>ffffffaa</color>
					<colorMode>normal</colorMode>
				</PolyStyle>
			</Style>
			<ExtendedData>
				<SchemaData schemaUrl="#S_patok_heksa_MR_CPL_A_SSDD">
					<SimpleData name="KM">94+400</SimpleData>
					<SimpleData name="JALUR">A</SimpleData>
					<SimpleData name="X_edit">-6.65313</SimpleData>
					<SimpleData name="Y_edit">107.427</SimpleData>
				</SchemaData>
			</ExtendedData>
			<Point>
				<coordinates>107.427190884146,-6.653132127357535,0</coordinates>
			</Point>
		</Placemark>
		<Placemark>
			<name>94+600</name>
			<styleUrl>#pointStyleMap</styleUrl>
			<Style id="inline">
				<IconStyle>
					<color>ffffffaa</color>
					<colorMode>normal</colorMode>
					<Icon>
						<href>http://maps.google.com/mapfiles/kml/pushpin/grn-pushpin.png</href>
					</Icon>
				</IconStyle>
				<LineStyle>
					<color>ffffffaa</color>
					<colorMode>normal</colorMode>
				</LineStyle>
				<PolyStyle>
					<color>ffffffaa</color>
					<colorMode>normal</colorMode>
				</PolyStyle>
			</Style>
			<ExtendedData>
				<SchemaData schemaUrl="#S_patok_heksa_MR_CPL_A_SSDD">
					<SimpleData name="KM">94+600</SimpleData>
					<SimpleData name="JALUR">A</SimpleData>
					<SimpleData name="X_edit">-6.65468</SimpleData>
					<SimpleData name="Y_edit">107.428</SimpleData>
				</SchemaData>
			</ExtendedData>
			<Point>
				<coordinates>107.428150971743,-6.654682181109588,0</coordinates>
			</Point>
		</Placemark>
		<Placemark>
			<name>94+800</name>
			<styleUrl>#pointStyleMap</styleUrl>
			<Style id="inline">
				<IconStyle>
					<color>ffffffaa</color>
					<colorMode>normal</colorMode>
					<Icon>
						<href>http://maps.google.com/mapfiles/kml/pushpin/grn-pushpin.png</href>
					</Icon>
				</IconStyle>
				<LineStyle>
					<color>ffffffaa</color>
					<colorMode>normal</colorMode>
				</LineStyle>
				<PolyStyle>
					<color>ffffffaa</color>
					<colorMode>normal</colorMode>
				</PolyStyle>
			</Style>
			<ExtendedData>
				<SchemaData schemaUrl="#S_patok_heksa_MR_CPL_A_SSDD">
					<SimpleData name="KM">94+800</SimpleData>
					<SimpleData name="JALUR">A</SimpleData>
					<SimpleData name="X_edit">-6.6558</SimpleData>
					<SimpleData name="Y_edit">107.43</SimpleData>
				</SchemaData>
			</ExtendedData>
			<Point>
				<coordinates>107.429592495355,-6.655798212380146,0</coordinates>
			</Point>
		</Placemark>
		<Placemark>
			<name>95+0</name>
			<styleUrl>#pointStyleMap</styleUrl>
			<Style id="inline">
				<IconStyle>
					<color>ffffffaa</color>
					<colorMode>normal</colorMode>
					<Icon>
						<href>http://maps.google.com/mapfiles/kml/pushpin/grn-pushpin.png</href>
					</Icon>
				</IconStyle>
				<LineStyle>
					<color>ffffffaa</color>
					<colorMode>normal</colorMode>
				</LineStyle>
				<PolyStyle>
					<color>ffffffaa</color>
					<colorMode>normal</colorMode>
				</PolyStyle>
			</Style>
			<ExtendedData>
				<SchemaData schemaUrl="#S_patok_heksa_MR_CPL_A_SSDD">
					<SimpleData name="KM">95+0</SimpleData>
					<SimpleData name="JALUR">A</SimpleData>
					<SimpleData name="X_edit">-6.65637</SimpleData>
					<SimpleData name="Y_edit">107.431</SimpleData>
				</SchemaData>
			</ExtendedData>
			<Point>
				<coordinates>107.431312830553,-6.656369870898269,0</coordinates>
			</Point>
		</Placemark>
		<Placemark>
			<name>95+200</name>
			<styleUrl>#pointStyleMap</styleUrl>
			<Style id="inline">
				<IconStyle>
					<color>ffffffaa</color>
					<colorMode>normal</colorMode>
					<Icon>
						<href>http://maps.google.com/mapfiles/kml/pushpin/grn-pushpin.png</href>
					</Icon>
				</IconStyle>
				<LineStyle>
					<color>ffffffaa</color>
					<colorMode>normal</colorMode>
				</LineStyle>
				<PolyStyle>
					<color>ffffffaa</color>
					<colorMode>normal</colorMode>
				</PolyStyle>
			</Style>
			<ExtendedData>
				<SchemaData schemaUrl="#S_patok_heksa_MR_CPL_A_SSDD">
					<SimpleData name="KM">95+200</SimpleData>
					<SimpleData name="JALUR">A</SimpleData>
					<SimpleData name="X_edit">-6.65683</SimpleData>
					<SimpleData name="Y_edit">107.433</SimpleData>
				</SchemaData>
			</ExtendedData>
			<Point>
				<coordinates>107.433077165741,-6.656834668811267,0</coordinates>
			</Point>
		</Placemark>
		<Placemark>
			<name>95+400</name>
			<styleUrl>#pointStyleMap</styleUrl>
			<Style id="inline">
				<IconStyle>
					<color>ffffffaa</color>
					<colorMode>normal</colorMode>
					<Icon>
						<href>http://maps.google.com/mapfiles/kml/pushpin/grn-pushpin.png</href>
					</Icon>
				</IconStyle>
				<LineStyle>
					<color>ffffffaa</color>
					<colorMode>normal</colorMode>
				</LineStyle>
				<PolyStyle>
					<color>ffffffaa</color>
					<colorMode>normal</colorMode>
				</PolyStyle>
			</Style>
			<ExtendedData>
				<SchemaData schemaUrl="#S_patok_heksa_MR_CPL_A_SSDD">
					<SimpleData name="KM">95+400</SimpleData>
					<SimpleData name="JALUR">A</SimpleData>
					<SimpleData name="X_edit">-6.65765</SimpleData>
					<SimpleData name="Y_edit">107.435</SimpleData>
				</SchemaData>
			</ExtendedData>
			<Point>
				<coordinates>107.4347245143,-6.657653653225333,0</coordinates>
			</Point>
		</Placemark>
		<Placemark>
			<name>95+600</name>
			<styleUrl>#pointStyleMap</styleUrl>
			<Style id="inline">
				<IconStyle>
					<color>ffffffaa</color>
					<colorMode>normal</colorMode>
					<Icon>
						<href>http://maps.google.com/mapfiles/kml/pushpin/grn-pushpin.png</href>
					</Icon>
				</IconStyle>
				<LineStyle>
					<color>ffffffaa</color>
					<colorMode>normal</colorMode>
				</LineStyle>
				<PolyStyle>
					<color>ffffffaa</color>
					<colorMode>normal</colorMode>
				</PolyStyle>
			</Style>
			<ExtendedData>
				<SchemaData schemaUrl="#S_patok_heksa_MR_CPL_A_SSDD">
					<SimpleData name="KM">95+600</SimpleData>
					<SimpleData name="JALUR">A</SimpleData>
					<SimpleData name="X_edit">-6.65876</SimpleData>
					<SimpleData name="Y_edit">107.436</SimpleData>
				</SchemaData>
			</ExtendedData>
			<Point>
				<coordinates>107.436156852532,-6.658756763535569,0</coordinates>
			</Point>
		</Placemark>
		<Placemark>
			<name>95+800</name>
			<styleUrl>#pointStyleMap</styleUrl>
			<Style id="inline">
				<IconStyle>
					<color>ffffffaa</color>
					<colorMode>normal</colorMode>
					<Icon>
						<href>http://maps.google.com/mapfiles/kml/pushpin/grn-pushpin.png</href>
					</Icon>
				</IconStyle>
				<LineStyle>
					<color>ffffffaa</color>
					<colorMode>normal</colorMode>
				</LineStyle>
				<PolyStyle>
					<color>ffffffaa</color>
					<colorMode>normal</colorMode>
				</PolyStyle>
			</Style>
			<ExtendedData>
				<SchemaData schemaUrl="#S_patok_heksa_MR_CPL_A_SSDD">
					<SimpleData name="KM">95+800</SimpleData>
					<SimpleData name="JALUR">A</SimpleData>
					<SimpleData name="X_edit">-6.66007</SimpleData>
					<SimpleData name="Y_edit">107.437</SimpleData>
				</SchemaData>
			</ExtendedData>
			<Point>
				<coordinates>107.437409789128,-6.660067553934972,0</coordinates>
			</Point>
		</Placemark>
		<Placemark>
			<name>96+0</name>
			<styleUrl>#pointStyleMap</styleUrl>
			<Style id="inline">
				<IconStyle>
					<color>ffffffaa</color>
					<colorMode>normal</colorMode>
					<Icon>
						<href>http://maps.google.com/mapfiles/kml/pushpin/grn-pushpin.png</href>
					</Icon>
				</IconStyle>
				<LineStyle>
					<color>ffffffaa</color>
					<colorMode>normal</colorMode>
				</LineStyle>
				<PolyStyle>
					<color>ffffffaa</color>
					<colorMode>normal</colorMode>
				</PolyStyle>
			</Style>
			<ExtendedData>
				<SchemaData schemaUrl="#S_patok_heksa_MR_CPL_A_SSDD">
					<SimpleData name="KM">96+0</SimpleData>
					<SimpleData name="JALUR">A</SimpleData>
					<SimpleData name="X_edit">-6.66135</SimpleData>
					<SimpleData name="Y_edit">107.439</SimpleData>
				</SchemaData>
			</ExtendedData>
			<Point>
				<coordinates>107.438699157127,-6.66134892249397,0</coordinates>
			</Point>
		</Placemark>
		<Placemark>
			<name>96+200</name>
			<styleUrl>#pointStyleMap</styleUrl>
			<Style id="inline">
				<IconStyle>
					<color>ffffffaa</color>
					<colorMode>normal</colorMode>
					<Icon>
						<href>http://maps.google.com/mapfiles/kml/pushpin/grn-pushpin.png</href>
					</Icon>
				</IconStyle>
				<LineStyle>
					<color>ffffffaa</color>
					<colorMode>normal</colorMode>
				</LineStyle>
				<PolyStyle>
					<color>ffffffaa</color>
					<colorMode>normal</colorMode>
				</PolyStyle>
			</Style>
			<ExtendedData>
				<SchemaData schemaUrl="#S_patok_heksa_MR_CPL_A_SSDD">
					<SimpleData name="KM">96+200</SimpleData>
					<SimpleData name="JALUR">A</SimpleData>
					<SimpleData name="X_edit">-6.66265</SimpleData>
					<SimpleData name="Y_edit">107.44</SimpleData>
				</SchemaData>
			</ExtendedData>
			<Point>
				<coordinates>107.439974363611,-6.662647225886705,0</coordinates>
			</Point>
		</Placemark>
		<Placemark>
			<name>96+400</name>
			<styleUrl>#pointStyleMap</styleUrl>
			<Style id="inline">
				<IconStyle>
					<color>ffffffaa</color>
					<colorMode>normal</colorMode>
					<Icon>
						<href>http://maps.google.com/mapfiles/kml/pushpin/grn-pushpin.png</href>
					</Icon>
				</IconStyle>
				<LineStyle>
					<color>ffffffaa</color>
					<colorMode>normal</colorMode>
				</LineStyle>
				<PolyStyle>
					<color>ffffffaa</color>
					<colorMode>normal</colorMode>
				</PolyStyle>
			</Style>
			<ExtendedData>
				<SchemaData schemaUrl="#S_patok_heksa_MR_CPL_A_SSDD">
					<SimpleData name="KM">96+400</SimpleData>
					<SimpleData name="JALUR">A</SimpleData>
					<SimpleData name="X_edit">-6.66398</SimpleData>
					<SimpleData name="Y_edit">107.441</SimpleData>
				</SchemaData>
			</ExtendedData>
			<Point>
				<coordinates>107.441201386321,-6.66398140980289,0</coordinates>
			</Point>
		</Placemark>
		<Placemark>
			<name>96+600</name>
			<styleUrl>#pointStyleMap</styleUrl>
			<Style id="inline">
				<IconStyle>
					<color>ffffffaa</color>
					<colorMode>normal</colorMode>
					<Icon>
						<href>http://maps.google.com/mapfiles/kml/pushpin/grn-pushpin.png</href>
					</Icon>
				</IconStyle>
				<LineStyle>
					<color>ffffffaa</color>
					<colorMode>normal</colorMode>
				</LineStyle>
				<PolyStyle>
					<color>ffffffaa</color>
					<colorMode>normal</colorMode>
				</PolyStyle>
			</Style>
			<ExtendedData>
				<SchemaData schemaUrl="#S_patok_heksa_MR_CPL_A_SSDD">
					<SimpleData name="KM">96+600</SimpleData>
					<SimpleData name="JALUR">A</SimpleData>
					<SimpleData name="X_edit">-6.66561</SimpleData>
					<SimpleData name="Y_edit">107.442</SimpleData>
				</SchemaData>
			</ExtendedData>
			<Point>
				<coordinates>107.442017794858,-6.665610275031049,0</coordinates>
			</Point>
		</Placemark>
		<Placemark>
			<name>96+800</name>
			<styleUrl>#pointStyleMap</styleUrl>
			<Style id="inline">
				<IconStyle>
					<color>ffffffaa</color>
					<colorMode>normal</colorMode>
					<Icon>
						<href>http://maps.google.com/mapfiles/kml/pushpin/grn-pushpin.png</href>
					</Icon>
				</IconStyle>
				<LineStyle>
					<color>ffffffaa</color>
					<colorMode>normal</colorMode>
				</LineStyle>
				<PolyStyle>
					<color>ffffffaa</color>
					<colorMode>normal</colorMode>
				</PolyStyle>
			</Style>
			<ExtendedData>
				<SchemaData schemaUrl="#S_patok_heksa_MR_CPL_A_SSDD">
					<SimpleData name="KM">96+800</SimpleData>
					<SimpleData name="JALUR">A</SimpleData>
					<SimpleData name="X_edit">-6.66741</SimpleData>
					<SimpleData name="Y_edit">107.442</SimpleData>
				</SchemaData>
			</ExtendedData>
			<Point>
				<coordinates>107.442271848926,-6.66741238877538,0</coordinates>
			</Point>
		</Placemark>
		<Placemark>
			<name>97+0</name>
			<styleUrl>#pointStyleMap</styleUrl>
			<Style id="inline">
				<IconStyle>
					<color>ffffffaa</color>
					<colorMode>normal</colorMode>
					<Icon>
						<href>http://maps.google.com/mapfiles/kml/pushpin/grn-pushpin.png</href>
					</Icon>
				</IconStyle>
				<LineStyle>
					<color>ffffffaa</color>
					<colorMode>normal</colorMode>
				</LineStyle>
				<PolyStyle>
					<color>ffffffaa</color>
					<colorMode>normal</colorMode>
				</PolyStyle>
			</Style>
			<ExtendedData>
				<SchemaData schemaUrl="#S_patok_heksa_MR_CPL_A_SSDD">
					<SimpleData name="KM">97+0</SimpleData>
					<SimpleData name="JALUR">A</SimpleData>
					<SimpleData name="X_edit">-6.66921</SimpleData>
					<SimpleData name="Y_edit">107.442</SimpleData>
				</SchemaData>
			</ExtendedData>
			<Point>
				<coordinates>107.441913875487,-6.669207744381502,0</coordinates>
			</Point>
		</Placemark>
		<Placemark>
			<name>97+200</name>
			<styleUrl>#pointStyleMap</styleUrl>
			<Style id="inline">
				<IconStyle>
					<color>ffffffaa</color>
					<colorMode>normal</colorMode>
					<Icon>
						<href>http://maps.google.com/mapfiles/kml/pushpin/grn-pushpin.png</href>
					</Icon>
				</IconStyle>
				<LineStyle>
					<color>ffffffaa</color>
					<colorMode>normal</colorMode>
				</LineStyle>
				<PolyStyle>
					<color>ffffffaa</color>
					<colorMode>normal</colorMode>
				</PolyStyle>
			</Style>
			<ExtendedData>
				<SchemaData schemaUrl="#S_patok_heksa_MR_CPL_A_SSDD">
					<SimpleData name="KM">97+200</SimpleData>
					<SimpleData name="JALUR">A</SimpleData>
					<SimpleData name="X_edit">-6.67084</SimpleData>
					<SimpleData name="Y_edit">107.441</SimpleData>
				</SchemaData>
			</ExtendedData>
			<Point>
				<coordinates>107.441158849192,-6.670843888408344,0</coordinates>
			</Point>
		</Placemark>
		<Placemark>
			<name>97+400</name>
			<styleUrl>#pointStyleMap</styleUrl>
			<Style id="inline">
				<IconStyle>
					<color>ffffffaa</color>
					<colorMode>normal</colorMode>
					<Icon>
						<href>http://maps.google.com/mapfiles/kml/pushpin/grn-pushpin.png</href>
					</Icon>
				</IconStyle>
				<LineStyle>
					<color>ffffffaa</color>
					<colorMode>normal</colorMode>
				</LineStyle>
				<PolyStyle>
					<color>ffffffaa</color>
					<colorMode>normal</colorMode>
				</PolyStyle>
			</Style>
			<ExtendedData>
				<SchemaData schemaUrl="#S_patok_heksa_MR_CPL_A_SSDD">
					<SimpleData name="KM">97+400</SimpleData>
					<SimpleData name="JALUR">A</SimpleData>
					<SimpleData name="X_edit">-6.67254</SimpleData>
					<SimpleData name="Y_edit">107.44</SimpleData>
				</SchemaData>
			</ExtendedData>
			<Point>
				<coordinates>107.44040674952,-6.672542838670839,0</coordinates>
			</Point>
		</Placemark>
		<Placemark>
			<name>97+600</name>
			<styleUrl>#pointStyleMap</styleUrl>
			<Style id="inline">
				<IconStyle>
					<color>ffffffaa</color>
					<colorMode>normal</colorMode>
					<Icon>
						<href>http://maps.google.com/mapfiles/kml/pushpin/grn-pushpin.png</href>
					</Icon>
				</IconStyle>
				<LineStyle>
					<color>ffffffaa</color>
					<colorMode>normal</colorMode>
				</LineStyle>
				<PolyStyle>
					<color>ffffffaa</color>
					<colorMode>normal</colorMode>
				</PolyStyle>
			</Style>
			<ExtendedData>
				<SchemaData schemaUrl="#S_patok_heksa_MR_CPL_A_SSDD">
					<SimpleData name="KM">97+600</SimpleData>
					<SimpleData name="JALUR">A</SimpleData>
					<SimpleData name="X_edit">-6.67431</SimpleData>
					<SimpleData name="Y_edit">107.44</SimpleData>
				</SchemaData>
			</ExtendedData>
			<Point>
				<coordinates>107.439871927897,-6.67430774036405,0</coordinates>
			</Point>
		</Placemark>
		<Placemark>
			<name>97+800</name>
			<styleUrl>#pointStyleMap</styleUrl>
			<Style id="inline">
				<IconStyle>
					<color>ffffffaa</color>
					<colorMode>normal</colorMode>
					<Icon>
						<href>http://maps.google.com/mapfiles/kml/pushpin/grn-pushpin.png</href>
					</Icon>
				</IconStyle>
				<LineStyle>
					<color>ffffffaa</color>
					<colorMode>normal</colorMode>
				</LineStyle>
				<PolyStyle>
					<color>ffffffaa</color>
					<colorMode>normal</colorMode>
				</PolyStyle>
			</Style>
			<ExtendedData>
				<SchemaData schemaUrl="#S_patok_heksa_MR_CPL_A_SSDD">
					<SimpleData name="KM">97+800</SimpleData>
					<SimpleData name="JALUR">A</SimpleData>
					<SimpleData name="X_edit">-6.67608</SimpleData>
					<SimpleData name="Y_edit">107.44</SimpleData>
				</SchemaData>
			</ExtendedData>
			<Point>
				<coordinates>107.439502490175,-6.676083765443332,0</coordinates>
			</Point>
		</Placemark>
		<Placemark>
			<name>98+0</name>
			<styleUrl>#pointStyleMap</styleUrl>
			<Style id="inline">
				<IconStyle>
					<color>ffffffaa</color>
					<colorMode>normal</colorMode>
					<Icon>
						<href>http://maps.google.com/mapfiles/kml/pushpin/grn-pushpin.png</href>
					</Icon>
				</IconStyle>
				<LineStyle>
					<color>ffffffaa</color>
					<colorMode>normal</colorMode>
				</LineStyle>
				<PolyStyle>
					<color>ffffffaa</color>
					<colorMode>normal</colorMode>
				</PolyStyle>
			</Style>
			<ExtendedData>
				<SchemaData schemaUrl="#S_patok_heksa_MR_CPL_A_SSDD">
					<SimpleData name="KM">98+0</SimpleData>
					<SimpleData name="JALUR">A</SimpleData>
					<SimpleData name="X_edit">-6.67792</SimpleData>
					<SimpleData name="Y_edit">107.439</SimpleData>
				</SchemaData>
			</ExtendedData>
			<Point>
				<coordinates>107.439273476389,-6.677916646584015,0</coordinates>
			</Point>
		</Placemark>
		<Placemark>
			<name>98+200</name>
			<styleUrl>#pointStyleMap</styleUrl>
			<Style id="inline">
				<IconStyle>
					<color>ffffffaa</color>
					<colorMode>normal</colorMode>
					<Icon>
						<href>http://maps.google.com/mapfiles/kml/pushpin/grn-pushpin.png</href>
					</Icon>
				</IconStyle>
				<LineStyle>
					<color>ffffffaa</color>
					<colorMode>normal</colorMode>
				</LineStyle>
				<PolyStyle>
					<color>ffffffaa</color>
					<colorMode>normal</colorMode>
				</PolyStyle>
			</Style>
			<ExtendedData>
				<SchemaData schemaUrl="#S_patok_heksa_MR_CPL_A_SSDD">
					<SimpleData name="KM">98+200</SimpleData>
					<SimpleData name="JALUR">A</SimpleData>
					<SimpleData name="X_edit">-6.67971</SimpleData>
					<SimpleData name="Y_edit">107.439</SimpleData>
				</SchemaData>
			</ExtendedData>
			<Point>
				<coordinates>107.439000938593,-6.679714888941315,0</coordinates>
			</Point>
		</Placemark>
		<Placemark>
			<name>98+400</name>
			<styleUrl>#pointStyleMap</styleUrl>
			<Style id="inline">
				<IconStyle>
					<color>ffffffaa</color>
					<colorMode>normal</colorMode>
					<Icon>
						<href>http://maps.google.com/mapfiles/kml/pushpin/grn-pushpin.png</href>
					</Icon>
				</IconStyle>
				<LineStyle>
					<color>ffffffaa</color>
					<colorMode>normal</colorMode>
				</LineStyle>
				<PolyStyle>
					<color>ffffffaa</color>
					<colorMode>normal</colorMode>
				</PolyStyle>
			</Style>
			<ExtendedData>
				<SchemaData schemaUrl="#S_patok_heksa_MR_CPL_A_SSDD">
					<SimpleData name="KM">98+400</SimpleData>
					<SimpleData name="JALUR">A</SimpleData>
					<SimpleData name="X_edit">-6.68148</SimpleData>
					<SimpleData name="Y_edit">107.438</SimpleData>
				</SchemaData>
			</ExtendedData>
			<Point>
				<coordinates>107.438392565159,-6.681483188846578,0</coordinates>
			</Point>
		</Placemark>
		<Placemark>
			<name>98+600</name>
			<styleUrl>#pointStyleMap</styleUrl>
			<Style id="inline">
				<IconStyle>
					<color>ffffffaa</color>
					<colorMode>normal</colorMode>
					<Icon>
						<href>http://maps.google.com/mapfiles/kml/pushpin/grn-pushpin.png</href>
					</Icon>
				</IconStyle>
				<LineStyle>
					<color>ffffffaa</color>
					<colorMode>normal</colorMode>
				</LineStyle>
				<PolyStyle>
					<color>ffffffaa</color>
					<colorMode>normal</colorMode>
				</PolyStyle>
			</Style>
			<ExtendedData>
				<SchemaData schemaUrl="#S_patok_heksa_MR_CPL_A_SSDD">
					<SimpleData name="KM">98+600</SimpleData>
					<SimpleData name="JALUR">A</SimpleData>
					<SimpleData name="X_edit">-6.68319</SimpleData>
					<SimpleData name="Y_edit">107.438</SimpleData>
				</SchemaData>
			</ExtendedData>
			<Point>
				<coordinates>107.437700844949,-6.683191867982819,0</coordinates>
			</Point>
		</Placemark>
		<Placemark>
			<name>98+800</name>
			<styleUrl>#pointStyleMap</styleUrl>
			<Style id="inline">
				<IconStyle>
					<color>ffffffaa</color>
					<colorMode>normal</colorMode>
					<Icon>
						<href>http://maps.google.com/mapfiles/kml/pushpin/grn-pushpin.png</href>
					</Icon>
				</IconStyle>
				<LineStyle>
					<color>ffffffaa</color>
					<colorMode>normal</colorMode>
				</LineStyle>
				<PolyStyle>
					<color>ffffffaa</color>
					<colorMode>normal</colorMode>
				</PolyStyle>
			</Style>
			<ExtendedData>
				<SchemaData schemaUrl="#S_patok_heksa_MR_CPL_A_SSDD">
					<SimpleData name="KM">98+800</SimpleData>
					<SimpleData name="JALUR">A</SimpleData>
					<SimpleData name="X_edit">-6.68496</SimpleData>
					<SimpleData name="Y_edit">107.437</SimpleData>
				</SchemaData>
			</ExtendedData>
			<Point>
				<coordinates>107.437111782261,-6.684956390543284,0</coordinates>
			</Point>
		</Placemark>
		<Placemark>
			<name>99+0</name>
			<styleUrl>#pointStyleMap</styleUrl>
			<Style id="inline">
				<IconStyle>
					<color>ffffffaa</color>
					<colorMode>normal</colorMode>
					<Icon>
						<href>http://maps.google.com/mapfiles/kml/pushpin/grn-pushpin.png</href>
					</Icon>
				</IconStyle>
				<LineStyle>
					<color>ffffffaa</color>
					<colorMode>normal</colorMode>
				</LineStyle>
				<PolyStyle>
					<color>ffffffaa</color>
					<colorMode>normal</colorMode>
				</PolyStyle>
			</Style>
			<ExtendedData>
				<SchemaData schemaUrl="#S_patok_heksa_MR_CPL_A_SSDD">
					<SimpleData name="KM">99+0</SimpleData>
					<SimpleData name="JALUR">A</SimpleData>
					<SimpleData name="X_edit">-6.68673</SimpleData>
					<SimpleData name="Y_edit">107.437</SimpleData>
				</SchemaData>
			</ExtendedData>
			<Point>
				<coordinates>107.436649879027,-6.686729836579469,0</coordinates>
			</Point>
		</Placemark>
		<Placemark>
			<name>99+200</name>
			<styleUrl>#pointStyleMap</styleUrl>
			<Style id="inline">
				<IconStyle>
					<color>ffffffaa</color>
					<colorMode>normal</colorMode>
					<Icon>
						<href>http://maps.google.com/mapfiles/kml/pushpin/grn-pushpin.png</href>
					</Icon>
				</IconStyle>
				<LineStyle>
					<color>ffffffaa</color>
					<colorMode>normal</colorMode>
				</LineStyle>
				<PolyStyle>
					<color>ffffffaa</color>
					<colorMode>normal</colorMode>
				</PolyStyle>
			</Style>
			<ExtendedData>
				<SchemaData schemaUrl="#S_patok_heksa_MR_CPL_A_SSDD">
					<SimpleData name="KM">99+200</SimpleData>
					<SimpleData name="JALUR">A</SimpleData>
					<SimpleData name="X_edit">-6.68856</SimpleData>
					<SimpleData name="Y_edit">107.436</SimpleData>
				</SchemaData>
			</ExtendedData>
			<Point>
				<coordinates>107.436295636433,-6.688557652704164,0</coordinates>
			</Point>
		</Placemark>
		<Placemark>
			<name>99+400</name>
			<styleUrl>#pointStyleMap</styleUrl>
			<Style id="inline">
				<IconStyle>
					<color>ffffffaa</color>
					<colorMode>normal</colorMode>
					<Icon>
						<href>http://maps.google.com/mapfiles/kml/pushpin/grn-pushpin.png</href>
					</Icon>
				</IconStyle>
				<LineStyle>
					<color>ffffffaa</color>
					<colorMode>normal</colorMode>
				</LineStyle>
				<PolyStyle>
					<color>ffffffaa</color>
					<colorMode>normal</colorMode>
				</PolyStyle>
			</Style>
			<ExtendedData>
				<SchemaData schemaUrl="#S_patok_heksa_MR_CPL_A_SSDD">
					<SimpleData name="KM">99+400</SimpleData>
					<SimpleData name="JALUR">A</SimpleData>
					<SimpleData name="X_edit">-6.69036</SimpleData>
					<SimpleData name="Y_edit">107.436</SimpleData>
				</SchemaData>
			</ExtendedData>
			<Point>
				<coordinates>107.435889912367,-6.690359980842258,0</coordinates>
			</Point>
		</Placemark>
		<Placemark>
			<name>99+600</name>
			<styleUrl>#pointStyleMap</styleUrl>
			<Style id="inline">
				<IconStyle>
					<color>ffffffaa</color>
					<colorMode>normal</colorMode>
					<Icon>
						<href>http://maps.google.com/mapfiles/kml/pushpin/grn-pushpin.png</href>
					</Icon>
				</IconStyle>
				<LineStyle>
					<color>ffffffaa</color>
					<colorMode>normal</colorMode>
				</LineStyle>
				<PolyStyle>
					<color>ffffffaa</color>
					<colorMode>normal</colorMode>
				</PolyStyle>
			</Style>
			<ExtendedData>
				<SchemaData schemaUrl="#S_patok_heksa_MR_CPL_A_SSDD">
					<SimpleData name="KM">99+600</SimpleData>
					<SimpleData name="JALUR">A</SimpleData>
					<SimpleData name="X_edit">-6.69216</SimpleData>
					<SimpleData name="Y_edit">107.436</SimpleData>
				</SchemaData>
			</ExtendedData>
			<Point>
				<coordinates>107.435502241936,-6.692163266062585,0</coordinates>
			</Point>
		</Placemark>
		<Placemark>
			<name>99+800</name>
			<styleUrl>#pointStyleMap</styleUrl>
			<Style id="inline">
				<IconStyle>
					<color>ffffffaa</color>
					<colorMode>normal</colorMode>
					<Icon>
						<href>http://maps.google.com/mapfiles/kml/pushpin/grn-pushpin.png</href>
					</Icon>
				</IconStyle>
				<LineStyle>
					<color>ffffffaa</color>
					<colorMode>normal</colorMode>
				</LineStyle>
				<PolyStyle>
					<color>ffffffaa</color>
					<colorMode>normal</colorMode>
				</PolyStyle>
			</Style>
			<ExtendedData>
				<SchemaData schemaUrl="#S_patok_heksa_MR_CPL_A_SSDD">
					<SimpleData name="KM">99+800</SimpleData>
					<SimpleData name="JALUR">A</SimpleData>
					<SimpleData name="X_edit">-6.69393</SimpleData>
					<SimpleData name="Y_edit">107.435</SimpleData>
				</SchemaData>
			</ExtendedData>
			<Point>
				<coordinates>107.43518629775,-6.693928519704226,0</coordinates>
			</Point>
		</Placemark>
		<Placemark>
			<name>100+0</name>
			<styleUrl>#pointStyleMap</styleUrl>
			<Style id="inline">
				<IconStyle>
					<color>ffffffaa</color>
					<colorMode>normal</colorMode>
					<Icon>
						<href>http://maps.google.com/mapfiles/kml/pushpin/grn-pushpin.png</href>
					</Icon>
				</IconStyle>
				<LineStyle>
					<color>ffffffaa</color>
					<colorMode>normal</colorMode>
				</LineStyle>
				<PolyStyle>
					<color>ffffffaa</color>
					<colorMode>normal</colorMode>
				</PolyStyle>
			</Style>
			<ExtendedData>
				<SchemaData schemaUrl="#S_patok_heksa_MR_CPL_A_SSDD">
					<SimpleData name="KM">100+0</SimpleData>
					<SimpleData name="JALUR">A</SimpleData>
					<SimpleData name="X_edit">-6.69575</SimpleData>
					<SimpleData name="Y_edit">107.435</SimpleData>
				</SchemaData>
			</ExtendedData>
			<Point>
				<coordinates>107.434830410861,-6.695753386139529,0</coordinates>
			</Point>
		</Placemark>
		<Placemark>
			<name>100+200</name>
			<styleUrl>#pointStyleMap</styleUrl>
			<Style id="inline">
				<IconStyle>
					<color>ffffffaa</color>
					<colorMode>normal</colorMode>
					<Icon>
						<href>http://maps.google.com/mapfiles/kml/pushpin/grn-pushpin.png</href>
					</Icon>
				</IconStyle>
				<LineStyle>
					<color>ffffffaa</color>
					<colorMode>normal</colorMode>
				</LineStyle>
				<PolyStyle>
					<color>ffffffaa</color>
					<colorMode>normal</colorMode>
				</PolyStyle>
			</Style>
			<ExtendedData>
				<SchemaData schemaUrl="#S_patok_heksa_MR_CPL_A_SSDD">
					<SimpleData name="KM">100+200</SimpleData>
					<SimpleData name="JALUR">A</SimpleData>
					<SimpleData name="X_edit">-6.69753</SimpleData>
					<SimpleData name="Y_edit">107.434</SimpleData>
				</SchemaData>
			</ExtendedData>
			<Point>
				<coordinates>107.434469491048,-6.697532017286174,0</coordinates>
			</Point>
		</Placemark>
		<Placemark>
			<name>100+400</name>
			<styleUrl>#pointStyleMap</styleUrl>
			<Style id="inline">
				<IconStyle>
					<color>ffffffaa</color>
					<colorMode>normal</colorMode>
					<Icon>
						<href>http://maps.google.com/mapfiles/kml/pushpin/grn-pushpin.png</href>
					</Icon>
				</IconStyle>
				<LineStyle>
					<color>ffffffaa</color>
					<colorMode>normal</colorMode>
				</LineStyle>
				<PolyStyle>
					<color>ffffffaa</color>
					<colorMode>normal</colorMode>
				</PolyStyle>
			</Style>
			<ExtendedData>
				<SchemaData schemaUrl="#S_patok_heksa_MR_CPL_A_SSDD">
					<SimpleData name="KM">100+400</SimpleData>
					<SimpleData name="JALUR">A</SimpleData>
					<SimpleData name="X_edit">-6.6993</SimpleData>
					<SimpleData name="Y_edit">107.434</SimpleData>
				</SchemaData>
			</ExtendedData>
			<Point>
				<coordinates>107.434068653547,-6.699301505654525,0</coordinates>
			</Point>
		</Placemark>
		<Placemark>
			<name>100+600</name>
			<styleUrl>#pointStyleMap</styleUrl>
			<Style id="inline">
				<IconStyle>
					<color>ffffffaa</color>
					<colorMode>normal</colorMode>
					<Icon>
						<href>http://maps.google.com/mapfiles/kml/pushpin/grn-pushpin.png</href>
					</Icon>
				</IconStyle>
				<LineStyle>
					<color>ffffffaa</color>
					<colorMode>normal</colorMode>
				</LineStyle>
				<PolyStyle>
					<color>ffffffaa</color>
					<colorMode>normal</colorMode>
				</PolyStyle>
			</Style>
			<ExtendedData>
				<SchemaData schemaUrl="#S_patok_heksa_MR_CPL_A_SSDD">
					<SimpleData name="KM">100+600</SimpleData>
					<SimpleData name="JALUR">A</SimpleData>
					<SimpleData name="X_edit">-6.70104</SimpleData>
					<SimpleData name="Y_edit">107.434</SimpleData>
				</SchemaData>
			</ExtendedData>
			<Point>
				<coordinates>107.433537258935,-6.701044897272935,0</coordinates>
			</Point>
		</Placemark>
		<Placemark>
			<name>100+800</name>
			<styleUrl>#pointStyleMap</styleUrl>
			<Style id="inline">
				<IconStyle>
					<color>ffffffaa</color>
					<colorMode>normal</colorMode>
					<Icon>
						<href>http://maps.google.com/mapfiles/kml/pushpin/grn-pushpin.png</href>
					</Icon>
				</IconStyle>
				<LineStyle>
					<color>ffffffaa</color>
					<colorMode>normal</colorMode>
				</LineStyle>
				<PolyStyle>
					<color>ffffffaa</color>
					<colorMode>normal</colorMode>
				</PolyStyle>
			</Style>
			<ExtendedData>
				<SchemaData schemaUrl="#S_patok_heksa_MR_CPL_A_SSDD">
					<SimpleData name="KM">100+800</SimpleData>
					<SimpleData name="JALUR">A</SimpleData>
					<SimpleData name="X_edit">-6.70274</SimpleData>
					<SimpleData name="Y_edit">107.433</SimpleData>
				</SchemaData>
			</ExtendedData>
			<Point>
				<coordinates>107.432925744386,-6.702744951967214,0</coordinates>
			</Point>
		</Placemark>
		<Placemark>
			<name>101+0</name>
			<styleUrl>#pointStyleMap</styleUrl>
			<Style id="inline">
				<IconStyle>
					<color>ffffffaa</color>
					<colorMode>normal</colorMode>
					<Icon>
						<href>http://maps.google.com/mapfiles/kml/pushpin/grn-pushpin.png</href>
					</Icon>
				</IconStyle>
				<LineStyle>
					<color>ffffffaa</color>
					<colorMode>normal</colorMode>
				</LineStyle>
				<PolyStyle>
					<color>ffffffaa</color>
					<colorMode>normal</colorMode>
				</PolyStyle>
			</Style>
			<ExtendedData>
				<SchemaData schemaUrl="#S_patok_heksa_MR_CPL_A_SSDD">
					<SimpleData name="KM">101+0</SimpleData>
					<SimpleData name="JALUR">A</SimpleData>
					<SimpleData name="X_edit">-6.70444</SimpleData>
					<SimpleData name="Y_edit">107.432</SimpleData>
				</SchemaData>
			</ExtendedData>
			<Point>
				<coordinates>107.432278797362,-6.704436608664417,0</coordinates>
			</Point>
		</Placemark>
		<Placemark>
			<name>101+200</name>
			<styleUrl>#pointStyleMap</styleUrl>
			<Style id="inline">
				<IconStyle>
					<color>ffffffaa</color>
					<colorMode>normal</colorMode>
					<Icon>
						<href>http://maps.google.com/mapfiles/kml/pushpin/grn-pushpin.png</href>
					</Icon>
				</IconStyle>
				<LineStyle>
					<color>ffffffaa</color>
					<colorMode>normal</colorMode>
				</LineStyle>
				<PolyStyle>
					<color>ffffffaa</color>
					<colorMode>normal</colorMode>
				</PolyStyle>
			</Style>
			<ExtendedData>
				<SchemaData schemaUrl="#S_patok_heksa_MR_CPL_A_SSDD">
					<SimpleData name="KM">101+200</SimpleData>
					<SimpleData name="JALUR">A</SimpleData>
					<SimpleData name="X_edit">-6.70622</SimpleData>
					<SimpleData name="Y_edit">107.432</SimpleData>
				</SchemaData>
			</ExtendedData>
			<Point>
				<coordinates>107.431868470048,-6.706220725703583,0</coordinates>
			</Point>
		</Placemark>
		<Placemark>
			<name>101+400</name>
			<styleUrl>#pointStyleMap</styleUrl>
			<Style id="inline">
				<IconStyle>
					<color>ffffffaa</color>
					<colorMode>normal</colorMode>
					<Icon>
						<href>http://maps.google.com/mapfiles/kml/pushpin/grn-pushpin.png</href>
					</Icon>
				</IconStyle>
				<LineStyle>
					<color>ffffffaa</color>
					<colorMode>normal</colorMode>
				</LineStyle>
				<PolyStyle>
					<color>ffffffaa</color>
					<colorMode>normal</colorMode>
				</PolyStyle>
			</Style>
			<ExtendedData>
				<SchemaData schemaUrl="#S_patok_heksa_MR_CPL_A_SSDD">
					<SimpleData name="KM">101+400</SimpleData>
					<SimpleData name="JALUR">A</SimpleData>
					<SimpleData name="X_edit">-6.70805</SimpleData>
					<SimpleData name="Y_edit">107.432</SimpleData>
				</SchemaData>
			</ExtendedData>
			<Point>
				<coordinates>107.431644787952,-6.708050629856408,0</coordinates>
			</Point>
		</Placemark>
		<Placemark>
			<name>101+600</name>
			<styleUrl>#pointStyleMap</styleUrl>
			<Style id="inline">
				<IconStyle>
					<color>ffffffaa</color>
					<colorMode>normal</colorMode>
					<Icon>
						<href>http://maps.google.com/mapfiles/kml/pushpin/grn-pushpin.png</href>
					</Icon>
				</IconStyle>
				<LineStyle>
					<color>ffffffaa</color>
					<colorMode>normal</colorMode>
				</LineStyle>
				<PolyStyle>
					<color>ffffffaa</color>
					<colorMode>normal</colorMode>
				</PolyStyle>
			</Style>
			<ExtendedData>
				<SchemaData schemaUrl="#S_patok_heksa_MR_CPL_A_SSDD">
					<SimpleData name="KM">101+600</SimpleData>
					<SimpleData name="JALUR">A</SimpleData>
					<SimpleData name="X_edit">-6.70985</SimpleData>
					<SimpleData name="Y_edit">107.432</SimpleData>
				</SchemaData>
			</ExtendedData>
			<Point>
				<coordinates>107.431767587417,-6.709846577522591,0</coordinates>
			</Point>
		</Placemark>
		<Placemark>
			<name>101+800</name>
			<styleUrl>#pointStyleMap</styleUrl>
			<Style id="inline">
				<IconStyle>
					<color>ffffffaa</color>
					<colorMode>normal</colorMode>
					<Icon>
						<href>http://maps.google.com/mapfiles/kml/pushpin/grn-pushpin.png</href>
					</Icon>
				</IconStyle>
				<LineStyle>
					<color>ffffffaa</color>
					<colorMode>normal</colorMode>
				</LineStyle>
				<PolyStyle>
					<color>ffffffaa</color>
					<colorMode>normal</colorMode>
				</PolyStyle>
			</Style>
			<ExtendedData>
				<SchemaData schemaUrl="#S_patok_heksa_MR_CPL_A_SSDD">
					<SimpleData name="KM">101+800</SimpleData>
					<SimpleData name="JALUR">A</SimpleData>
					<SimpleData name="X_edit">-6.71163</SimpleData>
					<SimpleData name="Y_edit">107.432</SimpleData>
				</SchemaData>
			</ExtendedData>
			<Point>
				<coordinates>107.432000796743,-6.71162581016389,0</coordinates>
			</Point>
		</Placemark>
		<Placemark>
			<name>102+0</name>
			<styleUrl>#pointStyleMap</styleUrl>
			<Style id="inline">
				<IconStyle>
					<color>ffffffaa</color>
					<colorMode>normal</colorMode>
					<Icon>
						<href>http://maps.google.com/mapfiles/kml/pushpin/grn-pushpin.png</href>
					</Icon>
				</IconStyle>
				<LineStyle>
					<color>ffffffaa</color>
					<colorMode>normal</colorMode>
				</LineStyle>
				<PolyStyle>
					<color>ffffffaa</color>
					<colorMode>normal</colorMode>
				</PolyStyle>
			</Style>
			<ExtendedData>
				<SchemaData schemaUrl="#S_patok_heksa_MR_CPL_A_SSDD">
					<SimpleData name="KM">102+0</SimpleData>
					<SimpleData name="JALUR">A</SimpleData>
					<SimpleData name="X_edit">-6.71342</SimpleData>
					<SimpleData name="Y_edit">107.432</SimpleData>
				</SchemaData>
			</ExtendedData>
			<Point>
				<coordinates>107.432251733866,-6.713415543549644,0</coordinates>
			</Point>
		</Placemark>
		<Placemark>
			<name>102+200</name>
			<styleUrl>#pointStyleMap</styleUrl>
			<Style id="inline">
				<IconStyle>
					<color>ffffffaa</color>
					<colorMode>normal</colorMode>
					<Icon>
						<href>http://maps.google.com/mapfiles/kml/pushpin/grn-pushpin.png</href>
					</Icon>
				</IconStyle>
				<LineStyle>
					<color>ffffffaa</color>
					<colorMode>normal</colorMode>
				</LineStyle>
				<PolyStyle>
					<color>ffffffaa</color>
					<colorMode>normal</colorMode>
				</PolyStyle>
			</Style>
			<ExtendedData>
				<SchemaData schemaUrl="#S_patok_heksa_MR_CPL_A_SSDD">
					<SimpleData name="KM">102+200</SimpleData>
					<SimpleData name="JALUR">A</SimpleData>
					<SimpleData name="X_edit">-6.71524</SimpleData>
					<SimpleData name="Y_edit">107.433</SimpleData>
				</SchemaData>
			</ExtendedData>
			<Point>
				<coordinates>107.432523369216,-6.715237009948734,0</coordinates>
			</Point>
		</Placemark>
		<Placemark>
			<name>102+400</name>
			<styleUrl>#pointStyleMap</styleUrl>
			<Style id="inline">
				<IconStyle>
					<color>ffffffaa</color>
					<colorMode>normal</colorMode>
					<Icon>
						<href>http://maps.google.com/mapfiles/kml/pushpin/grn-pushpin.png</href>
					</Icon>
				</IconStyle>
				<LineStyle>
					<color>ffffffaa</color>
					<colorMode>normal</colorMode>
				</LineStyle>
				<PolyStyle>
					<color>ffffffaa</color>
					<colorMode>normal</colorMode>
				</PolyStyle>
			</Style>
			<ExtendedData>
				<SchemaData schemaUrl="#S_patok_heksa_MR_CPL_A_SSDD">
					<SimpleData name="KM">102+400</SimpleData>
					<SimpleData name="JALUR">A</SimpleData>
					<SimpleData name="X_edit">-6.71702</SimpleData>
					<SimpleData name="Y_edit">107.433</SimpleData>
				</SchemaData>
			</ExtendedData>
			<Point>
				<coordinates>107.432753599475,-6.717017136714367,0</coordinates>
			</Point>
		</Placemark>
		<Placemark>
			<name>102+600</name>
			<styleUrl>#pointStyleMap</styleUrl>
			<Style id="inline">
				<IconStyle>
					<color>ffffffaa</color>
					<colorMode>normal</colorMode>
					<Icon>
						<href>http://maps.google.com/mapfiles/kml/pushpin/grn-pushpin.png</href>
					</Icon>
				</IconStyle>
				<LineStyle>
					<color>ffffffaa</color>
					<colorMode>normal</colorMode>
				</LineStyle>
				<PolyStyle>
					<color>ffffffaa</color>
					<colorMode>normal</colorMode>
				</PolyStyle>
			</Style>
			<ExtendedData>
				<SchemaData schemaUrl="#S_patok_heksa_MR_CPL_A_SSDD">
					<SimpleData name="KM">102+600</SimpleData>
					<SimpleData name="JALUR">A</SimpleData>
					<SimpleData name="X_edit">-6.71879</SimpleData>
					<SimpleData name="Y_edit">107.433</SimpleData>
				</SchemaData>
			</ExtendedData>
			<Point>
				<coordinates>107.433181166222,-6.718786769425156,0</coordinates>
			</Point>
		</Placemark>
		<Placemark>
			<name>102+800</name>
			<styleUrl>#pointStyleMap</styleUrl>
			<Style id="inline">
				<IconStyle>
					<color>ffffffaa</color>
					<colorMode>normal</colorMode>
					<Icon>
						<href>http://maps.google.com/mapfiles/kml/pushpin/grn-pushpin.png</href>
					</Icon>
				</IconStyle>
				<LineStyle>
					<color>ffffffaa</color>
					<colorMode>normal</colorMode>
				</LineStyle>
				<PolyStyle>
					<color>ffffffaa</color>
					<colorMode>normal</colorMode>
				</PolyStyle>
			</Style>
			<ExtendedData>
				<SchemaData schemaUrl="#S_patok_heksa_MR_CPL_A_SSDD">
					<SimpleData name="KM">102+800</SimpleData>
					<SimpleData name="JALUR">A</SimpleData>
					<SimpleData name="X_edit">-6.72057</SimpleData>
					<SimpleData name="Y_edit">107.434</SimpleData>
				</SchemaData>
			</ExtendedData>
			<Point>
				<coordinates>107.433543810559,-6.720570765170626,0</coordinates>
			</Point>
		</Placemark>
		<Placemark>
			<name>103+0</name>
			<styleUrl>#pointStyleMap</styleUrl>
			<Style id="inline">
				<IconStyle>
					<color>ffffffaa</color>
					<colorMode>normal</colorMode>
					<Icon>
						<href>http://maps.google.com/mapfiles/kml/pushpin/grn-pushpin.png</href>
					</Icon>
				</IconStyle>
				<LineStyle>
					<color>ffffffaa</color>
					<colorMode>normal</colorMode>
				</LineStyle>
				<PolyStyle>
					<color>ffffffaa</color>
					<colorMode>normal</colorMode>
				</PolyStyle>
			</Style>
			<ExtendedData>
				<SchemaData schemaUrl="#S_patok_heksa_MR_CPL_A_SSDD">
					<SimpleData name="KM">103+0</SimpleData>
					<SimpleData name="JALUR">A</SimpleData>
					<SimpleData name="X_edit">-6.72231</SimpleData>
					<SimpleData name="Y_edit">107.434</SimpleData>
				</SchemaData>
			</ExtendedData>
			<Point>
				<coordinates>107.434023914139,-6.722308199958826,0</coordinates>
			</Point>
		</Placemark>
		<Placemark>
			<name>103+200</name>
			<styleUrl>#pointStyleMap</styleUrl>
			<Style id="inline">
				<IconStyle>
					<color>ffffffaa</color>
					<colorMode>normal</colorMode>
					<Icon>
						<href>http://maps.google.com/mapfiles/kml/pushpin/grn-pushpin.png</href>
					</Icon>
				</IconStyle>
				<LineStyle>
					<color>ffffffaa</color>
					<colorMode>normal</colorMode>
				</LineStyle>
				<PolyStyle>
					<color>ffffffaa</color>
					<colorMode>normal</colorMode>
				</PolyStyle>
			</Style>
			<ExtendedData>
				<SchemaData schemaUrl="#S_patok_heksa_MR_CPL_A_SSDD">
					<SimpleData name="KM">103+200</SimpleData>
					<SimpleData name="JALUR">A</SimpleData>
					<SimpleData name="X_edit">-6.72404</SimpleData>
					<SimpleData name="Y_edit">107.435</SimpleData>
				</SchemaData>
			</ExtendedData>
			<Point>
				<coordinates>107.434558426921,-6.72404111541158,0</coordinates>
			</Point>
		</Placemark>
		<Placemark>
			<name>103+400</name>
			<styleUrl>#pointStyleMap</styleUrl>
			<Style id="inline">
				<IconStyle>
					<color>ffffffaa</color>
					<colorMode>normal</colorMode>
					<Icon>
						<href>http://maps.google.com/mapfiles/kml/pushpin/grn-pushpin.png</href>
					</Icon>
				</IconStyle>
				<LineStyle>
					<color>ffffffaa</color>
					<colorMode>normal</colorMode>
				</LineStyle>
				<PolyStyle>
					<color>ffffffaa</color>
					<colorMode>normal</colorMode>
				</PolyStyle>
			</Style>
			<ExtendedData>
				<SchemaData schemaUrl="#S_patok_heksa_MR_CPL_A_SSDD">
					<SimpleData name="KM">103+400</SimpleData>
					<SimpleData name="JALUR">A</SimpleData>
					<SimpleData name="X_edit">-6.72575</SimpleData>
					<SimpleData name="Y_edit">107.435</SimpleData>
				</SchemaData>
			</ExtendedData>
			<Point>
				<coordinates>107.435143532959,-6.725749928654747,0</coordinates>
			</Point>
		</Placemark>
		<Placemark>
			<name>103+600</name>
			<styleUrl>#pointStyleMap</styleUrl>
			<Style id="inline">
				<IconStyle>
					<color>ffffffaa</color>
					<colorMode>normal</colorMode>
					<Icon>
						<href>http://maps.google.com/mapfiles/kml/pushpin/grn-pushpin.png</href>
					</Icon>
				</IconStyle>
				<LineStyle>
					<color>ffffffaa</color>
					<colorMode>normal</colorMode>
				</LineStyle>
				<PolyStyle>
					<color>ffffffaa</color>
					<colorMode>normal</colorMode>
				</PolyStyle>
			</Style>
			<ExtendedData>
				<SchemaData schemaUrl="#S_patok_heksa_MR_CPL_A_SSDD">
					<SimpleData name="KM">103+600</SimpleData>
					<SimpleData name="JALUR">A</SimpleData>
					<SimpleData name="X_edit">-6.72743</SimpleData>
					<SimpleData name="Y_edit">107.436</SimpleData>
				</SchemaData>
			</ExtendedData>
			<Point>
				<coordinates>107.435763501189,-6.727431965929211,0</coordinates>
			</Point>
		</Placemark>
		<Placemark>
			<name>103+800</name>
			<styleUrl>#pointStyleMap</styleUrl>
			<Style id="inline">
				<IconStyle>
					<color>ffffffaa</color>
					<colorMode>normal</colorMode>
					<Icon>
						<href>http://maps.google.com/mapfiles/kml/pushpin/grn-pushpin.png</href>
					</Icon>
				</IconStyle>
				<LineStyle>
					<color>ffffffaa</color>
					<colorMode>normal</colorMode>
				</LineStyle>
				<PolyStyle>
					<color>ffffffaa</color>
					<colorMode>normal</colorMode>
				</PolyStyle>
			</Style>
			<ExtendedData>
				<SchemaData schemaUrl="#S_patok_heksa_MR_CPL_A_SSDD">
					<SimpleData name="KM">103+800</SimpleData>
					<SimpleData name="JALUR">A</SimpleData>
					<SimpleData name="X_edit">-6.72911</SimpleData>
					<SimpleData name="Y_edit">107.436</SimpleData>
				</SchemaData>
			</ExtendedData>
			<Point>
				<coordinates>107.436499201877,-6.729109786164198,0</coordinates>
			</Point>
		</Placemark>
		<Placemark>
			<name>104+0</name>
			<styleUrl>#pointStyleMap</styleUrl>
			<Style id="inline">
				<IconStyle>
					<color>ffffffaa</color>
					<colorMode>normal</colorMode>
					<Icon>
						<href>http://maps.google.com/mapfiles/kml/pushpin/grn-pushpin.png</href>
					</Icon>
				</IconStyle>
				<LineStyle>
					<color>ffffffaa</color>
					<colorMode>normal</colorMode>
				</LineStyle>
				<PolyStyle>
					<color>ffffffaa</color>
					<colorMode>normal</colorMode>
				</PolyStyle>
			</Style>
			<ExtendedData>
				<SchemaData schemaUrl="#S_patok_heksa_MR_CPL_A_SSDD">
					<SimpleData name="KM">104+0</SimpleData>
					<SimpleData name="JALUR">A</SimpleData>
					<SimpleData name="X_edit">-6.73076</SimpleData>
					<SimpleData name="Y_edit">107.437</SimpleData>
				</SchemaData>
			</ExtendedData>
			<Point>
				<coordinates>107.437285293014,-6.730759601523665,0</coordinates>
			</Point>
		</Placemark>
		<Placemark>
			<name>104+200</name>
			<styleUrl>#pointStyleMap</styleUrl>
			<Style id="inline">
				<IconStyle>
					<color>ffffffaa</color>
					<colorMode>normal</colorMode>
					<Icon>
						<href>http://maps.google.com/mapfiles/kml/pushpin/grn-pushpin.png</href>
					</Icon>
				</IconStyle>
				<LineStyle>
					<color>ffffffaa</color>
					<colorMode>normal</colorMode>
				</LineStyle>
				<PolyStyle>
					<color>ffffffaa</color>
					<colorMode>normal</colorMode>
				</PolyStyle>
			</Style>
			<ExtendedData>
				<SchemaData schemaUrl="#S_patok_heksa_MR_CPL_A_SSDD">
					<SimpleData name="KM">104+200</SimpleData>
					<SimpleData name="JALUR">A</SimpleData>
					<SimpleData name="X_edit">-6.73258</SimpleData>
					<SimpleData name="Y_edit">107.438</SimpleData>
				</SchemaData>
			</ExtendedData>
			<Point>
				<coordinates>107.437632561539,-6.732576055291246,0</coordinates>
			</Point>
		</Placemark>
		<Placemark>
			<name>104+400</name>
			<styleUrl>#pointStyleMap</styleUrl>
			<Style id="inline">
				<IconStyle>
					<color>ffffffaa</color>
					<colorMode>normal</colorMode>
					<Icon>
						<href>http://maps.google.com/mapfiles/kml/pushpin/grn-pushpin.png</href>
					</Icon>
				</IconStyle>
				<LineStyle>
					<color>ffffffaa</color>
					<colorMode>normal</colorMode>
				</LineStyle>
				<PolyStyle>
					<color>ffffffaa</color>
					<colorMode>normal</colorMode>
				</PolyStyle>
			</Style>
			<ExtendedData>
				<SchemaData schemaUrl="#S_patok_heksa_MR_CPL_A_SSDD">
					<SimpleData name="KM">104+400</SimpleData>
					<SimpleData name="JALUR">A</SimpleData>
					<SimpleData name="X_edit">-6.73439</SimpleData>
					<SimpleData name="Y_edit">107.437</SimpleData>
				</SchemaData>
			</ExtendedData>
			<Point>
				<coordinates>107.437462095298,-6.734385702187959,0</coordinates>
			</Point>
		</Placemark>
		<Placemark>
			<name>104+600</name>
			<styleUrl>#pointStyleMap</styleUrl>
			<Style id="inline">
				<IconStyle>
					<color>ffffffaa</color>
					<colorMode>normal</colorMode>
					<Icon>
						<href>http://maps.google.com/mapfiles/kml/pushpin/grn-pushpin.png</href>
					</Icon>
				</IconStyle>
				<LineStyle>
					<color>ffffffaa</color>
					<colorMode>normal</colorMode>
				</LineStyle>
				<PolyStyle>
					<color>ffffffaa</color>
					<colorMode>normal</colorMode>
				</PolyStyle>
			</Style>
			<ExtendedData>
				<SchemaData schemaUrl="#S_patok_heksa_MR_CPL_A_SSDD">
					<SimpleData name="KM">104+600</SimpleData>
					<SimpleData name="JALUR">A</SimpleData>
					<SimpleData name="X_edit">-6.73617</SimpleData>
					<SimpleData name="Y_edit">107.437</SimpleData>
				</SchemaData>
			</ExtendedData>
			<Point>
				<coordinates>107.437262731688,-6.736171623331071,0</coordinates>
			</Point>
		</Placemark>
		<Placemark>
			<name>104+800</name>
			<styleUrl>#pointStyleMap</styleUrl>
			<Style id="inline">
				<IconStyle>
					<color>ffffffaa</color>
					<colorMode>normal</colorMode>
					<Icon>
						<href>http://maps.google.com/mapfiles/kml/pushpin/grn-pushpin.png</href>
					</Icon>
				</IconStyle>
				<LineStyle>
					<color>ffffffaa</color>
					<colorMode>normal</colorMode>
				</LineStyle>
				<PolyStyle>
					<color>ffffffaa</color>
					<colorMode>normal</colorMode>
				</PolyStyle>
			</Style>
			<ExtendedData>
				<SchemaData schemaUrl="#S_patok_heksa_MR_CPL_A_SSDD">
					<SimpleData name="KM">104+800</SimpleData>
					<SimpleData name="JALUR">A</SimpleData>
					<SimpleData name="X_edit">-6.738</SimpleData>
					<SimpleData name="Y_edit">107.437</SimpleData>
				</SchemaData>
			</ExtendedData>
			<Point>
				<coordinates>107.437382127978,-6.737998657286377,0</coordinates>
			</Point>
		</Placemark>
		<Placemark>
			<name>105+0</name>
			<styleUrl>#pointStyleMap</styleUrl>
			<Style id="inline">
				<IconStyle>
					<color>ffffffaa</color>
					<colorMode>normal</colorMode>
					<Icon>
						<href>http://maps.google.com/mapfiles/kml/pushpin/grn-pushpin.png</href>
					</Icon>
				</IconStyle>
				<LineStyle>
					<color>ffffffaa</color>
					<colorMode>normal</colorMode>
				</LineStyle>
				<PolyStyle>
					<color>ffffffaa</color>
					<colorMode>normal</colorMode>
				</PolyStyle>
			</Style>
			<ExtendedData>
				<SchemaData schemaUrl="#S_patok_heksa_MR_CPL_A_SSDD">
					<SimpleData name="KM">105+0</SimpleData>
					<SimpleData name="JALUR">A</SimpleData>
					<SimpleData name="X_edit">-6.73976</SimpleData>
					<SimpleData name="Y_edit">107.438</SimpleData>
				</SchemaData>
			</ExtendedData>
			<Point>
				<coordinates>107.437792620761,-6.739758087767605,0</coordinates>
			</Point>
		</Placemark>
		<Placemark>
			<name>105+200</name>
			<styleUrl>#pointStyleMap</styleUrl>
			<Style id="inline">
				<IconStyle>
					<color>ffffffaa</color>
					<colorMode>normal</colorMode>
					<Icon>
						<href>http://maps.google.com/mapfiles/kml/pushpin/grn-pushpin.png</href>
					</Icon>
				</IconStyle>
				<LineStyle>
					<color>ffffffaa</color>
					<colorMode>normal</colorMode>
				</LineStyle>
				<PolyStyle>
					<color>ffffffaa</color>
					<colorMode>normal</colorMode>
				</PolyStyle>
			</Style>
			<ExtendedData>
				<SchemaData schemaUrl="#S_patok_heksa_MR_CPL_A_SSDD">
					<SimpleData name="KM">105+200</SimpleData>
					<SimpleData name="JALUR">A</SimpleData>
					<SimpleData name="X_edit">-6.74143</SimpleData>
					<SimpleData name="Y_edit">107.439</SimpleData>
				</SchemaData>
			</ExtendedData>
			<Point>
				<coordinates>107.438529716458,-6.741426752119859,0</coordinates>
			</Point>
		</Placemark>
		<Placemark>
			<name>105+400</name>
			<styleUrl>#pointStyleMap</styleUrl>
			<Style id="inline">
				<IconStyle>
					<color>ffffffaa</color>
					<colorMode>normal</colorMode>
					<Icon>
						<href>http://maps.google.com/mapfiles/kml/pushpin/grn-pushpin.png</href>
					</Icon>
				</IconStyle>
				<LineStyle>
					<color>ffffffaa</color>
					<colorMode>normal</colorMode>
				</LineStyle>
				<PolyStyle>
					<color>ffffffaa</color>
					<colorMode>normal</colorMode>
				</PolyStyle>
			</Style>
			<ExtendedData>
				<SchemaData schemaUrl="#S_patok_heksa_MR_CPL_A_SSDD">
					<SimpleData name="KM">105+400</SimpleData>
					<SimpleData name="JALUR">A</SimpleData>
					<SimpleData name="X_edit">-6.74304</SimpleData>
					<SimpleData name="Y_edit">107.439</SimpleData>
				</SchemaData>
			</ExtendedData>
			<Point>
				<coordinates>107.439360239935,-6.743039934460828,0</coordinates>
			</Point>
		</Placemark>
		<Placemark>
			<name>105+600</name>
			<styleUrl>#pointStyleMap</styleUrl>
			<Style id="inline">
				<IconStyle>
					<color>ffffffaa</color>
					<colorMode>normal</colorMode>
					<Icon>
						<href>http://maps.google.com/mapfiles/kml/pushpin/grn-pushpin.png</href>
					</Icon>
				</IconStyle>
				<LineStyle>
					<color>ffffffaa</color>
					<colorMode>normal</colorMode>
				</LineStyle>
				<PolyStyle>
					<color>ffffffaa</color>
					<colorMode>normal</colorMode>
				</PolyStyle>
			</Style>
			<ExtendedData>
				<SchemaData schemaUrl="#S_patok_heksa_MR_CPL_A_SSDD">
					<SimpleData name="KM">105+600</SimpleData>
					<SimpleData name="JALUR">A</SimpleData>
					<SimpleData name="X_edit">-6.74472</SimpleData>
					<SimpleData name="Y_edit">107.44</SimpleData>
				</SchemaData>
			</ExtendedData>
			<Point>
				<coordinates>107.440041047331,-6.744716510899769,0</coordinates>
			</Point>
		</Placemark>
		<Placemark>
			<name>105+800</name>
			<styleUrl>#pointStyleMap</styleUrl>
			<Style id="inline">
				<IconStyle>
					<color>ffffffaa</color>
					<colorMode>normal</colorMode>
					<Icon>
						<href>http://maps.google.com/mapfiles/kml/pushpin/grn-pushpin.png</href>
					</Icon>
				</IconStyle>
				<LineStyle>
					<color>ffffffaa</color>
					<colorMode>normal</colorMode>
				</LineStyle>
				<PolyStyle>
					<color>ffffffaa</color>
					<colorMode>normal</colorMode>
				</PolyStyle>
			</Style>
			<ExtendedData>
				<SchemaData schemaUrl="#S_patok_heksa_MR_CPL_A_SSDD">
					<SimpleData name="KM">105+800</SimpleData>
					<SimpleData name="JALUR">A</SimpleData>
					<SimpleData name="X_edit">-6.74652</SimpleData>
					<SimpleData name="Y_edit">107.44</SimpleData>
				</SchemaData>
			</ExtendedData>
			<Point>
				<coordinates>107.440387369717,-6.74652088556649,0</coordinates>
			</Point>
		</Placemark>
		<Placemark>
			<name>106+0</name>
			<styleUrl>#pointStyleMap</styleUrl>
			<Style id="inline">
				<IconStyle>
					<color>ffffffaa</color>
					<colorMode>normal</colorMode>
					<Icon>
						<href>http://maps.google.com/mapfiles/kml/pushpin/grn-pushpin.png</href>
					</Icon>
				</IconStyle>
				<LineStyle>
					<color>ffffffaa</color>
					<colorMode>normal</colorMode>
				</LineStyle>
				<PolyStyle>
					<color>ffffffaa</color>
					<colorMode>normal</colorMode>
				</PolyStyle>
			</Style>
			<ExtendedData>
				<SchemaData schemaUrl="#S_patok_heksa_MR_CPL_A_SSDD">
					<SimpleData name="KM">106+0</SimpleData>
					<SimpleData name="JALUR">A</SimpleData>
					<SimpleData name="X_edit">-6.74833</SimpleData>
					<SimpleData name="Y_edit">107.44</SimpleData>
				</SchemaData>
			</ExtendedData>
			<Point>
				<coordinates>107.440297664389,-6.7483254924947,0</coordinates>
			</Point>
		</Placemark>
		<Placemark>
			<name>106+200</name>
			<styleUrl>#pointStyleMap</styleUrl>
			<Style id="inline">
				<IconStyle>
					<color>ffffffaa</color>
					<colorMode>normal</colorMode>
					<Icon>
						<href>http://maps.google.com/mapfiles/kml/pushpin/grn-pushpin.png</href>
					</Icon>
				</IconStyle>
				<LineStyle>
					<color>ffffffaa</color>
					<colorMode>normal</colorMode>
				</LineStyle>
				<PolyStyle>
					<color>ffffffaa</color>
					<colorMode>normal</colorMode>
				</PolyStyle>
			</Style>
			<ExtendedData>
				<SchemaData schemaUrl="#S_patok_heksa_MR_CPL_A_SSDD">
					<SimpleData name="KM">106+200</SimpleData>
					<SimpleData name="JALUR">A</SimpleData>
					<SimpleData name="X_edit">-6.75009</SimpleData>
					<SimpleData name="Y_edit">107.44</SimpleData>
				</SchemaData>
			</ExtendedData>
			<Point>
				<coordinates>107.440053391208,-6.750094743261313,0</coordinates>
			</Point>
		</Placemark>
		<Placemark>
			<name>106+400</name>
			<styleUrl>#pointStyleMap</styleUrl>
			<Style id="inline">
				<IconStyle>
					<color>ffffffaa</color>
					<colorMode>normal</colorMode>
					<Icon>
						<href>http://maps.google.com/mapfiles/kml/pushpin/grn-pushpin.png</href>
					</Icon>
				</IconStyle>
				<LineStyle>
					<color>ffffffaa</color>
					<colorMode>normal</colorMode>
				</LineStyle>
				<PolyStyle>
					<color>ffffffaa</color>
					<colorMode>normal</colorMode>
				</PolyStyle>
			</Style>
			<ExtendedData>
				<SchemaData schemaUrl="#S_patok_heksa_MR_CPL_A_SSDD">
					<SimpleData name="KM">106+400</SimpleData>
					<SimpleData name="JALUR">A</SimpleData>
					<SimpleData name="X_edit">-6.7519</SimpleData>
					<SimpleData name="Y_edit">107.44</SimpleData>
				</SchemaData>
			</ExtendedData>
			<Point>
				<coordinates>107.439975535802,-6.751897507518407,0</coordinates>
			</Point>
		</Placemark>
		<Placemark>
			<name>106+600</name>
			<styleUrl>#pointStyleMap</styleUrl>
			<Style id="inline">
				<IconStyle>
					<color>ffffffaa</color>
					<colorMode>normal</colorMode>
					<Icon>
						<href>http://maps.google.com/mapfiles/kml/pushpin/grn-pushpin.png</href>
					</Icon>
				</IconStyle>
				<LineStyle>
					<color>ffffffaa</color>
					<colorMode>normal</colorMode>
				</LineStyle>
				<PolyStyle>
					<color>ffffffaa</color>
					<colorMode>normal</colorMode>
				</PolyStyle>
			</Style>
			<ExtendedData>
				<SchemaData schemaUrl="#S_patok_heksa_MR_CPL_A_SSDD">
					<SimpleData name="KM">106+600</SimpleData>
					<SimpleData name="JALUR">A</SimpleData>
					<SimpleData name="X_edit">-6.7537</SimpleData>
					<SimpleData name="Y_edit">107.44</SimpleData>
				</SchemaData>
			</ExtendedData>
			<Point>
				<coordinates>107.440181308665,-6.753700852606325,0</coordinates>
			</Point>
		</Placemark>
		<Placemark>
			<name>106+800</name>
			<styleUrl>#pointStyleMap</styleUrl>
			<Style id="inline">
				<IconStyle>
					<color>ffffffaa</color>
					<colorMode>normal</colorMode>
					<Icon>
						<href>http://maps.google.com/mapfiles/kml/pushpin/grn-pushpin.png</href>
					</Icon>
				</IconStyle>
				<LineStyle>
					<color>ffffffaa</color>
					<colorMode>normal</colorMode>
				</LineStyle>
				<PolyStyle>
					<color>ffffffaa</color>
					<colorMode>normal</colorMode>
				</PolyStyle>
			</Style>
			<ExtendedData>
				<SchemaData schemaUrl="#S_patok_heksa_MR_CPL_A_SSDD">
					<SimpleData name="KM">106+800</SimpleData>
					<SimpleData name="JALUR">A</SimpleData>
					<SimpleData name="X_edit">-6.75551</SimpleData>
					<SimpleData name="Y_edit">107.44</SimpleData>
				</SchemaData>
			</ExtendedData>
			<Point>
				<coordinates>107.440473894503,-6.755508427457784,0</coordinates>
			</Point>
		</Placemark>
		<Placemark>
			<name>107+0</name>
			<styleUrl>#pointStyleMap</styleUrl>
			<Style id="inline">
				<IconStyle>
					<color>ffffffaa</color>
					<colorMode>normal</colorMode>
					<Icon>
						<href>http://maps.google.com/mapfiles/kml/pushpin/grn-pushpin.png</href>
					</Icon>
				</IconStyle>
				<LineStyle>
					<color>ffffffaa</color>
					<colorMode>normal</colorMode>
				</LineStyle>
				<PolyStyle>
					<color>ffffffaa</color>
					<colorMode>normal</colorMode>
				</PolyStyle>
			</Style>
			<ExtendedData>
				<SchemaData schemaUrl="#S_patok_heksa_MR_CPL_A_SSDD">
					<SimpleData name="KM">107+0</SimpleData>
					<SimpleData name="JALUR">A</SimpleData>
					<SimpleData name="X_edit">-6.75732</SimpleData>
					<SimpleData name="Y_edit">107.441</SimpleData>
				</SchemaData>
			</ExtendedData>
			<Point>
				<coordinates>107.440681741648,-6.7573184668158,0</coordinates>
			</Point>
		</Placemark>
		<Placemark>
			<name>107+200</name>
			<styleUrl>#pointStyleMap</styleUrl>
			<Style id="inline">
				<IconStyle>
					<color>ffffffaa</color>
					<colorMode>normal</colorMode>
					<Icon>
						<href>http://maps.google.com/mapfiles/kml/pushpin/grn-pushpin.png</href>
					</Icon>
				</IconStyle>
				<LineStyle>
					<color>ffffffaa</color>
					<colorMode>normal</colorMode>
				</LineStyle>
				<PolyStyle>
					<color>ffffffaa</color>
					<colorMode>normal</colorMode>
				</PolyStyle>
			</Style>
			<ExtendedData>
				<SchemaData schemaUrl="#S_patok_heksa_MR_CPL_A_SSDD">
					<SimpleData name="KM">107+200</SimpleData>
					<SimpleData name="JALUR">A</SimpleData>
					<SimpleData name="X_edit">-6.75911</SimpleData>
					<SimpleData name="Y_edit">107.441</SimpleData>
				</SchemaData>
			</ExtendedData>
			<Point>
				<coordinates>107.440744869026,-6.759106668311919,0</coordinates>
			</Point>
		</Placemark>
		<Placemark>
			<name>107+400</name>
			<styleUrl>#pointStyleMap</styleUrl>
			<Style id="inline">
				<IconStyle>
					<color>ffffffaa</color>
					<colorMode>normal</colorMode>
					<Icon>
						<href>http://maps.google.com/mapfiles/kml/pushpin/grn-pushpin.png</href>
					</Icon>
				</IconStyle>
				<LineStyle>
					<color>ffffffaa</color>
					<colorMode>normal</colorMode>
				</LineStyle>
				<PolyStyle>
					<color>ffffffaa</color>
					<colorMode>normal</colorMode>
				</PolyStyle>
			</Style>
			<ExtendedData>
				<SchemaData schemaUrl="#S_patok_heksa_MR_CPL_A_SSDD">
					<SimpleData name="KM">107+400</SimpleData>
					<SimpleData name="JALUR">A</SimpleData>
					<SimpleData name="X_edit">-6.76093</SimpleData>
					<SimpleData name="Y_edit">107.441</SimpleData>
				</SchemaData>
			</ExtendedData>
			<Point>
				<coordinates>107.440676847438,-6.760929860490967,0</coordinates>
			</Point>
		</Placemark>
		<Placemark>
			<name>107+600</name>
			<styleUrl>#pointStyleMap</styleUrl>
			<Style id="inline">
				<IconStyle>
					<color>ffffffaa</color>
					<colorMode>normal</colorMode>
					<Icon>
						<href>http://maps.google.com/mapfiles/kml/pushpin/grn-pushpin.png</href>
					</Icon>
				</IconStyle>
				<LineStyle>
					<color>ffffffaa</color>
					<colorMode>normal</colorMode>
				</LineStyle>
				<PolyStyle>
					<color>ffffffaa</color>
					<colorMode>normal</colorMode>
				</PolyStyle>
			</Style>
			<ExtendedData>
				<SchemaData schemaUrl="#S_patok_heksa_MR_CPL_A_SSDD">
					<SimpleData name="KM">107+600</SimpleData>
					<SimpleData name="JALUR">A</SimpleData>
					<SimpleData name="X_edit">-6.76275</SimpleData>
					<SimpleData name="Y_edit">107.441</SimpleData>
				</SchemaData>
			</ExtendedData>
			<Point>
				<coordinates>107.440508097335,-6.762746162430878,0</coordinates>
			</Point>
		</Placemark>
		<Placemark>
			<name>107+800</name>
			<styleUrl>#pointStyleMap</styleUrl>
			<Style id="inline">
				<IconStyle>
					<color>ffffffaa</color>
					<colorMode>normal</colorMode>
					<Icon>
						<href>http://maps.google.com/mapfiles/kml/pushpin/grn-pushpin.png</href>
					</Icon>
				</IconStyle>
				<LineStyle>
					<color>ffffffaa</color>
					<colorMode>normal</colorMode>
				</LineStyle>
				<PolyStyle>
					<color>ffffffaa</color>
					<colorMode>normal</colorMode>
				</PolyStyle>
			</Style>
			<ExtendedData>
				<SchemaData schemaUrl="#S_patok_heksa_MR_CPL_A_SSDD">
					<SimpleData name="KM">107+800</SimpleData>
					<SimpleData name="JALUR">A</SimpleData>
					<SimpleData name="X_edit">-6.76453</SimpleData>
					<SimpleData name="Y_edit">107.44</SimpleData>
				</SchemaData>
			</ExtendedData>
			<Point>
				<coordinates>107.440251754538,-6.764532408575294,0</coordinates>
			</Point>
		</Placemark>
		<Placemark>
			<name>108+0</name>
			<styleUrl>#pointStyleMap</styleUrl>
			<Style id="inline">
				<IconStyle>
					<color>ffffffaa</color>
					<colorMode>normal</colorMode>
					<Icon>
						<href>http://maps.google.com/mapfiles/kml/pushpin/grn-pushpin.png</href>
					</Icon>
				</IconStyle>
				<LineStyle>
					<color>ffffffaa</color>
					<colorMode>normal</colorMode>
				</LineStyle>
				<PolyStyle>
					<color>ffffffaa</color>
					<colorMode>normal</colorMode>
				</PolyStyle>
			</Style>
			<ExtendedData>
				<SchemaData schemaUrl="#S_patok_heksa_MR_CPL_A_SSDD">
					<SimpleData name="KM">108+0</SimpleData>
					<SimpleData name="JALUR">A</SimpleData>
					<SimpleData name="X_edit">-6.76636</SimpleData>
					<SimpleData name="Y_edit">107.44</SimpleData>
				</SchemaData>
			</ExtendedData>
			<Point>
				<coordinates>107.440402583902,-6.766360210904825,0</coordinates>
			</Point>
		</Placemark>
		<Placemark>
			<name>108+200</name>
			<styleUrl>#pointStyleMap</styleUrl>
			<Style id="inline">
				<IconStyle>
					<color>ffffffaa</color>
					<colorMode>normal</colorMode>
					<Icon>
						<href>http://maps.google.com/mapfiles/kml/pushpin/grn-pushpin.png</href>
					</Icon>
				</IconStyle>
				<LineStyle>
					<color>ffffffaa</color>
					<colorMode>normal</colorMode>
				</LineStyle>
				<PolyStyle>
					<color>ffffffaa</color>
					<colorMode>normal</colorMode>
				</PolyStyle>
			</Style>
			<ExtendedData>
				<SchemaData schemaUrl="#S_patok_heksa_MR_CPL_A_SSDD">
					<SimpleData name="KM">108+200</SimpleData>
					<SimpleData name="JALUR">A</SimpleData>
					<SimpleData name="X_edit">-6.76814</SimpleData>
					<SimpleData name="Y_edit">107.441</SimpleData>
				</SchemaData>
			</ExtendedData>
			<Point>
				<coordinates>107.440681910094,-6.76813744145641,0</coordinates>
			</Point>
		</Placemark>
		<Placemark>
			<name>108+400</name>
			<styleUrl>#pointStyleMap</styleUrl>
			<Style id="inline">
				<IconStyle>
					<color>ffffffaa</color>
					<colorMode>normal</colorMode>
					<Icon>
						<href>http://maps.google.com/mapfiles/kml/pushpin/grn-pushpin.png</href>
					</Icon>
				</IconStyle>
				<LineStyle>
					<color>ffffffaa</color>
					<colorMode>normal</colorMode>
				</LineStyle>
				<PolyStyle>
					<color>ffffffaa</color>
					<colorMode>normal</colorMode>
				</PolyStyle>
			</Style>
			<ExtendedData>
				<SchemaData schemaUrl="#S_patok_heksa_MR_CPL_A_SSDD">
					<SimpleData name="KM">108+400</SimpleData>
					<SimpleData name="JALUR">A</SimpleData>
					<SimpleData name="X_edit">-6.76993</SimpleData>
					<SimpleData name="Y_edit">107.441</SimpleData>
				</SchemaData>
			</ExtendedData>
			<Point>
				<coordinates>107.440923149012,-6.769929215647148,0</coordinates>
			</Point>
		</Placemark>
		<Placemark>
			<name>108+600</name>
			<styleUrl>#pointStyleMap</styleUrl>
			<Style id="inline">
				<IconStyle>
					<color>ffffffaa</color>
					<colorMode>normal</colorMode>
					<Icon>
						<href>http://maps.google.com/mapfiles/kml/pushpin/grn-pushpin.png</href>
					</Icon>
				</IconStyle>
				<LineStyle>
					<color>ffffffaa</color>
					<colorMode>normal</colorMode>
				</LineStyle>
				<PolyStyle>
					<color>ffffffaa</color>
					<colorMode>normal</colorMode>
				</PolyStyle>
			</Style>
			<ExtendedData>
				<SchemaData schemaUrl="#S_patok_heksa_MR_CPL_A_SSDD">
					<SimpleData name="KM">108+600</SimpleData>
					<SimpleData name="JALUR">A</SimpleData>
					<SimpleData name="X_edit">-6.77175</SimpleData>
					<SimpleData name="Y_edit">107.441</SimpleData>
				</SchemaData>
			</ExtendedData>
			<Point>
				<coordinates>107.440865075357,-6.771748963436444,0</coordinates>
			</Point>
		</Placemark>
		<Placemark>
			<name>108+800</name>
			<styleUrl>#pointStyleMap</styleUrl>
			<Style id="inline">
				<IconStyle>
					<color>ffffffaa</color>
					<colorMode>normal</colorMode>
					<Icon>
						<href>http://maps.google.com/mapfiles/kml/pushpin/grn-pushpin.png</href>
					</Icon>
				</IconStyle>
				<LineStyle>
					<color>ffffffaa</color>
					<colorMode>normal</colorMode>
				</LineStyle>
				<PolyStyle>
					<color>ffffffaa</color>
					<colorMode>normal</colorMode>
				</PolyStyle>
			</Style>
			<ExtendedData>
				<SchemaData schemaUrl="#S_patok_heksa_MR_CPL_A_SSDD">
					<SimpleData name="KM">108+800</SimpleData>
					<SimpleData name="JALUR">A</SimpleData>
					<SimpleData name="X_edit">-6.77356</SimpleData>
					<SimpleData name="Y_edit">107.441</SimpleData>
				</SchemaData>
			</ExtendedData>
			<Point>
				<coordinates>107.440661739361,-6.773564367748241,0</coordinates>
			</Point>
		</Placemark>
		<Placemark>
			<name>109+0</name>
			<styleUrl>#pointStyleMap</styleUrl>
			<Style id="inline">
				<IconStyle>
					<color>ffffffaa</color>
					<colorMode>normal</colorMode>
					<Icon>
						<href>http://maps.google.com/mapfiles/kml/pushpin/grn-pushpin.png</href>
					</Icon>
				</IconStyle>
				<LineStyle>
					<color>ffffffaa</color>
					<colorMode>normal</colorMode>
				</LineStyle>
				<PolyStyle>
					<color>ffffffaa</color>
					<colorMode>normal</colorMode>
				</PolyStyle>
			</Style>
			<ExtendedData>
				<SchemaData schemaUrl="#S_patok_heksa_MR_CPL_A_SSDD">
					<SimpleData name="KM">109+0</SimpleData>
					<SimpleData name="JALUR">A</SimpleData>
					<SimpleData name="X_edit">-6.77536</SimpleData>
					<SimpleData name="Y_edit">107.44</SimpleData>
				</SchemaData>
			</ExtendedData>
			<Point>
				<coordinates>107.440299688323,-6.775355723930692,0</coordinates>
			</Point>
		</Placemark>
		<Placemark>
			<name>109+200</name>
			<styleUrl>#pointStyleMap</styleUrl>
			<Style id="inline">
				<IconStyle>
					<color>ffffffaa</color>
					<colorMode>normal</colorMode>
					<Icon>
						<href>http://maps.google.com/mapfiles/kml/pushpin/grn-pushpin.png</href>
					</Icon>
				</IconStyle>
				<LineStyle>
					<color>ffffffaa</color>
					<colorMode>normal</colorMode>
				</LineStyle>
				<PolyStyle>
					<color>ffffffaa</color>
					<colorMode>normal</colorMode>
				</PolyStyle>
			</Style>
			<ExtendedData>
				<SchemaData schemaUrl="#S_patok_heksa_MR_CPL_A_SSDD">
					<SimpleData name="KM">109+200</SimpleData>
					<SimpleData name="JALUR">A</SimpleData>
					<SimpleData name="X_edit">-6.77715</SimpleData>
					<SimpleData name="Y_edit">107.44</SimpleData>
				</SchemaData>
			</ExtendedData>
			<Point>
				<coordinates>107.440075171001,-6.777153085406984,0</coordinates>
			</Point>
		</Placemark>
		<Placemark>
			<name>109+400</name>
			<styleUrl>#pointStyleMap</styleUrl>
			<Style id="inline">
				<IconStyle>
					<color>ffffffaa</color>
					<colorMode>normal</colorMode>
					<Icon>
						<href>http://maps.google.com/mapfiles/kml/pushpin/grn-pushpin.png</href>
					</Icon>
				</IconStyle>
				<LineStyle>
					<color>ffffffaa</color>
					<colorMode>normal</colorMode>
				</LineStyle>
				<PolyStyle>
					<color>ffffffaa</color>
					<colorMode>normal</colorMode>
				</PolyStyle>
			</Style>
			<ExtendedData>
				<SchemaData schemaUrl="#S_patok_heksa_MR_CPL_A_SSDD">
					<SimpleData name="KM">109+400</SimpleData>
					<SimpleData name="JALUR">A</SimpleData>
					<SimpleData name="X_edit">-6.77896</SimpleData>
					<SimpleData name="Y_edit">107.44</SimpleData>
				</SchemaData>
			</ExtendedData>
			<Point>
				<coordinates>107.440100361186,-6.77895750392187,0</coordinates>
			</Point>
		</Placemark>
		<Placemark>
			<name>109+600</name>
			<styleUrl>#pointStyleMap</styleUrl>
			<Style id="inline">
				<IconStyle>
					<color>ffffffaa</color>
					<colorMode>normal</colorMode>
					<Icon>
						<href>http://maps.google.com/mapfiles/kml/pushpin/grn-pushpin.png</href>
					</Icon>
				</IconStyle>
				<LineStyle>
					<color>ffffffaa</color>
					<colorMode>normal</colorMode>
				</LineStyle>
				<PolyStyle>
					<color>ffffffaa</color>
					<colorMode>normal</colorMode>
				</PolyStyle>
			</Style>
			<ExtendedData>
				<SchemaData schemaUrl="#S_patok_heksa_MR_CPL_A_SSDD">
					<SimpleData name="KM">109+600</SimpleData>
					<SimpleData name="JALUR">A</SimpleData>
					<SimpleData name="X_edit">-6.78074</SimpleData>
					<SimpleData name="Y_edit">107.44</SimpleData>
				</SchemaData>
			</ExtendedData>
			<Point>
				<coordinates>107.440496243131,-6.780736234326616,0</coordinates>
			</Point>
		</Placemark>
		<Placemark>
			<name>109+800</name>
			<styleUrl>#pointStyleMap</styleUrl>
			<Style id="inline">
				<IconStyle>
					<color>ffffffaa</color>
					<colorMode>normal</colorMode>
					<Icon>
						<href>http://maps.google.com/mapfiles/kml/pushpin/grn-pushpin.png</href>
					</Icon>
				</IconStyle>
				<LineStyle>
					<color>ffffffaa</color>
					<colorMode>normal</colorMode>
				</LineStyle>
				<PolyStyle>
					<color>ffffffaa</color>
					<colorMode>normal</colorMode>
				</PolyStyle>
			</Style>
			<ExtendedData>
				<SchemaData schemaUrl="#S_patok_heksa_MR_CPL_A_SSDD">
					<SimpleData name="KM">109+800</SimpleData>
					<SimpleData name="JALUR">A</SimpleData>
					<SimpleData name="X_edit">-6.78246</SimpleData>
					<SimpleData name="Y_edit">107.441</SimpleData>
				</SchemaData>
			</ExtendedData>
			<Point>
				<coordinates>107.441043005003,-6.782459879885039,0</coordinates>
			</Point>
		</Placemark>
		<Placemark>
			<name>110+0</name>
			<styleUrl>#pointStyleMap</styleUrl>
			<Style id="inline">
				<IconStyle>
					<color>ffffffaa</color>
					<colorMode>normal</colorMode>
					<Icon>
						<href>http://maps.google.com/mapfiles/kml/pushpin/grn-pushpin.png</href>
					</Icon>
				</IconStyle>
				<LineStyle>
					<color>ffffffaa</color>
					<colorMode>normal</colorMode>
				</LineStyle>
				<PolyStyle>
					<color>ffffffaa</color>
					<colorMode>normal</colorMode>
				</PolyStyle>
			</Style>
			<ExtendedData>
				<SchemaData schemaUrl="#S_patok_heksa_MR_CPL_A_SSDD">
					<SimpleData name="KM">110+0</SimpleData>
					<SimpleData name="JALUR">A</SimpleData>
					<SimpleData name="X_edit">-6.78411</SimpleData>
					<SimpleData name="Y_edit">107.442</SimpleData>
				</SchemaData>
			</ExtendedData>
			<Point>
				<coordinates>107.44181651336,-6.784105815086512,0</coordinates>
			</Point>
		</Placemark>
		<Placemark>
			<name>110+200</name>
			<styleUrl>#pointStyleMap</styleUrl>
			<Style id="inline">
				<IconStyle>
					<color>ffffffaa</color>
					<colorMode>normal</colorMode>
					<Icon>
						<href>http://maps.google.com/mapfiles/kml/pushpin/grn-pushpin.png</href>
					</Icon>
				</IconStyle>
				<LineStyle>
					<color>ffffffaa</color>
					<colorMode>normal</colorMode>
				</LineStyle>
				<PolyStyle>
					<color>ffffffaa</color>
					<colorMode>normal</colorMode>
				</PolyStyle>
			</Style>
			<ExtendedData>
				<SchemaData schemaUrl="#S_patok_heksa_MR_CPL_A_SSDD">
					<SimpleData name="KM">110+200</SimpleData>
					<SimpleData name="JALUR">A</SimpleData>
					<SimpleData name="X_edit">-6.7857</SimpleData>
					<SimpleData name="Y_edit">107.443</SimpleData>
				</SchemaData>
			</ExtendedData>
			<Point>
				<coordinates>107.442723262942,-6.785700763398754,0</coordinates>
			</Point>
		</Placemark>
		<Placemark>
			<name>110+400</name>
			<styleUrl>#pointStyleMap</styleUrl>
			<Style id="inline">
				<IconStyle>
					<color>ffffffaa</color>
					<colorMode>normal</colorMode>
					<Icon>
						<href>http://maps.google.com/mapfiles/kml/pushpin/grn-pushpin.png</href>
					</Icon>
				</IconStyle>
				<LineStyle>
					<color>ffffffaa</color>
					<colorMode>normal</colorMode>
				</LineStyle>
				<PolyStyle>
					<color>ffffffaa</color>
					<colorMode>normal</colorMode>
				</PolyStyle>
			</Style>
			<ExtendedData>
				<SchemaData schemaUrl="#S_patok_heksa_MR_CPL_A_SSDD">
					<SimpleData name="KM">110+400</SimpleData>
					<SimpleData name="JALUR">A</SimpleData>
					<SimpleData name="X_edit">-6.78745</SimpleData>
					<SimpleData name="Y_edit">107.443</SimpleData>
				</SchemaData>
			</ExtendedData>
			<Point>
				<coordinates>107.443427899193,-6.787445076303831,0</coordinates>
			</Point>
		</Placemark>
		<Placemark>
			<name>110+600</name>
			<styleUrl>#pointStyleMap</styleUrl>
			<Style id="inline">
				<IconStyle>
					<color>ffffffaa</color>
					<colorMode>normal</colorMode>
					<Icon>
						<href>http://maps.google.com/mapfiles/kml/pushpin/grn-pushpin.png</href>
					</Icon>
				</IconStyle>
				<LineStyle>
					<color>ffffffaa</color>
					<colorMode>normal</colorMode>
				</LineStyle>
				<PolyStyle>
					<color>ffffffaa</color>
					<colorMode>normal</colorMode>
				</PolyStyle>
			</Style>
			<ExtendedData>
				<SchemaData schemaUrl="#S_patok_heksa_MR_CPL_A_SSDD">
					<SimpleData name="KM">110+600</SimpleData>
					<SimpleData name="JALUR">A</SimpleData>
					<SimpleData name="X_edit">-6.78926</SimpleData>
					<SimpleData name="Y_edit">107.444</SimpleData>
				</SchemaData>
			</ExtendedData>
			<Point>
				<coordinates>107.44374692205,-6.789259098504763,0</coordinates>
			</Point>
		</Placemark>
		<Placemark>
			<name>110+800</name>
			<styleUrl>#pointStyleMap</styleUrl>
			<Style id="inline">
				<IconStyle>
					<color>ffffffaa</color>
					<colorMode>normal</colorMode>
					<Icon>
						<href>http://maps.google.com/mapfiles/kml/pushpin/grn-pushpin.png</href>
					</Icon>
				</IconStyle>
				<LineStyle>
					<color>ffffffaa</color>
					<colorMode>normal</colorMode>
				</LineStyle>
				<PolyStyle>
					<color>ffffffaa</color>
					<colorMode>normal</colorMode>
				</PolyStyle>
			</Style>
			<ExtendedData>
				<SchemaData schemaUrl="#S_patok_heksa_MR_CPL_A_SSDD">
					<SimpleData name="KM">110+800</SimpleData>
					<SimpleData name="JALUR">A</SimpleData>
					<SimpleData name="X_edit">-6.79107</SimpleData>
					<SimpleData name="Y_edit">107.444</SimpleData>
				</SchemaData>
			</ExtendedData>
			<Point>
				<coordinates>107.443830248673,-6.791066186547847,0</coordinates>
			</Point>
		</Placemark>
		<Placemark>
			<name>111+0</name>
			<styleUrl>#pointStyleMap</styleUrl>
			<Style id="inline">
				<IconStyle>
					<color>ffffffaa</color>
					<colorMode>normal</colorMode>
					<Icon>
						<href>http://maps.google.com/mapfiles/kml/pushpin/grn-pushpin.png</href>
					</Icon>
				</IconStyle>
				<LineStyle>
					<color>ffffffaa</color>
					<colorMode>normal</colorMode>
				</LineStyle>
				<PolyStyle>
					<color>ffffffaa</color>
					<colorMode>normal</colorMode>
				</PolyStyle>
			</Style>
			<ExtendedData>
				<SchemaData schemaUrl="#S_patok_heksa_MR_CPL_A_SSDD">
					<SimpleData name="KM">111+0</SimpleData>
					<SimpleData name="JALUR">A</SimpleData>
					<SimpleData name="X_edit">-6.79289</SimpleData>
					<SimpleData name="Y_edit">107.444</SimpleData>
				</SchemaData>
			</ExtendedData>
			<Point>
				<coordinates>107.44407440003,-6.792887065400426,0</coordinates>
			</Point>
		</Placemark>
		<Placemark>
			<name>111+200</name>
			<styleUrl>#pointStyleMap</styleUrl>
			<Style id="inline">
				<IconStyle>
					<color>ffffffaa</color>
					<colorMode>normal</colorMode>
					<Icon>
						<href>http://maps.google.com/mapfiles/kml/pushpin/grn-pushpin.png</href>
					</Icon>
				</IconStyle>
				<LineStyle>
					<color>ffffffaa</color>
					<colorMode>normal</colorMode>
				</LineStyle>
				<PolyStyle>
					<color>ffffffaa</color>
					<colorMode>normal</colorMode>
				</PolyStyle>
			</Style>
			<ExtendedData>
				<SchemaData schemaUrl="#S_patok_heksa_MR_CPL_A_SSDD">
					<SimpleData name="KM">111+200</SimpleData>
					<SimpleData name="JALUR">A</SimpleData>
					<SimpleData name="X_edit">-6.79458</SimpleData>
					<SimpleData name="Y_edit">107.445</SimpleData>
				</SchemaData>
			</ExtendedData>
			<Point>
				<coordinates>107.444723839341,-6.794580257062384,0</coordinates>
			</Point>
		</Placemark>
		<Placemark>
			<name>111+400</name>
			<styleUrl>#pointStyleMap</styleUrl>
			<Style id="inline">
				<IconStyle>
					<color>ffffffaa</color>
					<colorMode>normal</colorMode>
					<Icon>
						<href>http://maps.google.com/mapfiles/kml/pushpin/grn-pushpin.png</href>
					</Icon>
				</IconStyle>
				<LineStyle>
					<color>ffffffaa</color>
					<colorMode>normal</colorMode>
				</LineStyle>
				<PolyStyle>
					<color>ffffffaa</color>
					<colorMode>normal</colorMode>
				</PolyStyle>
			</Style>
			<ExtendedData>
				<SchemaData schemaUrl="#S_patok_heksa_MR_CPL_A_SSDD">
					<SimpleData name="KM">111+400</SimpleData>
					<SimpleData name="JALUR">A</SimpleData>
					<SimpleData name="X_edit">-6.79609</SimpleData>
					<SimpleData name="Y_edit">107.446</SimpleData>
				</SchemaData>
			</ExtendedData>
			<Point>
				<coordinates>107.445747053597,-6.796090639657737,0</coordinates>
			</Point>
		</Placemark>
		<Placemark>
			<name>111+600</name>
			<styleUrl>#pointStyleMap</styleUrl>
			<Style id="inline">
				<IconStyle>
					<color>ffffffaa</color>
					<colorMode>normal</colorMode>
					<Icon>
						<href>http://maps.google.com/mapfiles/kml/pushpin/grn-pushpin.png</href>
					</Icon>
				</IconStyle>
				<LineStyle>
					<color>ffffffaa</color>
					<colorMode>normal</colorMode>
				</LineStyle>
				<PolyStyle>
					<color>ffffffaa</color>
					<colorMode>normal</colorMode>
				</PolyStyle>
			</Style>
			<ExtendedData>
				<SchemaData schemaUrl="#S_patok_heksa_MR_CPL_A_SSDD">
					<SimpleData name="KM">111+600</SimpleData>
					<SimpleData name="JALUR">A</SimpleData>
					<SimpleData name="X_edit">-6.79734</SimpleData>
					<SimpleData name="Y_edit">107.447</SimpleData>
				</SchemaData>
			</ExtendedData>
			<Point>
				<coordinates>107.447025206906,-6.797341312776046,0</coordinates>
			</Point>
		</Placemark>
		<Placemark>
			<name>111+800</name>
			<styleUrl>#pointStyleMap</styleUrl>
			<Style id="inline">
				<IconStyle>
					<color>ffffffaa</color>
					<colorMode>normal</colorMode>
					<Icon>
						<href>http://maps.google.com/mapfiles/kml/pushpin/grn-pushpin.png</href>
					</Icon>
				</IconStyle>
				<LineStyle>
					<color>ffffffaa</color>
					<colorMode>normal</colorMode>
				</LineStyle>
				<PolyStyle>
					<color>ffffffaa</color>
					<colorMode>normal</colorMode>
				</PolyStyle>
			</Style>
			<ExtendedData>
				<SchemaData schemaUrl="#S_patok_heksa_MR_CPL_A_SSDD">
					<SimpleData name="KM">111+800</SimpleData>
					<SimpleData name="JALUR">A</SimpleData>
					<SimpleData name="X_edit">-6.79857</SimpleData>
					<SimpleData name="Y_edit">107.448</SimpleData>
				</SchemaData>
			</ExtendedData>
			<Point>
				<coordinates>107.448317167843,-6.798569270653367,0</coordinates>
			</Point>
		</Placemark>
		<Placemark>
			<name>112+0</name>
			<styleUrl>#pointStyleMap</styleUrl>
			<Style id="inline">
				<IconStyle>
					<color>ffffffaa</color>
					<colorMode>normal</colorMode>
					<Icon>
						<href>http://maps.google.com/mapfiles/kml/pushpin/grn-pushpin.png</href>
					</Icon>
				</IconStyle>
				<LineStyle>
					<color>ffffffaa</color>
					<colorMode>normal</colorMode>
				</LineStyle>
				<PolyStyle>
					<color>ffffffaa</color>
					<colorMode>normal</colorMode>
				</PolyStyle>
			</Style>
			<ExtendedData>
				<SchemaData schemaUrl="#S_patok_heksa_MR_CPL_A_SSDD">
					<SimpleData name="KM">112+0</SimpleData>
					<SimpleData name="JALUR">A</SimpleData>
					<SimpleData name="X_edit">-6.79979</SimpleData>
					<SimpleData name="Y_edit">107.45</SimpleData>
				</SchemaData>
			</ExtendedData>
			<Point>
				<coordinates>107.449668854465,-6.79978844108078,0</coordinates>
			</Point>
		</Placemark>
		<Placemark>
			<name>112+200</name>
			<styleUrl>#pointStyleMap</styleUrl>
			<Style id="inline">
				<IconStyle>
					<color>ffffffaa</color>
					<colorMode>normal</colorMode>
					<Icon>
						<href>http://maps.google.com/mapfiles/kml/pushpin/grn-pushpin.png</href>
					</Icon>
				</IconStyle>
				<LineStyle>
					<color>ffffffaa</color>
					<colorMode>normal</colorMode>
				</LineStyle>
				<PolyStyle>
					<color>ffffffaa</color>
					<colorMode>normal</colorMode>
				</PolyStyle>
			</Style>
			<ExtendedData>
				<SchemaData schemaUrl="#S_patok_heksa_MR_CPL_A_SSDD">
					<SimpleData name="KM">112+200</SimpleData>
					<SimpleData name="JALUR">A</SimpleData>
					<SimpleData name="X_edit">-6.8009</SimpleData>
					<SimpleData name="Y_edit">107.451</SimpleData>
				</SchemaData>
			</ExtendedData>
			<Point>
				<coordinates>107.451110668831,-6.800899137714007,0</coordinates>
			</Point>
		</Placemark>
		<Placemark>
			<name>112+400</name>
			<styleUrl>#pointStyleMap</styleUrl>
			<Style id="inline">
				<IconStyle>
					<color>ffffffaa</color>
					<colorMode>normal</colorMode>
					<Icon>
						<href>http://maps.google.com/mapfiles/kml/pushpin/grn-pushpin.png</href>
					</Icon>
				</IconStyle>
				<LineStyle>
					<color>ffffffaa</color>
					<colorMode>normal</colorMode>
				</LineStyle>
				<PolyStyle>
					<color>ffffffaa</color>
					<colorMode>normal</colorMode>
				</PolyStyle>
			</Style>
			<ExtendedData>
				<SchemaData schemaUrl="#S_patok_heksa_MR_CPL_A_SSDD">
					<SimpleData name="KM">112+400</SimpleData>
					<SimpleData name="JALUR">A</SimpleData>
					<SimpleData name="X_edit">-6.80194</SimpleData>
					<SimpleData name="Y_edit">107.453</SimpleData>
				</SchemaData>
			</ExtendedData>
			<Point>
				<coordinates>107.452615463473,-6.801941056008549,0</coordinates>
			</Point>
		</Placemark>
		<Placemark>
			<name>112+600</name>
			<styleUrl>#pointStyleMap</styleUrl>
			<Style id="inline">
				<IconStyle>
					<color>ffffffaa</color>
					<colorMode>normal</colorMode>
					<Icon>
						<href>http://maps.google.com/mapfiles/kml/pushpin/grn-pushpin.png</href>
					</Icon>
				</IconStyle>
				<LineStyle>
					<color>ffffffaa</color>
					<colorMode>normal</colorMode>
				</LineStyle>
				<PolyStyle>
					<color>ffffffaa</color>
					<colorMode>normal</colorMode>
				</PolyStyle>
			</Style>
			<ExtendedData>
				<SchemaData schemaUrl="#S_patok_heksa_MR_CPL_A_SSDD">
					<SimpleData name="KM">112+600</SimpleData>
					<SimpleData name="JALUR">A</SimpleData>
					<SimpleData name="X_edit">-6.80243</SimpleData>
					<SimpleData name="Y_edit">107.454</SimpleData>
				</SchemaData>
			</ExtendedData>
			<Point>
				<coordinates>107.454373361708,-6.802426230969276,0</coordinates>
			</Point>
		</Placemark>
		<Placemark>
			<name>112+800</name>
			<styleUrl>#pointStyleMap</styleUrl>
			<Style id="inline">
				<IconStyle>
					<color>ffffffaa</color>
					<colorMode>normal</colorMode>
					<Icon>
						<href>http://maps.google.com/mapfiles/kml/pushpin/grn-pushpin.png</href>
					</Icon>
				</IconStyle>
				<LineStyle>
					<color>ffffffaa</color>
					<colorMode>normal</colorMode>
				</LineStyle>
				<PolyStyle>
					<color>ffffffaa</color>
					<colorMode>normal</colorMode>
				</PolyStyle>
			</Style>
			<ExtendedData>
				<SchemaData schemaUrl="#S_patok_heksa_MR_CPL_A_SSDD">
					<SimpleData name="KM">112+800</SimpleData>
					<SimpleData name="JALUR">A</SimpleData>
					<SimpleData name="X_edit">-6.8026</SimpleData>
					<SimpleData name="Y_edit">107.456</SimpleData>
				</SchemaData>
			</ExtendedData>
			<Point>
				<coordinates>107.456166037679,-6.802599219521879,0</coordinates>
			</Point>
		</Placemark>
		<Placemark>
			<name>113+0</name>
			<styleUrl>#pointStyleMap</styleUrl>
			<Style id="inline">
				<IconStyle>
					<color>ffffffaa</color>
					<colorMode>normal</colorMode>
					<Icon>
						<href>http://maps.google.com/mapfiles/kml/pushpin/grn-pushpin.png</href>
					</Icon>
				</IconStyle>
				<LineStyle>
					<color>ffffffaa</color>
					<colorMode>normal</colorMode>
				</LineStyle>
				<PolyStyle>
					<color>ffffffaa</color>
					<colorMode>normal</colorMode>
				</PolyStyle>
			</Style>
			<ExtendedData>
				<SchemaData schemaUrl="#S_patok_heksa_MR_CPL_A_SSDD">
					<SimpleData name="KM">113+0</SimpleData>
					<SimpleData name="JALUR">A</SimpleData>
					<SimpleData name="X_edit">-6.80286</SimpleData>
					<SimpleData name="Y_edit">107.458</SimpleData>
				</SchemaData>
			</ExtendedData>
			<Point>
				<coordinates>107.457953033589,-6.802863399824652,0</coordinates>
			</Point>
		</Placemark>
		<Placemark>
			<name>113+200</name>
			<styleUrl>#pointStyleMap</styleUrl>
			<Style id="inline">
				<IconStyle>
					<color>ffffffaa</color>
					<colorMode>normal</colorMode>
					<Icon>
						<href>http://maps.google.com/mapfiles/kml/pushpin/grn-pushpin.png</href>
					</Icon>
				</IconStyle>
				<LineStyle>
					<color>ffffffaa</color>
					<colorMode>normal</colorMode>
				</LineStyle>
				<PolyStyle>
					<color>ffffffaa</color>
					<colorMode>normal</colorMode>
				</PolyStyle>
			</Style>
			<ExtendedData>
				<SchemaData schemaUrl="#S_patok_heksa_MR_CPL_A_SSDD">
					<SimpleData name="KM">113+200</SimpleData>
					<SimpleData name="JALUR">A</SimpleData>
					<SimpleData name="X_edit">-6.80315</SimpleData>
					<SimpleData name="Y_edit">107.46</SimpleData>
				</SchemaData>
			</ExtendedData>
			<Point>
				<coordinates>107.459711645477,-6.803152168613273,0</coordinates>
			</Point>
		</Placemark>
		<Placemark>
			<name>113+400</name>
			<styleUrl>#pointStyleMap</styleUrl>
			<Style id="inline">
				<IconStyle>
					<color>ffffffaa</color>
					<colorMode>normal</colorMode>
					<Icon>
						<href>http://maps.google.com/mapfiles/kml/pushpin/grn-pushpin.png</href>
					</Icon>
				</IconStyle>
				<LineStyle>
					<color>ffffffaa</color>
					<colorMode>normal</colorMode>
				</LineStyle>
				<PolyStyle>
					<color>ffffffaa</color>
					<colorMode>normal</colorMode>
				</PolyStyle>
			</Style>
			<ExtendedData>
				<SchemaData schemaUrl="#S_patok_heksa_MR_CPL_A_SSDD">
					<SimpleData name="KM">113+400</SimpleData>
					<SimpleData name="JALUR">A</SimpleData>
					<SimpleData name="X_edit">-6.80357</SimpleData>
					<SimpleData name="Y_edit">107.461</SimpleData>
				</SchemaData>
			</ExtendedData>
			<Point>
				<coordinates>107.461465715825,-6.80357383711427,0</coordinates>
			</Point>
		</Placemark>
		<Placemark>
			<name>113+600</name>
			<styleUrl>#pointStyleMap</styleUrl>
			<Style id="inline">
				<IconStyle>
					<color>ffffffaa</color>
					<colorMode>normal</colorMode>
					<Icon>
						<href>http://maps.google.com/mapfiles/kml/pushpin/grn-pushpin.png</href>
					</Icon>
				</IconStyle>
				<LineStyle>
					<color>ffffffaa</color>
					<colorMode>normal</colorMode>
				</LineStyle>
				<PolyStyle>
					<color>ffffffaa</color>
					<colorMode>normal</colorMode>
				</PolyStyle>
			</Style>
			<ExtendedData>
				<SchemaData schemaUrl="#S_patok_heksa_MR_CPL_A_SSDD">
					<SimpleData name="KM">113+600</SimpleData>
					<SimpleData name="JALUR">A</SimpleData>
					<SimpleData name="X_edit">-6.80399</SimpleData>
					<SimpleData name="Y_edit">107.463</SimpleData>
				</SchemaData>
			</ExtendedData>
			<Point>
				<coordinates>107.463217891181,-6.80399457227518,0</coordinates>
			</Point>
		</Placemark>
		<Placemark>
			<name>113+800</name>
			<styleUrl>#pointStyleMap</styleUrl>
			<Style id="inline">
				<IconStyle>
					<color>ffffffaa</color>
					<colorMode>normal</colorMode>
					<Icon>
						<href>http://maps.google.com/mapfiles/kml/pushpin/grn-pushpin.png</href>
					</Icon>
				</IconStyle>
				<LineStyle>
					<color>ffffffaa</color>
					<colorMode>normal</colorMode>
				</LineStyle>
				<PolyStyle>
					<color>ffffffaa</color>
					<colorMode>normal</colorMode>
				</PolyStyle>
			</Style>
			<ExtendedData>
				<SchemaData schemaUrl="#S_patok_heksa_MR_CPL_A_SSDD">
					<SimpleData name="KM">113+800</SimpleData>
					<SimpleData name="JALUR">A</SimpleData>
					<SimpleData name="X_edit">-6.80473</SimpleData>
					<SimpleData name="Y_edit">107.465</SimpleData>
				</SchemaData>
			</ExtendedData>
			<Point>
				<coordinates>107.464867833713,-6.804729894923691,0</coordinates>
			</Point>
		</Placemark>
		<Placemark>
			<name>114+0</name>
			<styleUrl>#pointStyleMap</styleUrl>
			<Style id="inline">
				<IconStyle>
					<color>ffffffaa</color>
					<colorMode>normal</colorMode>
					<Icon>
						<href>http://maps.google.com/mapfiles/kml/pushpin/grn-pushpin.png</href>
					</Icon>
				</IconStyle>
				<LineStyle>
					<color>ffffffaa</color>
					<colorMode>normal</colorMode>
				</LineStyle>
				<PolyStyle>
					<color>ffffffaa</color>
					<colorMode>normal</colorMode>
				</PolyStyle>
			</Style>
			<ExtendedData>
				<SchemaData schemaUrl="#S_patok_heksa_MR_CPL_A_SSDD">
					<SimpleData name="KM">114+0</SimpleData>
					<SimpleData name="JALUR">A</SimpleData>
					<SimpleData name="X_edit">-6.80557</SimpleData>
					<SimpleData name="Y_edit">107.466</SimpleData>
				</SchemaData>
			</ExtendedData>
			<Point>
				<coordinates>107.466478731042,-6.8055713701126,0</coordinates>
			</Point>
		</Placemark>
		<Placemark>
			<name>114+200</name>
			<styleUrl>#pointStyleMap</styleUrl>
			<Style id="inline">
				<IconStyle>
					<color>ffffffaa</color>
					<colorMode>normal</colorMode>
					<Icon>
						<href>http://maps.google.com/mapfiles/kml/pushpin/grn-pushpin.png</href>
					</Icon>
				</IconStyle>
				<LineStyle>
					<color>ffffffaa</color>
					<colorMode>normal</colorMode>
				</LineStyle>
				<PolyStyle>
					<color>ffffffaa</color>
					<colorMode>normal</colorMode>
				</PolyStyle>
			</Style>
			<ExtendedData>
				<SchemaData schemaUrl="#S_patok_heksa_MR_CPL_A_SSDD">
					<SimpleData name="KM">114+200</SimpleData>
					<SimpleData name="JALUR">A</SimpleData>
					<SimpleData name="X_edit">-6.80648</SimpleData>
					<SimpleData name="Y_edit">107.468</SimpleData>
				</SchemaData>
			</ExtendedData>
			<Point>
				<coordinates>107.468052388983,-6.806480352323141,0</coordinates>
			</Point>
		</Placemark>
		<Placemark>
			<name>114+400</name>
			<styleUrl>#pointStyleMap</styleUrl>
			<Style id="inline">
				<IconStyle>
					<color>ffffffaa</color>
					<colorMode>normal</colorMode>
					<Icon>
						<href>http://maps.google.com/mapfiles/kml/pushpin/grn-pushpin.png</href>
					</Icon>
				</IconStyle>
				<LineStyle>
					<color>ffffffaa</color>
					<colorMode>normal</colorMode>
				</LineStyle>
				<PolyStyle>
					<color>ffffffaa</color>
					<colorMode>normal</colorMode>
				</PolyStyle>
			</Style>
			<ExtendedData>
				<SchemaData schemaUrl="#S_patok_heksa_MR_CPL_A_SSDD">
					<SimpleData name="KM">114+400</SimpleData>
					<SimpleData name="JALUR">A</SimpleData>
					<SimpleData name="X_edit">-6.8075</SimpleData>
					<SimpleData name="Y_edit">107.47</SimpleData>
				</SchemaData>
			</ExtendedData>
			<Point>
				<coordinates>107.469567913203,-6.807495681427833,0</coordinates>
			</Point>
		</Placemark>
		<Placemark>
			<name>114+600</name>
			<styleUrl>#pointStyleMap</styleUrl>
			<Style id="inline">
				<IconStyle>
					<color>ffffffaa</color>
					<colorMode>normal</colorMode>
					<Icon>
						<href>http://maps.google.com/mapfiles/kml/pushpin/grn-pushpin.png</href>
					</Icon>
				</IconStyle>
				<LineStyle>
					<color>ffffffaa</color>
					<colorMode>normal</colorMode>
				</LineStyle>
				<PolyStyle>
					<color>ffffffaa</color>
					<colorMode>normal</colorMode>
				</PolyStyle>
			</Style>
			<ExtendedData>
				<SchemaData schemaUrl="#S_patok_heksa_MR_CPL_A_SSDD">
					<SimpleData name="KM">114+600</SimpleData>
					<SimpleData name="JALUR">A</SimpleData>
					<SimpleData name="X_edit">-6.80856</SimpleData>
					<SimpleData name="Y_edit">107.471</SimpleData>
				</SchemaData>
			</ExtendedData>
			<Point>
				<coordinates>107.471027459529,-6.808556153902208,0</coordinates>
			</Point>
		</Placemark>
		<Placemark>
			<name>114+800</name>
			<styleUrl>#pointStyleMap</styleUrl>
			<Style id="inline">
				<IconStyle>
					<color>ffffffaa</color>
					<colorMode>normal</colorMode>
					<Icon>
						<href>http://maps.google.com/mapfiles/kml/pushpin/grn-pushpin.png</href>
					</Icon>
				</IconStyle>
				<LineStyle>
					<color>ffffffaa</color>
					<colorMode>normal</colorMode>
				</LineStyle>
				<PolyStyle>
					<color>ffffffaa</color>
					<colorMode>normal</colorMode>
				</PolyStyle>
			</Style>
			<ExtendedData>
				<SchemaData schemaUrl="#S_patok_heksa_MR_CPL_A_SSDD">
					<SimpleData name="KM">114+800</SimpleData>
					<SimpleData name="JALUR">A</SimpleData>
					<SimpleData name="X_edit">-6.80963</SimpleData>
					<SimpleData name="Y_edit">107.472</SimpleData>
				</SchemaData>
			</ExtendedData>
			<Point>
				<coordinates>107.472493501575,-6.80962579616687,0</coordinates>
			</Point>
		</Placemark>
		<Placemark>
			<name>115+0</name>
			<styleUrl>#pointStyleMap</styleUrl>
			<Style id="inline">
				<IconStyle>
					<color>ffffffaa</color>
					<colorMode>normal</colorMode>
					<Icon>
						<href>http://maps.google.com/mapfiles/kml/pushpin/grn-pushpin.png</href>
					</Icon>
				</IconStyle>
				<LineStyle>
					<color>ffffffaa</color>
					<colorMode>normal</colorMode>
				</LineStyle>
				<PolyStyle>
					<color>ffffffaa</color>
					<colorMode>normal</colorMode>
				</PolyStyle>
			</Style>
			<ExtendedData>
				<SchemaData schemaUrl="#S_patok_heksa_MR_CPL_A_SSDD">
					<SimpleData name="KM">115+0</SimpleData>
					<SimpleData name="JALUR">A</SimpleData>
					<SimpleData name="X_edit">-6.81077</SimpleData>
					<SimpleData name="Y_edit">107.474</SimpleData>
				</SchemaData>
			</ExtendedData>
			<Point>
				<coordinates>107.473914737752,-6.81077113364291,0</coordinates>
			</Point>
		</Placemark>
		<Placemark>
			<name>115+200</name>
			<styleUrl>#pointStyleMap</styleUrl>
			<Style id="inline">
				<IconStyle>
					<color>ffffffaa</color>
					<colorMode>normal</colorMode>
					<Icon>
						<href>http://maps.google.com/mapfiles/kml/pushpin/grn-pushpin.png</href>
					</Icon>
				</IconStyle>
				<LineStyle>
					<color>ffffffaa</color>
					<colorMode>normal</colorMode>
				</LineStyle>
				<PolyStyle>
					<color>ffffffaa</color>
					<colorMode>normal</colorMode>
				</PolyStyle>
			</Style>
			<ExtendedData>
				<SchemaData schemaUrl="#S_patok_heksa_MR_CPL_A_SSDD">
					<SimpleData name="KM">115+200</SimpleData>
					<SimpleData name="JALUR">A</SimpleData>
					<SimpleData name="X_edit">-6.81196</SimpleData>
					<SimpleData name="Y_edit">107.475</SimpleData>
				</SchemaData>
			</ExtendedData>
			<Point>
				<coordinates>107.475291794187,-6.811956918838264,0</coordinates>
			</Point>
		</Placemark>
		<Placemark>
			<name>115+400</name>
			<styleUrl>#pointStyleMap</styleUrl>
			<Style id="inline">
				<IconStyle>
					<color>ffffffaa</color>
					<colorMode>normal</colorMode>
					<Icon>
						<href>http://maps.google.com/mapfiles/kml/pushpin/grn-pushpin.png</href>
					</Icon>
				</IconStyle>
				<LineStyle>
					<color>ffffffaa</color>
					<colorMode>normal</colorMode>
				</LineStyle>
				<PolyStyle>
					<color>ffffffaa</color>
					<colorMode>normal</colorMode>
				</PolyStyle>
			</Style>
			<ExtendedData>
				<SchemaData schemaUrl="#S_patok_heksa_MR_CPL_A_SSDD">
					<SimpleData name="KM">115+400</SimpleData>
					<SimpleData name="JALUR">A</SimpleData>
					<SimpleData name="X_edit">-6.81318</SimpleData>
					<SimpleData name="Y_edit">107.477</SimpleData>
				</SchemaData>
			</ExtendedData>
			<Point>
				<coordinates>107.47663204605,-6.813178990791537,0</coordinates>
			</Point>
		</Placemark>
		<Placemark>
			<name>115+600</name>
			<styleUrl>#pointStyleMap</styleUrl>
			<Style id="inline">
				<IconStyle>
					<color>ffffffaa</color>
					<colorMode>normal</colorMode>
					<Icon>
						<href>http://maps.google.com/mapfiles/kml/pushpin/grn-pushpin.png</href>
					</Icon>
				</IconStyle>
				<LineStyle>
					<color>ffffffaa</color>
					<colorMode>normal</colorMode>
				</LineStyle>
				<PolyStyle>
					<color>ffffffaa</color>
					<colorMode>normal</colorMode>
				</PolyStyle>
			</Style>
			<ExtendedData>
				<SchemaData schemaUrl="#S_patok_heksa_MR_CPL_A_SSDD">
					<SimpleData name="KM">115+600</SimpleData>
					<SimpleData name="JALUR">A</SimpleData>
					<SimpleData name="X_edit">-6.81457</SimpleData>
					<SimpleData name="Y_edit">107.478</SimpleData>
				</SchemaData>
			</ExtendedData>
			<Point>
				<coordinates>107.477779650713,-6.814569423551227,0</coordinates>
			</Point>
		</Placemark>
		<Placemark>
			<name>115+800</name>
			<styleUrl>#pointStyleMap</styleUrl>
			<Style id="inline">
				<IconStyle>
					<color>ffffffaa</color>
					<colorMode>normal</colorMode>
					<Icon>
						<href>http://maps.google.com/mapfiles/kml/pushpin/grn-pushpin.png</href>
					</Icon>
				</IconStyle>
				<LineStyle>
					<color>ffffffaa</color>
					<colorMode>normal</colorMode>
				</LineStyle>
				<PolyStyle>
					<color>ffffffaa</color>
					<colorMode>normal</colorMode>
				</PolyStyle>
			</Style>
			<ExtendedData>
				<SchemaData schemaUrl="#S_patok_heksa_MR_CPL_A_SSDD">
					<SimpleData name="KM">115+800</SimpleData>
					<SimpleData name="JALUR">A</SimpleData>
					<SimpleData name="X_edit">-6.81599</SimpleData>
					<SimpleData name="Y_edit">107.479</SimpleData>
				</SchemaData>
			</ExtendedData>
			<Point>
				<coordinates>107.478913516165,-6.815986708640116,0</coordinates>
			</Point>
		</Placemark>
		<Placemark>
			<name>116+0</name>
			<styleUrl>#pointStyleMap</styleUrl>
			<Style id="inline">
				<IconStyle>
					<color>ffffffaa</color>
					<colorMode>normal</colorMode>
					<Icon>
						<href>http://maps.google.com/mapfiles/kml/pushpin/grn-pushpin.png</href>
					</Icon>
				</IconStyle>
				<LineStyle>
					<color>ffffffaa</color>
					<colorMode>normal</colorMode>
				</LineStyle>
				<PolyStyle>
					<color>ffffffaa</color>
					<colorMode>normal</colorMode>
				</PolyStyle>
			</Style>
			<ExtendedData>
				<SchemaData schemaUrl="#S_patok_heksa_MR_CPL_A_SSDD">
					<SimpleData name="KM">116+0</SimpleData>
					<SimpleData name="JALUR">A</SimpleData>
					<SimpleData name="X_edit">-6.81732</SimpleData>
					<SimpleData name="Y_edit">107.48</SimpleData>
				</SchemaData>
			</ExtendedData>
			<Point>
				<coordinates>107.480143446738,-6.817317347435905,0</coordinates>
			</Point>
		</Placemark>
		<Placemark>
			<name>116+200</name>
			<styleUrl>#pointStyleMap</styleUrl>
			<Style id="inline">
				<IconStyle>
					<color>ffffffaa</color>
					<colorMode>normal</colorMode>
					<Icon>
						<href>http://maps.google.com/mapfiles/kml/pushpin/grn-pushpin.png</href>
					</Icon>
				</IconStyle>
				<LineStyle>
					<color>ffffffaa</color>
					<colorMode>normal</colorMode>
				</LineStyle>
				<PolyStyle>
					<color>ffffffaa</color>
					<colorMode>normal</colorMode>
				</PolyStyle>
			</Style>
			<ExtendedData>
				<SchemaData schemaUrl="#S_patok_heksa_MR_CPL_A_SSDD">
					<SimpleData name="KM">116+200</SimpleData>
					<SimpleData name="JALUR">A</SimpleData>
					<SimpleData name="X_edit">-6.81852</SimpleData>
					<SimpleData name="Y_edit">107.481</SimpleData>
				</SchemaData>
			</ExtendedData>
			<Point>
				<coordinates>107.481498419324,-6.818521144581611,0</coordinates>
			</Point>
		</Placemark>
		<Placemark>
			<name>116+400</name>
			<styleUrl>#pointStyleMap</styleUrl>
			<Style id="inline">
				<IconStyle>
					<color>ffffffaa</color>
					<colorMode>normal</colorMode>
					<Icon>
						<href>http://maps.google.com/mapfiles/kml/pushpin/grn-pushpin.png</href>
					</Icon>
				</IconStyle>
				<LineStyle>
					<color>ffffffaa</color>
					<colorMode>normal</colorMode>
				</LineStyle>
				<PolyStyle>
					<color>ffffffaa</color>
					<colorMode>normal</colorMode>
				</PolyStyle>
			</Style>
			<ExtendedData>
				<SchemaData schemaUrl="#S_patok_heksa_MR_CPL_A_SSDD">
					<SimpleData name="KM">116+400</SimpleData>
					<SimpleData name="JALUR">A</SimpleData>
					<SimpleData name="X_edit">-6.81958</SimpleData>
					<SimpleData name="Y_edit">107.483</SimpleData>
				</SchemaData>
			</ExtendedData>
			<Point>
				<coordinates>107.482966164959,-6.819581769273984,0</coordinates>
			</Point>
		</Placemark>
		<Placemark>
			<name>116+600</name>
			<styleUrl>#pointStyleMap</styleUrl>
			<Style id="inline">
				<IconStyle>
					<color>ffffffaa</color>
					<colorMode>normal</colorMode>
					<Icon>
						<href>http://maps.google.com/mapfiles/kml/pushpin/grn-pushpin.png</href>
					</Icon>
				</IconStyle>
				<LineStyle>
					<color>ffffffaa</color>
					<colorMode>normal</colorMode>
				</LineStyle>
				<PolyStyle>
					<color>ffffffaa</color>
					<colorMode>normal</colorMode>
				</PolyStyle>
			</Style>
			<ExtendedData>
				<SchemaData schemaUrl="#S_patok_heksa_MR_CPL_A_SSDD">
					<SimpleData name="KM">116+600</SimpleData>
					<SimpleData name="JALUR">A</SimpleData>
					<SimpleData name="X_edit">-6.82059</SimpleData>
					<SimpleData name="Y_edit">107.484</SimpleData>
				</SchemaData>
			</ExtendedData>
			<Point>
				<coordinates>107.484465237757,-6.820594496681118,0</coordinates>
			</Point>
		</Placemark>
		<Placemark>
			<name>116+800</name>
			<styleUrl>#pointStyleMap</styleUrl>
			<Style id="inline">
				<IconStyle>
					<color>ffffffaa</color>
					<colorMode>normal</colorMode>
					<Icon>
						<href>http://maps.google.com/mapfiles/kml/pushpin/grn-pushpin.png</href>
					</Icon>
				</IconStyle>
				<LineStyle>
					<color>ffffffaa</color>
					<colorMode>normal</colorMode>
				</LineStyle>
				<PolyStyle>
					<color>ffffffaa</color>
					<colorMode>normal</colorMode>
				</PolyStyle>
			</Style>
			<ExtendedData>
				<SchemaData schemaUrl="#S_patok_heksa_MR_CPL_A_SSDD">
					<SimpleData name="KM">116+800</SimpleData>
					<SimpleData name="JALUR">A</SimpleData>
					<SimpleData name="X_edit">-6.82183</SimpleData>
					<SimpleData name="Y_edit">107.486</SimpleData>
				</SchemaData>
			</ExtendedData>
			<Point>
				<coordinates>107.485799516498,-6.821826740886571,0</coordinates>
			</Point>
		</Placemark>
		<Placemark>
			<name>117+0</name>
			<styleUrl>#pointStyleMap</styleUrl>
			<Style id="inline">
				<IconStyle>
					<color>ffffffaa</color>
					<colorMode>normal</colorMode>
					<Icon>
						<href>http://maps.google.com/mapfiles/kml/pushpin/grn-pushpin.png</href>
					</Icon>
				</IconStyle>
				<LineStyle>
					<color>ffffffaa</color>
					<colorMode>normal</colorMode>
				</LineStyle>
				<PolyStyle>
					<color>ffffffaa</color>
					<colorMode>normal</colorMode>
				</PolyStyle>
			</Style>
			<ExtendedData>
				<SchemaData schemaUrl="#S_patok_heksa_MR_CPL_A_SSDD">
					<SimpleData name="KM">117+0</SimpleData>
					<SimpleData name="JALUR">A</SimpleData>
					<SimpleData name="X_edit">-6.82333</SimpleData>
					<SimpleData name="Y_edit">107.487</SimpleData>
				</SchemaData>
			</ExtendedData>
			<Point>
				<coordinates>107.486805194342,-6.823327897565834,0</coordinates>
			</Point>
		</Placemark>
		<Placemark>
			<name>117+200</name>
			<styleUrl>#pointStyleMap</styleUrl>
			<Style id="inline">
				<IconStyle>
					<color>ffffffaa</color>
					<colorMode>normal</colorMode>
					<Icon>
						<href>http://maps.google.com/mapfiles/kml/pushpin/grn-pushpin.png</href>
					</Icon>
				</IconStyle>
				<LineStyle>
					<color>ffffffaa</color>
					<colorMode>normal</colorMode>
				</LineStyle>
				<PolyStyle>
					<color>ffffffaa</color>
					<colorMode>normal</colorMode>
				</PolyStyle>
			</Style>
			<ExtendedData>
				<SchemaData schemaUrl="#S_patok_heksa_MR_CPL_A_SSDD">
					<SimpleData name="KM">117+200</SimpleData>
					<SimpleData name="JALUR">A</SimpleData>
					<SimpleData name="X_edit">-6.82496</SimpleData>
					<SimpleData name="Y_edit">107.488</SimpleData>
				</SchemaData>
			</ExtendedData>
			<Point>
				<coordinates>107.487577738172,-6.82496282996336,0</coordinates>
			</Point>
		</Placemark>
		<Placemark>
			<name>117+400</name>
			<styleUrl>#pointStyleMap</styleUrl>
			<Style id="inline">
				<IconStyle>
					<color>ffffffaa</color>
					<colorMode>normal</colorMode>
					<Icon>
						<href>http://maps.google.com/mapfiles/kml/pushpin/grn-pushpin.png</href>
					</Icon>
				</IconStyle>
				<LineStyle>
					<color>ffffffaa</color>
					<colorMode>normal</colorMode>
				</LineStyle>
				<PolyStyle>
					<color>ffffffaa</color>
					<colorMode>normal</colorMode>
				</PolyStyle>
			</Style>
			<ExtendedData>
				<SchemaData schemaUrl="#S_patok_heksa_MR_CPL_A_SSDD">
					<SimpleData name="KM">117+400</SimpleData>
					<SimpleData name="JALUR">A</SimpleData>
					<SimpleData name="X_edit">-6.82645</SimpleData>
					<SimpleData name="Y_edit">107.489</SimpleData>
				</SchemaData>
			</ExtendedData>
			<Point>
				<coordinates>107.488583652537,-6.826452395645499,0</coordinates>
			</Point>
		</Placemark>
		<Placemark>
			<name>117+600</name>
			<styleUrl>#pointStyleMap</styleUrl>
			<Style id="inline">
				<IconStyle>
					<color>ffffffaa</color>
					<colorMode>normal</colorMode>
					<Icon>
						<href>http://maps.google.com/mapfiles/kml/pushpin/grn-pushpin.png</href>
					</Icon>
				</IconStyle>
				<LineStyle>
					<color>ffffffaa</color>
					<colorMode>normal</colorMode>
				</LineStyle>
				<PolyStyle>
					<color>ffffffaa</color>
					<colorMode>normal</colorMode>
				</PolyStyle>
			</Style>
			<ExtendedData>
				<SchemaData schemaUrl="#S_patok_heksa_MR_CPL_A_SSDD">
					<SimpleData name="KM">117+600</SimpleData>
					<SimpleData name="JALUR">A</SimpleData>
					<SimpleData name="X_edit">-6.82776</SimpleData>
					<SimpleData name="Y_edit">107.49</SimpleData>
				</SchemaData>
			</ExtendedData>
			<Point>
				<coordinates>107.489833334336,-6.827756899615165,0</coordinates>
			</Point>
		</Placemark>
		<Placemark>
			<name>117+800</name>
			<styleUrl>#pointStyleMap</styleUrl>
			<Style id="inline">
				<IconStyle>
					<color>ffffffaa</color>
					<colorMode>normal</colorMode>
					<Icon>
						<href>http://maps.google.com/mapfiles/kml/pushpin/grn-pushpin.png</href>
					</Icon>
				</IconStyle>
				<LineStyle>
					<color>ffffffaa</color>
					<colorMode>normal</colorMode>
				</LineStyle>
				<PolyStyle>
					<color>ffffffaa</color>
					<colorMode>normal</colorMode>
				</PolyStyle>
			</Style>
			<ExtendedData>
				<SchemaData schemaUrl="#S_patok_heksa_MR_CPL_A_SSDD">
					<SimpleData name="KM">117+800</SimpleData>
					<SimpleData name="JALUR">A</SimpleData>
					<SimpleData name="X_edit">-6.8292</SimpleData>
					<SimpleData name="Y_edit">107.491</SimpleData>
				</SchemaData>
			</ExtendedData>
			<Point>
				<coordinates>107.490941803667,-6.829197307376111,0</coordinates>
			</Point>
		</Placemark>
		<Placemark>
			<name>118+0</name>
			<styleUrl>#pointStyleMap</styleUrl>
			<Style id="inline">
				<IconStyle>
					<color>ffffffaa</color>
					<colorMode>normal</colorMode>
					<Icon>
						<href>http://maps.google.com/mapfiles/kml/pushpin/grn-pushpin.png</href>
					</Icon>
				</IconStyle>
				<LineStyle>
					<color>ffffffaa</color>
					<colorMode>normal</colorMode>
				</LineStyle>
				<PolyStyle>
					<color>ffffffaa</color>
					<colorMode>normal</colorMode>
				</PolyStyle>
			</Style>
			<ExtendedData>
				<SchemaData schemaUrl="#S_patok_heksa_MR_CPL_A_SSDD">
					<SimpleData name="KM">118+0</SimpleData>
					<SimpleData name="JALUR">A</SimpleData>
					<SimpleData name="X_edit">-6.83075</SimpleData>
					<SimpleData name="Y_edit">107.492</SimpleData>
				</SchemaData>
			</ExtendedData>
			<Point>
				<coordinates>107.491874106109,-6.830749692360771,0</coordinates>
			</Point>
		</Placemark>
		<Placemark>
			<name>118+200</name>
			<styleUrl>#pointStyleMap</styleUrl>
			<Style id="inline">
				<IconStyle>
					<color>ffffffaa</color>
					<colorMode>normal</colorMode>
					<Icon>
						<href>http://maps.google.com/mapfiles/kml/pushpin/grn-pushpin.png</href>
					</Icon>
				</IconStyle>
				<LineStyle>
					<color>ffffffaa</color>
					<colorMode>normal</colorMode>
				</LineStyle>
				<PolyStyle>
					<color>ffffffaa</color>
					<colorMode>normal</colorMode>
				</PolyStyle>
			</Style>
			<ExtendedData>
				<SchemaData schemaUrl="#S_patok_heksa_MR_CPL_A_SSDD">
					<SimpleData name="KM">118+200</SimpleData>
					<SimpleData name="JALUR">A</SimpleData>
					<SimpleData name="X_edit">-6.83225</SimpleData>
					<SimpleData name="Y_edit">107.493</SimpleData>
				</SchemaData>
			</ExtendedData>
			<Point>
				<coordinates>107.492890362778,-6.832250145950067,0</coordinates>
			</Point>
		</Placemark>
		<Placemark>
			<name>118+400</name>
			<styleUrl>#pointStyleMap</styleUrl>
			<Style id="inline">
				<IconStyle>
					<color>ffffffaa</color>
					<colorMode>normal</colorMode>
					<Icon>
						<href>http://maps.google.com/mapfiles/kml/pushpin/grn-pushpin.png</href>
					</Icon>
				</IconStyle>
				<LineStyle>
					<color>ffffffaa</color>
					<colorMode>normal</colorMode>
				</LineStyle>
				<PolyStyle>
					<color>ffffffaa</color>
					<colorMode>normal</colorMode>
				</PolyStyle>
			</Style>
			<ExtendedData>
				<SchemaData schemaUrl="#S_patok_heksa_MR_CPL_A_SSDD">
					<SimpleData name="KM">118+400</SimpleData>
					<SimpleData name="JALUR">A</SimpleData>
					<SimpleData name="X_edit">-6.83361</SimpleData>
					<SimpleData name="Y_edit">107.494</SimpleData>
				</SchemaData>
			</ExtendedData>
			<Point>
				<coordinates>107.49409106713,-6.833607316959762,0</coordinates>
			</Point>
		</Placemark>
		<Placemark>
			<name>118+600</name>
			<styleUrl>#pointStyleMap</styleUrl>
			<Style id="inline">
				<IconStyle>
					<color>ffffffaa</color>
					<colorMode>normal</colorMode>
					<Icon>
						<href>http://maps.google.com/mapfiles/kml/pushpin/grn-pushpin.png</href>
					</Icon>
				</IconStyle>
				<LineStyle>
					<color>ffffffaa</color>
					<colorMode>normal</colorMode>
				</LineStyle>
				<PolyStyle>
					<color>ffffffaa</color>
					<colorMode>normal</colorMode>
				</PolyStyle>
			</Style>
			<ExtendedData>
				<SchemaData schemaUrl="#S_patok_heksa_MR_CPL_A_SSDD">
					<SimpleData name="KM">118+600</SimpleData>
					<SimpleData name="JALUR">A</SimpleData>
					<SimpleData name="X_edit">-6.83487</SimpleData>
					<SimpleData name="Y_edit">107.495</SimpleData>
				</SchemaData>
			</ExtendedData>
			<Point>
				<coordinates>107.495380085919,-6.834869004636596,0</coordinates>
			</Point>
		</Placemark>
		<Placemark>
			<name>118+800</name>
			<styleUrl>#pointStyleMap</styleUrl>
			<Style id="inline">
				<IconStyle>
					<color>ffffffaa</color>
					<colorMode>normal</colorMode>
					<Icon>
						<href>http://maps.google.com/mapfiles/kml/pushpin/grn-pushpin.png</href>
					</Icon>
				</IconStyle>
				<LineStyle>
					<color>ffffffaa</color>
					<colorMode>normal</colorMode>
				</LineStyle>
				<PolyStyle>
					<color>ffffffaa</color>
					<colorMode>normal</colorMode>
				</PolyStyle>
			</Style>
			<ExtendedData>
				<SchemaData schemaUrl="#S_patok_heksa_MR_CPL_A_SSDD">
					<SimpleData name="KM">118+800</SimpleData>
					<SimpleData name="JALUR">A</SimpleData>
					<SimpleData name="X_edit">-6.83598</SimpleData>
					<SimpleData name="Y_edit">107.497</SimpleData>
				</SchemaData>
			</ExtendedData>
			<Point>
				<coordinates>107.496813061276,-6.835980795894754,0</coordinates>
			</Point>
		</Placemark>
		<Placemark>
			<name>119+0</name>
			<styleUrl>#pointStyleMap</styleUrl>
			<Style id="inline">
				<IconStyle>
					<color>ffffffaa</color>
					<colorMode>normal</colorMode>
					<Icon>
						<href>http://maps.google.com/mapfiles/kml/pushpin/grn-pushpin.png</href>
					</Icon>
				</IconStyle>
				<LineStyle>
					<color>ffffffaa</color>
					<colorMode>normal</colorMode>
				</LineStyle>
				<PolyStyle>
					<color>ffffffaa</color>
					<colorMode>normal</colorMode>
				</PolyStyle>
			</Style>
			<ExtendedData>
				<SchemaData schemaUrl="#S_patok_heksa_MR_CPL_A_SSDD">
					<SimpleData name="KM">119+0</SimpleData>
					<SimpleData name="JALUR">A</SimpleData>
					<SimpleData name="X_edit">-6.83707</SimpleData>
					<SimpleData name="Y_edit">107.498</SimpleData>
				</SchemaData>
			</ExtendedData>
			<Point>
				<coordinates>107.498255486198,-6.837073608383375,0</coordinates>
			</Point>
		</Placemark>
		<Placemark>
			<name>119+200</name>
			<styleUrl>#pointStyleMap</styleUrl>
			<Style id="inline">
				<IconStyle>
					<color>ffffffaa</color>
					<colorMode>normal</colorMode>
					<Icon>
						<href>http://maps.google.com/mapfiles/kml/pushpin/grn-pushpin.png</href>
					</Icon>
				</IconStyle>
				<LineStyle>
					<color>ffffffaa</color>
					<colorMode>normal</colorMode>
				</LineStyle>
				<PolyStyle>
					<color>ffffffaa</color>
					<colorMode>normal</colorMode>
				</PolyStyle>
			</Style>
			<ExtendedData>
				<SchemaData schemaUrl="#S_patok_heksa_MR_CPL_A_SSDD">
					<SimpleData name="KM">119+200</SimpleData>
					<SimpleData name="JALUR">A</SimpleData>
					<SimpleData name="X_edit">-6.8381</SimpleData>
					<SimpleData name="Y_edit">107.5</SimpleData>
				</SchemaData>
			</ExtendedData>
			<Point>
				<coordinates>107.499753416017,-6.838100284612347,0</coordinates>
			</Point>
		</Placemark>
		<Placemark>
			<name>119+400</name>
			<styleUrl>#pointStyleMap</styleUrl>
			<Style id="inline">
				<IconStyle>
					<color>ffffffaa</color>
					<colorMode>normal</colorMode>
					<Icon>
						<href>http://maps.google.com/mapfiles/kml/pushpin/grn-pushpin.png</href>
					</Icon>
				</IconStyle>
				<LineStyle>
					<color>ffffffaa</color>
					<colorMode>normal</colorMode>
				</LineStyle>
				<PolyStyle>
					<color>ffffffaa</color>
					<colorMode>normal</colorMode>
				</PolyStyle>
			</Style>
			<ExtendedData>
				<SchemaData schemaUrl="#S_patok_heksa_MR_CPL_A_SSDD">
					<SimpleData name="KM">119+400</SimpleData>
					<SimpleData name="JALUR">A</SimpleData>
					<SimpleData name="X_edit">-6.83908</SimpleData>
					<SimpleData name="Y_edit">107.501</SimpleData>
				</SchemaData>
			</ExtendedData>
			<Point>
				<coordinates>107.501271288168,-6.839082330050157,0</coordinates>
			</Point>
		</Placemark>
		<Placemark>
			<name>119+600</name>
			<styleUrl>#pointStyleMap</styleUrl>
			<Style id="inline">
				<IconStyle>
					<color>ffffffaa</color>
					<colorMode>normal</colorMode>
					<Icon>
						<href>http://maps.google.com/mapfiles/kml/pushpin/grn-pushpin.png</href>
					</Icon>
				</IconStyle>
				<LineStyle>
					<color>ffffffaa</color>
					<colorMode>normal</colorMode>
				</LineStyle>
				<PolyStyle>
					<color>ffffffaa</color>
					<colorMode>normal</colorMode>
				</PolyStyle>
			</Style>
			<ExtendedData>
				<SchemaData schemaUrl="#S_patok_heksa_MR_CPL_A_SSDD">
					<SimpleData name="KM">119+600</SimpleData>
					<SimpleData name="JALUR">A</SimpleData>
					<SimpleData name="X_edit">-6.84014</SimpleData>
					<SimpleData name="Y_edit">107.503</SimpleData>
				</SchemaData>
			</ExtendedData>
			<Point>
				<coordinates>107.502734031075,-6.84013847182735,0</coordinates>
			</Point>
		</Placemark>
		<Placemark>
			<name>119+800</name>
			<styleUrl>#pointStyleMap</styleUrl>
			<Style id="inline">
				<IconStyle>
					<color>ffffffaa</color>
					<colorMode>normal</colorMode>
					<Icon>
						<href>http://maps.google.com/mapfiles/kml/pushpin/grn-pushpin.png</href>
					</Icon>
				</IconStyle>
				<LineStyle>
					<color>ffffffaa</color>
					<colorMode>normal</colorMode>
				</LineStyle>
				<PolyStyle>
					<color>ffffffaa</color>
					<colorMode>normal</colorMode>
				</PolyStyle>
			</Style>
			<ExtendedData>
				<SchemaData schemaUrl="#S_patok_heksa_MR_CPL_A_SSDD">
					<SimpleData name="KM">119+800</SimpleData>
					<SimpleData name="JALUR">A</SimpleData>
					<SimpleData name="X_edit">-6.84149</SimpleData>
					<SimpleData name="Y_edit">107.504</SimpleData>
				</SchemaData>
			</ExtendedData>
			<Point>
				<coordinates>107.503943269607,-6.841485649386778,0</coordinates>
			</Point>
		</Placemark>
		<Placemark>
			<name>120+0</name>
			<styleUrl>#pointStyleMap</styleUrl>
			<Style id="inline">
				<IconStyle>
					<color>ffffffaa</color>
					<colorMode>normal</colorMode>
					<Icon>
						<href>http://maps.google.com/mapfiles/kml/pushpin/grn-pushpin.png</href>
					</Icon>
				</IconStyle>
				<LineStyle>
					<color>ffffffaa</color>
					<colorMode>normal</colorMode>
				</LineStyle>
				<PolyStyle>
					<color>ffffffaa</color>
					<colorMode>normal</colorMode>
				</PolyStyle>
			</Style>
			<ExtendedData>
				<SchemaData schemaUrl="#S_patok_heksa_MR_CPL_A_SSDD">
					<SimpleData name="KM">120+0</SimpleData>
					<SimpleData name="JALUR">A</SimpleData>
					<SimpleData name="X_edit">-6.84301</SimpleData>
					<SimpleData name="Y_edit">107.505</SimpleData>
				</SchemaData>
			</ExtendedData>
			<Point>
				<coordinates>107.504893918538,-6.843013055331402,0</coordinates>
			</Point>
		</Placemark>
		<Placemark>
			<name>120+200</name>
			<styleUrl>#pointStyleMap</styleUrl>
			<Style id="inline">
				<IconStyle>
					<color>ffffffaa</color>
					<colorMode>normal</colorMode>
					<Icon>
						<href>http://maps.google.com/mapfiles/kml/pushpin/grn-pushpin.png</href>
					</Icon>
				</IconStyle>
				<LineStyle>
					<color>ffffffaa</color>
					<colorMode>normal</colorMode>
				</LineStyle>
				<PolyStyle>
					<color>ffffffaa</color>
					<colorMode>normal</colorMode>
				</PolyStyle>
			</Style>
			<ExtendedData>
				<SchemaData schemaUrl="#S_patok_heksa_MR_CPL_A_SSDD">
					<SimpleData name="KM">120+200</SimpleData>
					<SimpleData name="JALUR">A</SimpleData>
					<SimpleData name="X_edit">-6.84471</SimpleData>
					<SimpleData name="Y_edit">107.506</SimpleData>
				</SchemaData>
			</ExtendedData>
			<Point>
				<coordinates>107.505510073099,-6.844709959992068,0</coordinates>
			</Point>
		</Placemark>
		<Placemark>
			<name>120+400</name>
			<styleUrl>#pointStyleMap</styleUrl>
			<Style id="inline">
				<IconStyle>
					<color>ffffffaa</color>
					<colorMode>normal</colorMode>
					<Icon>
						<href>http://maps.google.com/mapfiles/kml/pushpin/grn-pushpin.png</href>
					</Icon>
				</IconStyle>
				<LineStyle>
					<color>ffffffaa</color>
					<colorMode>normal</colorMode>
				</LineStyle>
				<PolyStyle>
					<color>ffffffaa</color>
					<colorMode>normal</colorMode>
				</PolyStyle>
			</Style>
			<ExtendedData>
				<SchemaData schemaUrl="#S_patok_heksa_MR_CPL_A_SSDD">
					<SimpleData name="KM">120+400</SimpleData>
					<SimpleData name="JALUR">A</SimpleData>
					<SimpleData name="X_edit">-6.84649</SimpleData>
					<SimpleData name="Y_edit">107.506</SimpleData>
				</SchemaData>
			</ExtendedData>
			<Point>
				<coordinates>107.505785250512,-6.846492579487484,0</coordinates>
			</Point>
		</Placemark>
		<Placemark>
			<name>120+600</name>
			<styleUrl>#pointStyleMap</styleUrl>
			<Style id="inline">
				<IconStyle>
					<color>ffffffaa</color>
					<colorMode>normal</colorMode>
					<Icon>
						<href>http://maps.google.com/mapfiles/kml/pushpin/grn-pushpin.png</href>
					</Icon>
				</IconStyle>
				<LineStyle>
					<color>ffffffaa</color>
					<colorMode>normal</colorMode>
				</LineStyle>
				<PolyStyle>
					<color>ffffffaa</color>
					<colorMode>normal</colorMode>
				</PolyStyle>
			</Style>
			<ExtendedData>
				<SchemaData schemaUrl="#S_patok_heksa_MR_CPL_A_SSDD">
					<SimpleData name="KM">120+600</SimpleData>
					<SimpleData name="JALUR">A</SimpleData>
					<SimpleData name="X_edit">-6.84829</SimpleData>
					<SimpleData name="Y_edit">107.506</SimpleData>
				</SchemaData>
			</ExtendedData>
			<Point>
				<coordinates>107.505800226703,-6.84829062475518,0</coordinates>
			</Point>
		</Placemark>
		<Placemark>
			<name>120+800</name>
			<styleUrl>#pointStyleMap</styleUrl>
			<Style id="inline">
				<IconStyle>
					<color>ffffffaa</color>
					<colorMode>normal</colorMode>
					<Icon>
						<href>http://maps.google.com/mapfiles/kml/pushpin/grn-pushpin.png</href>
					</Icon>
				</IconStyle>
				<LineStyle>
					<color>ffffffaa</color>
					<colorMode>normal</colorMode>
				</LineStyle>
				<PolyStyle>
					<color>ffffffaa</color>
					<colorMode>normal</colorMode>
				</PolyStyle>
			</Style>
			<ExtendedData>
				<SchemaData schemaUrl="#S_patok_heksa_MR_CPL_A_SSDD">
					<SimpleData name="KM">120+800</SimpleData>
					<SimpleData name="JALUR">A</SimpleData>
					<SimpleData name="X_edit">-6.85008</SimpleData>
					<SimpleData name="Y_edit">107.506</SimpleData>
				</SchemaData>
			</ExtendedData>
			<Point>
				<coordinates>107.505720076365,-6.85007780295529,0</coordinates>
			</Point>
		</Placemark>
		<Placemark>
			<name>121+0</name>
			<styleUrl>#pointStyleMap</styleUrl>
			<Style id="inline">
				<IconStyle>
					<color>ffffffaa</color>
					<colorMode>normal</colorMode>
					<Icon>
						<href>http://maps.google.com/mapfiles/kml/pushpin/grn-pushpin.png</href>
					</Icon>
				</IconStyle>
				<LineStyle>
					<color>ffffffaa</color>
					<colorMode>normal</colorMode>
				</LineStyle>
				<PolyStyle>
					<color>ffffffaa</color>
					<colorMode>normal</colorMode>
				</PolyStyle>
			</Style>
			<ExtendedData>
				<SchemaData schemaUrl="#S_patok_heksa_MR_CPL_A_SSDD">
					<SimpleData name="KM">121+0</SimpleData>
					<SimpleData name="JALUR">A</SimpleData>
					<SimpleData name="X_edit">-6.85188</SimpleData>
					<SimpleData name="Y_edit">107.506</SimpleData>
				</SchemaData>
			</ExtendedData>
			<Point>
				<coordinates>107.505555212919,-6.851876104960118,0</coordinates>
			</Point>
		</Placemark>
		<Placemark>
			<name>121+200</name>
			<styleUrl>#pointStyleMap</styleUrl>
			<Style id="inline">
				<IconStyle>
					<color>ffffffaa</color>
					<colorMode>normal</colorMode>
					<Icon>
						<href>http://maps.google.com/mapfiles/kml/pushpin/grn-pushpin.png</href>
					</Icon>
				</IconStyle>
				<LineStyle>
					<color>ffffffaa</color>
					<colorMode>normal</colorMode>
				</LineStyle>
				<PolyStyle>
					<color>ffffffaa</color>
					<colorMode>normal</colorMode>
				</PolyStyle>
			</Style>
			<ExtendedData>
				<SchemaData schemaUrl="#S_patok_heksa_MR_CPL_A_SSDD">
					<SimpleData name="KM">121+200</SimpleData>
					<SimpleData name="JALUR">A</SimpleData>
					<SimpleData name="X_edit">-6.85367</SimpleData>
					<SimpleData name="Y_edit">107.505</SimpleData>
				</SchemaData>
			</ExtendedData>
			<Point>
				<coordinates>107.505295227458,-6.853665240873599,0</coordinates>
			</Point>
		</Placemark>
		<Placemark>
			<name>121+400</name>
			<styleUrl>#pointStyleMap</styleUrl>
			<Style id="inline">
				<IconStyle>
					<color>ffffffaa</color>
					<colorMode>normal</colorMode>
					<Icon>
						<href>http://maps.google.com/mapfiles/kml/pushpin/grn-pushpin.png</href>
					</Icon>
				</IconStyle>
				<LineStyle>
					<color>ffffffaa</color>
					<colorMode>normal</colorMode>
				</LineStyle>
				<PolyStyle>
					<color>ffffffaa</color>
					<colorMode>normal</colorMode>
				</PolyStyle>
			</Style>
			<ExtendedData>
				<SchemaData schemaUrl="#S_patok_heksa_MR_CPL_A_SSDD">
					<SimpleData name="KM">121+400</SimpleData>
					<SimpleData name="JALUR">A</SimpleData>
					<SimpleData name="X_edit">-6.85545</SimpleData>
					<SimpleData name="Y_edit">107.505</SimpleData>
				</SchemaData>
			</ExtendedData>
			<Point>
				<coordinates>107.505015244697,-6.855452810469325,0</coordinates>
			</Point>
		</Placemark>
		<atom:link rel="app" href="https://www.google.com/earth/about/versions/#earth-pro" title="Google Earth Pro 7.3.6.10201"></atom:link>
	</Folder>
</Document>
</kml>
