<?xml version="1.0" encoding="UTF-8"?>
<kml xmlns="http://www.opengis.net/kml/2.2" xmlns:gx="http://www.google.com/kml/ext/2.2" xmlns:kml="http://www.opengis.net/kml/2.2" xmlns:atom="http://www.w3.org/2005/Atom">
<Document>
	<name>patok heksa MR PDL A.kml</name>
	<Schema name="patok heksa MR PDL A" id="S_patok_heksa_MR_PDL_A_SSSDD">
		<SimpleField type="string" name="RUAS"><displayName>&lt;b&gt;RUAS&lt;/b&gt;</displayName>
</SimpleField>
		<SimpleField type="string" name="JALUR"><displayName>&lt;b&gt;JALUR&lt;/b&gt;</displayName>
</SimpleField>
		<SimpleField type="string" name="KM"><displayName>&lt;b&gt;KM&lt;/b&gt;</displayName>
</SimpleField>
		<SimpleField type="double" name="X"><displayName>&lt;b&gt;X&lt;/b&gt;</displayName>
</SimpleField>
		<SimpleField type="double" name="Y"><displayName>&lt;b&gt;Y&lt;/b&gt;</displayName>
</SimpleField>
	</Schema>
	<Style id="hlightPointStyle">
		<IconStyle>
			<Icon>
				<href>http://maps.google.com/mapfiles/kml/shapes/placemark_circle_highlight.png</href>
			</Icon>
		</IconStyle>
		<BalloonStyle>
			<text><![CDATA[<table border="0">
  <tr><td><b>RUAS</b></td><td>$[patok heksa MR PDL A/RUAS]</td></tr>
  <tr><td><b>JALUR</b></td><td>$[patok heksa MR PDL A/JALUR]</td></tr>
  <tr><td><b>KM</b></td><td>$[patok heksa MR PDL A/KM]</td></tr>
  <tr><td><b>X</b></td><td>$[patok heksa MR PDL A/X]</td></tr>
  <tr><td><b>Y</b></td><td>$[patok heksa MR PDL A/Y]</td></tr>
</table>]]></text>
		</BalloonStyle>
	</Style>
	<Style id="normPointStyle">
		<IconStyle>
			<Icon>
				<href>http://maps.google.com/mapfiles/kml/shapes/placemark_circle.png</href>
			</Icon>
		</IconStyle>
		<BalloonStyle>
			<text><![CDATA[<table border="0">
  <tr><td><b>RUAS</b></td><td>$[patok heksa MR PDL A/RUAS]</td></tr>
  <tr><td><b>JALUR</b></td><td>$[patok heksa MR PDL A/JALUR]</td></tr>
  <tr><td><b>KM</b></td><td>$[patok heksa MR PDL A/KM]</td></tr>
  <tr><td><b>X</b></td><td>$[patok heksa MR PDL A/X]</td></tr>
  <tr><td><b>Y</b></td><td>$[patok heksa MR PDL A/Y]</td></tr>
</table>]]></text>
		</BalloonStyle>
	</Style>
	<StyleMap id="pointStyleMap">
		<Pair>
			<key>normal</key>
			<styleUrl>#normPointStyle</styleUrl>
		</Pair>
		<Pair>
			<key>highlight</key>
			<styleUrl>#hlightPointStyle</styleUrl>
		</Pair>
	</StyleMap>
	<Folder id="layer 0">
		<name>patok heksa MR PDL A</name>
		<Placemark>
			<name>121+600</name>
			<styleUrl>#pointStyleMap</styleUrl>
			<Style id="inline">
				<IconStyle>
					<color>ffffffaa</color>
					<colorMode>normal</colorMode>
					<Icon>
						<href>http://maps.google.com/mapfiles/kml/pushpin/pink-pushpin.png</href>
					</Icon>
				</IconStyle>
				<LineStyle>
					<color>ffffffaa</color>
					<colorMode>normal</colorMode>
				</LineStyle>
				<PolyStyle>
					<color>ffffffaa</color>
					<colorMode>normal</colorMode>
				</PolyStyle>
			</Style>
			<ExtendedData>
				<SchemaData schemaUrl="#S_patok_heksa_MR_PDL_A_SSSDD">
					<SimpleData name="RUAS">PADALEUNYI</SimpleData>
					<SimpleData name="JALUR">A</SimpleData>
					<SimpleData name="KM">121+600</SimpleData>
					<SimpleData name="X">-6.85733</SimpleData>
					<SimpleData name="Y">107.505</SimpleData>
				</SchemaData>
			</ExtendedData>
			<Point>
				<coordinates>107.504880928444,-6.857332645987753,0</coordinates>
			</Point>
		</Placemark>
		<Placemark>
			<name>121+800</name>
			<styleUrl>#pointStyleMap</styleUrl>
			<Style id="inline">
				<IconStyle>
					<color>ffffffaa</color>
					<colorMode>normal</colorMode>
					<Icon>
						<href>http://maps.google.com/mapfiles/kml/pushpin/pink-pushpin.png</href>
					</Icon>
				</IconStyle>
				<LineStyle>
					<color>ffffffaa</color>
					<colorMode>normal</colorMode>
				</LineStyle>
				<PolyStyle>
					<color>ffffffaa</color>
					<colorMode>normal</colorMode>
				</PolyStyle>
			</Style>
			<ExtendedData>
				<SchemaData schemaUrl="#S_patok_heksa_MR_PDL_A_SSSDD">
					<SimpleData name="RUAS">PADALEUNYI</SimpleData>
					<SimpleData name="JALUR">A</SimpleData>
					<SimpleData name="KM">121+800</SimpleData>
					<SimpleData name="X">-6.85915</SimpleData>
					<SimpleData name="Y">107.505</SimpleData>
				</SchemaData>
			</ExtendedData>
			<Point>
				<coordinates>107.504987362719,-6.859154553334042,0</coordinates>
			</Point>
		</Placemark>
		<Placemark>
			<name>122+0</name>
			<styleUrl>#pointStyleMap</styleUrl>
			<Style id="inline">
				<IconStyle>
					<color>ffffffaa</color>
					<colorMode>normal</colorMode>
					<Icon>
						<href>http://maps.google.com/mapfiles/kml/pushpin/pink-pushpin.png</href>
					</Icon>
				</IconStyle>
				<LineStyle>
					<color>ffffffaa</color>
					<colorMode>normal</colorMode>
				</LineStyle>
				<PolyStyle>
					<color>ffffffaa</color>
					<colorMode>normal</colorMode>
				</PolyStyle>
			</Style>
			<ExtendedData>
				<SchemaData schemaUrl="#S_patok_heksa_MR_PDL_A_SSSDD">
					<SimpleData name="RUAS">PADALEUNYI</SimpleData>
					<SimpleData name="JALUR">A</SimpleData>
					<SimpleData name="KM">122+0</SimpleData>
					<SimpleData name="X">-6.86092</SimpleData>
					<SimpleData name="Y">107.505</SimpleData>
				</SchemaData>
			</ExtendedData>
			<Point>
				<coordinates>107.505238943472,-6.860921687018784,0</coordinates>
			</Point>
		</Placemark>
		<Placemark>
			<name>122+200</name>
			<styleUrl>#pointStyleMap</styleUrl>
			<Style id="inline">
				<IconStyle>
					<color>ffffffaa</color>
					<colorMode>normal</colorMode>
					<Icon>
						<href>http://maps.google.com/mapfiles/kml/pushpin/pink-pushpin.png</href>
					</Icon>
				</IconStyle>
				<LineStyle>
					<color>ffffffaa</color>
					<colorMode>normal</colorMode>
				</LineStyle>
				<PolyStyle>
					<color>ffffffaa</color>
					<colorMode>normal</colorMode>
				</PolyStyle>
			</Style>
			<ExtendedData>
				<SchemaData schemaUrl="#S_patok_heksa_MR_PDL_A_SSSDD">
					<SimpleData name="RUAS">PADALEUNYI</SimpleData>
					<SimpleData name="JALUR">A</SimpleData>
					<SimpleData name="KM">122+200</SimpleData>
					<SimpleData name="X">-6.86266</SimpleData>
					<SimpleData name="Y">107.506</SimpleData>
				</SchemaData>
			</ExtendedData>
			<Point>
				<coordinates>107.505676310886,-6.862661913191888,0</coordinates>
			</Point>
		</Placemark>
		<Placemark>
			<name>122+400</name>
			<styleUrl>#pointStyleMap</styleUrl>
			<Style id="inline">
				<IconStyle>
					<color>ffffffaa</color>
					<colorMode>normal</colorMode>
					<Icon>
						<href>http://maps.google.com/mapfiles/kml/pushpin/pink-pushpin.png</href>
					</Icon>
				</IconStyle>
				<LineStyle>
					<color>ffffffaa</color>
					<colorMode>normal</colorMode>
				</LineStyle>
				<PolyStyle>
					<color>ffffffaa</color>
					<colorMode>normal</colorMode>
				</PolyStyle>
			</Style>
			<ExtendedData>
				<SchemaData schemaUrl="#S_patok_heksa_MR_PDL_A_SSSDD">
					<SimpleData name="RUAS">PADALEUNYI</SimpleData>
					<SimpleData name="JALUR">A</SimpleData>
					<SimpleData name="KM">122+400</SimpleData>
					<SimpleData name="X">-6.86436</SimpleData>
					<SimpleData name="Y">107.506</SimpleData>
				</SchemaData>
			</ExtendedData>
			<Point>
				<coordinates>107.506301055372,-6.864355870698693,0</coordinates>
			</Point>
		</Placemark>
		<Placemark>
			<name>122+600</name>
			<styleUrl>#pointStyleMap</styleUrl>
			<Style id="inline">
				<IconStyle>
					<color>ffffffaa</color>
					<colorMode>normal</colorMode>
					<Icon>
						<href>http://maps.google.com/mapfiles/kml/pushpin/pink-pushpin.png</href>
					</Icon>
				</IconStyle>
				<LineStyle>
					<color>ffffffaa</color>
					<colorMode>normal</colorMode>
				</LineStyle>
				<PolyStyle>
					<color>ffffffaa</color>
					<colorMode>normal</colorMode>
				</PolyStyle>
			</Style>
			<ExtendedData>
				<SchemaData schemaUrl="#S_patok_heksa_MR_PDL_A_SSSDD">
					<SimpleData name="RUAS">PADALEUNYI</SimpleData>
					<SimpleData name="JALUR">A</SimpleData>
					<SimpleData name="KM">122+600</SimpleData>
					<SimpleData name="X">-6.866</SimpleData>
					<SimpleData name="Y">107.507</SimpleData>
				</SchemaData>
			</ExtendedData>
			<Point>
				<coordinates>107.507035119331,-6.865995551104684,0</coordinates>
			</Point>
		</Placemark>
		<Placemark>
			<name>122+800</name>
			<styleUrl>#pointStyleMap</styleUrl>
			<Style id="inline">
				<IconStyle>
					<color>ffffffaa</color>
					<colorMode>normal</colorMode>
					<Icon>
						<href>http://maps.google.com/mapfiles/kml/pushpin/pink-pushpin.png</href>
					</Icon>
				</IconStyle>
				<LineStyle>
					<color>ffffffaa</color>
					<colorMode>normal</colorMode>
				</LineStyle>
				<PolyStyle>
					<color>ffffffaa</color>
					<colorMode>normal</colorMode>
				</PolyStyle>
			</Style>
			<ExtendedData>
				<SchemaData schemaUrl="#S_patok_heksa_MR_PDL_A_SSSDD">
					<SimpleData name="RUAS">PADALEUNYI</SimpleData>
					<SimpleData name="JALUR">A</SimpleData>
					<SimpleData name="KM">122+800</SimpleData>
					<SimpleData name="X">-6.86755</SimpleData>
					<SimpleData name="Y">107.508</SimpleData>
				</SchemaData>
			</ExtendedData>
			<Point>
				<coordinates>107.508008187959,-6.867550996078686,0</coordinates>
			</Point>
		</Placemark>
		<Placemark>
			<name>123+0</name>
			<styleUrl>#pointStyleMap</styleUrl>
			<Style id="inline">
				<IconStyle>
					<color>ffffffaa</color>
					<colorMode>normal</colorMode>
					<Icon>
						<href>http://maps.google.com/mapfiles/kml/pushpin/pink-pushpin.png</href>
					</Icon>
				</IconStyle>
				<LineStyle>
					<color>ffffffaa</color>
					<colorMode>normal</colorMode>
				</LineStyle>
				<PolyStyle>
					<color>ffffffaa</color>
					<colorMode>normal</colorMode>
				</PolyStyle>
			</Style>
			<ExtendedData>
				<SchemaData schemaUrl="#S_patok_heksa_MR_PDL_A_SSSDD">
					<SimpleData name="RUAS">PADALEUNYI</SimpleData>
					<SimpleData name="JALUR">A</SimpleData>
					<SimpleData name="KM">123+0</SimpleData>
					<SimpleData name="X">-6.869</SimpleData>
					<SimpleData name="Y">107.509</SimpleData>
				</SchemaData>
			</ExtendedData>
			<Point>
				<coordinates>107.509070301784,-6.868998071427434,0</coordinates>
			</Point>
		</Placemark>
		<Placemark>
			<name>123+200</name>
			<styleUrl>#pointStyleMap</styleUrl>
			<Style id="inline">
				<IconStyle>
					<color>ffffffaa</color>
					<colorMode>normal</colorMode>
					<Icon>
						<href>http://maps.google.com/mapfiles/kml/pushpin/pink-pushpin.png</href>
					</Icon>
				</IconStyle>
				<LineStyle>
					<color>ffffffaa</color>
					<colorMode>normal</colorMode>
				</LineStyle>
				<PolyStyle>
					<color>ffffffaa</color>
					<colorMode>normal</colorMode>
				</PolyStyle>
			</Style>
			<ExtendedData>
				<SchemaData schemaUrl="#S_patok_heksa_MR_PDL_A_SSSDD">
					<SimpleData name="RUAS">PADALEUNYI</SimpleData>
					<SimpleData name="JALUR">A</SimpleData>
					<SimpleData name="KM">123+200</SimpleData>
					<SimpleData name="X">-6.87046</SimpleData>
					<SimpleData name="Y">107.51</SimpleData>
				</SchemaData>
			</ExtendedData>
			<Point>
				<coordinates>107.510196966334,-6.870463947259253,0</coordinates>
			</Point>
		</Placemark>
		<Placemark>
			<name>123+400</name>
			<styleUrl>#pointStyleMap</styleUrl>
			<Style id="inline">
				<IconStyle>
					<color>ffffffaa</color>
					<colorMode>normal</colorMode>
					<Icon>
						<href>http://maps.google.com/mapfiles/kml/pushpin/pink-pushpin.png</href>
					</Icon>
				</IconStyle>
				<LineStyle>
					<color>ffffffaa</color>
					<colorMode>normal</colorMode>
				</LineStyle>
				<PolyStyle>
					<color>ffffffaa</color>
					<colorMode>normal</colorMode>
				</PolyStyle>
			</Style>
			<ExtendedData>
				<SchemaData schemaUrl="#S_patok_heksa_MR_PDL_A_SSSDD">
					<SimpleData name="RUAS">PADALEUNYI</SimpleData>
					<SimpleData name="JALUR">A</SimpleData>
					<SimpleData name="KM">123+400</SimpleData>
					<SimpleData name="X">-6.87191</SimpleData>
					<SimpleData name="Y">107.511</SimpleData>
				</SchemaData>
			</ExtendedData>
			<Point>
				<coordinates>107.511321151768,-6.871905192223727,0</coordinates>
			</Point>
		</Placemark>
		<Placemark>
			<name>123+600</name>
			<styleUrl>#pointStyleMap</styleUrl>
			<Style id="inline">
				<IconStyle>
					<color>ffffffaa</color>
					<colorMode>normal</colorMode>
					<Icon>
						<href>http://maps.google.com/mapfiles/kml/pushpin/pink-pushpin.png</href>
					</Icon>
				</IconStyle>
				<LineStyle>
					<color>ffffffaa</color>
					<colorMode>normal</colorMode>
				</LineStyle>
				<PolyStyle>
					<color>ffffffaa</color>
					<colorMode>normal</colorMode>
				</PolyStyle>
			</Style>
			<ExtendedData>
				<SchemaData schemaUrl="#S_patok_heksa_MR_PDL_A_SSSDD">
					<SimpleData name="RUAS">PADALEUNYI</SimpleData>
					<SimpleData name="JALUR">A</SimpleData>
					<SimpleData name="KM">123+600</SimpleData>
					<SimpleData name="X">-6.87336</SimpleData>
					<SimpleData name="Y">107.512</SimpleData>
				</SchemaData>
			</ExtendedData>
			<Point>
				<coordinates>107.512420744769,-6.87335838176113,0</coordinates>
			</Point>
		</Placemark>
		<Placemark>
			<name>123+800</name>
			<styleUrl>#pointStyleMap</styleUrl>
			<Style id="inline">
				<IconStyle>
					<color>ffffffaa</color>
					<colorMode>normal</colorMode>
					<Icon>
						<href>http://maps.google.com/mapfiles/kml/pushpin/pink-pushpin.png</href>
					</Icon>
				</IconStyle>
				<LineStyle>
					<color>ffffffaa</color>
					<colorMode>normal</colorMode>
				</LineStyle>
				<PolyStyle>
					<color>ffffffaa</color>
					<colorMode>normal</colorMode>
				</PolyStyle>
			</Style>
			<ExtendedData>
				<SchemaData schemaUrl="#S_patok_heksa_MR_PDL_A_SSSDD">
					<SimpleData name="RUAS">PADALEUNYI</SimpleData>
					<SimpleData name="JALUR">A</SimpleData>
					<SimpleData name="KM">123+800</SimpleData>
					<SimpleData name="X">-6.87479</SimpleData>
					<SimpleData name="Y">107.514</SimpleData>
				</SchemaData>
			</ExtendedData>
			<Point>
				<coordinates>107.513508548658,-6.874785833237611,0</coordinates>
			</Point>
		</Placemark>
		<Placemark>
			<name>124+0</name>
			<styleUrl>#pointStyleMap</styleUrl>
			<Style id="inline">
				<IconStyle>
					<color>ffffffaa</color>
					<colorMode>normal</colorMode>
					<Icon>
						<href>http://maps.google.com/mapfiles/kml/pushpin/pink-pushpin.png</href>
					</Icon>
				</IconStyle>
				<LineStyle>
					<color>ffffffaa</color>
					<colorMode>normal</colorMode>
				</LineStyle>
				<PolyStyle>
					<color>ffffffaa</color>
					<colorMode>normal</colorMode>
				</PolyStyle>
			</Style>
			<ExtendedData>
				<SchemaData schemaUrl="#S_patok_heksa_MR_PDL_A_SSSDD">
					<SimpleData name="RUAS">PADALEUNYI</SimpleData>
					<SimpleData name="JALUR">A</SimpleData>
					<SimpleData name="KM">124+0</SimpleData>
					<SimpleData name="X">-6.87626</SimpleData>
					<SimpleData name="Y">107.515</SimpleData>
				</SchemaData>
			</ExtendedData>
			<Point>
				<coordinates>107.514544140147,-6.876256278925464,0</coordinates>
			</Point>
		</Placemark>
		<Placemark>
			<name>124+200</name>
			<styleUrl>#pointStyleMap</styleUrl>
			<Style id="inline">
				<IconStyle>
					<color>ffffffaa</color>
					<colorMode>normal</colorMode>
					<Icon>
						<href>http://maps.google.com/mapfiles/kml/pushpin/pink-pushpin.png</href>
					</Icon>
				</IconStyle>
				<LineStyle>
					<color>ffffffaa</color>
					<colorMode>normal</colorMode>
				</LineStyle>
				<PolyStyle>
					<color>ffffffaa</color>
					<colorMode>normal</colorMode>
				</PolyStyle>
			</Style>
			<ExtendedData>
				<SchemaData schemaUrl="#S_patok_heksa_MR_PDL_A_SSSDD">
					<SimpleData name="RUAS">PADALEUNYI</SimpleData>
					<SimpleData name="JALUR">A</SimpleData>
					<SimpleData name="KM">124+200</SimpleData>
					<SimpleData name="X">-6.87773</SimpleData>
					<SimpleData name="Y">107.516</SimpleData>
				</SchemaData>
			</ExtendedData>
			<Point>
				<coordinates>107.515554755176,-6.877733629380634,0</coordinates>
			</Point>
		</Placemark>
		<Placemark>
			<name>124+400</name>
			<styleUrl>#pointStyleMap</styleUrl>
			<Style id="inline">
				<IconStyle>
					<color>ffffffaa</color>
					<colorMode>normal</colorMode>
					<Icon>
						<href>http://maps.google.com/mapfiles/kml/pushpin/pink-pushpin.png</href>
					</Icon>
				</IconStyle>
				<LineStyle>
					<color>ffffffaa</color>
					<colorMode>normal</colorMode>
				</LineStyle>
				<PolyStyle>
					<color>ffffffaa</color>
					<colorMode>normal</colorMode>
				</PolyStyle>
			</Style>
			<ExtendedData>
				<SchemaData schemaUrl="#S_patok_heksa_MR_PDL_A_SSSDD">
					<SimpleData name="RUAS">PADALEUNYI</SimpleData>
					<SimpleData name="JALUR">A</SimpleData>
					<SimpleData name="KM">124+400</SimpleData>
					<SimpleData name="X">-6.87925</SimpleData>
					<SimpleData name="Y">107.517</SimpleData>
				</SchemaData>
			</ExtendedData>
			<Point>
				<coordinates>107.516538086335,-6.879247702970217,0</coordinates>
			</Point>
		</Placemark>
		<Placemark>
			<name>124+600</name>
			<styleUrl>#pointStyleMap</styleUrl>
			<Style id="inline">
				<IconStyle>
					<color>ffffffaa</color>
					<colorMode>normal</colorMode>
					<Icon>
						<href>http://maps.google.com/mapfiles/kml/pushpin/pink-pushpin.png</href>
					</Icon>
				</IconStyle>
				<LineStyle>
					<color>ffffffaa</color>
					<colorMode>normal</colorMode>
				</LineStyle>
				<PolyStyle>
					<color>ffffffaa</color>
					<colorMode>normal</colorMode>
				</PolyStyle>
			</Style>
			<ExtendedData>
				<SchemaData schemaUrl="#S_patok_heksa_MR_PDL_A_SSSDD">
					<SimpleData name="RUAS">PADALEUNYI</SimpleData>
					<SimpleData name="JALUR">A</SimpleData>
					<SimpleData name="KM">124+600</SimpleData>
					<SimpleData name="X">-6.88074</SimpleData>
					<SimpleData name="Y">107.518</SimpleData>
				</SchemaData>
			</ExtendedData>
			<Point>
				<coordinates>107.51751997266,-6.880740139004073,0</coordinates>
			</Point>
		</Placemark>
		<Placemark>
			<name>124+800</name>
			<styleUrl>#pointStyleMap</styleUrl>
			<Style id="inline">
				<IconStyle>
					<color>ffffffaa</color>
					<colorMode>normal</colorMode>
					<Icon>
						<href>http://maps.google.com/mapfiles/kml/pushpin/pink-pushpin.png</href>
					</Icon>
				</IconStyle>
				<LineStyle>
					<color>ffffffaa</color>
					<colorMode>normal</colorMode>
				</LineStyle>
				<PolyStyle>
					<color>ffffffaa</color>
					<colorMode>normal</colorMode>
				</PolyStyle>
			</Style>
			<ExtendedData>
				<SchemaData schemaUrl="#S_patok_heksa_MR_PDL_A_SSSDD">
					<SimpleData name="RUAS">PADALEUNYI</SimpleData>
					<SimpleData name="JALUR">A</SimpleData>
					<SimpleData name="KM">124+800</SimpleData>
					<SimpleData name="X">-6.88225</SimpleData>
					<SimpleData name="Y">107.519</SimpleData>
				</SchemaData>
			</ExtendedData>
			<Point>
				<coordinates>107.518524020305,-6.882249947059032,0</coordinates>
			</Point>
		</Placemark>
		<Placemark>
			<name>125+0</name>
			<styleUrl>#pointStyleMap</styleUrl>
			<Style id="inline">
				<IconStyle>
					<color>ffffffaa</color>
					<colorMode>normal</colorMode>
					<Icon>
						<href>http://maps.google.com/mapfiles/kml/pushpin/pink-pushpin.png</href>
					</Icon>
				</IconStyle>
				<LineStyle>
					<color>ffffffaa</color>
					<colorMode>normal</colorMode>
				</LineStyle>
				<PolyStyle>
					<color>ffffffaa</color>
					<colorMode>normal</colorMode>
				</PolyStyle>
			</Style>
			<ExtendedData>
				<SchemaData schemaUrl="#S_patok_heksa_MR_PDL_A_SSSDD">
					<SimpleData name="RUAS">PADALEUNYI</SimpleData>
					<SimpleData name="JALUR">A</SimpleData>
					<SimpleData name="KM">125+0</SimpleData>
					<SimpleData name="X">-6.88376</SimpleData>
					<SimpleData name="Y">107.519</SimpleData>
				</SchemaData>
			</ExtendedData>
			<Point>
				<coordinates>107.519497431526,-6.88376358570935,0</coordinates>
			</Point>
		</Placemark>
		<Placemark>
			<name>125+200</name>
			<styleUrl>#pointStyleMap</styleUrl>
			<Style id="inline">
				<IconStyle>
					<color>ffffffaa</color>
					<colorMode>normal</colorMode>
					<Icon>
						<href>http://maps.google.com/mapfiles/kml/pushpin/pink-pushpin.png</href>
					</Icon>
				</IconStyle>
				<LineStyle>
					<color>ffffffaa</color>
					<colorMode>normal</colorMode>
				</LineStyle>
				<PolyStyle>
					<color>ffffffaa</color>
					<colorMode>normal</colorMode>
				</PolyStyle>
			</Style>
			<ExtendedData>
				<SchemaData schemaUrl="#S_patok_heksa_MR_PDL_A_SSSDD">
					<SimpleData name="RUAS">PADALEUNYI</SimpleData>
					<SimpleData name="JALUR">A</SimpleData>
					<SimpleData name="KM">125+200</SimpleData>
					<SimpleData name="X">-6.88524</SimpleData>
					<SimpleData name="Y">107.521</SimpleData>
				</SchemaData>
			</ExtendedData>
			<Point>
				<coordinates>107.520506314595,-6.885242477495204,0</coordinates>
			</Point>
		</Placemark>
		<Placemark>
			<name>125+400</name>
			<styleUrl>#pointStyleMap</styleUrl>
			<Style id="inline">
				<IconStyle>
					<color>ffffffaa</color>
					<colorMode>normal</colorMode>
					<Icon>
						<href>http://maps.google.com/mapfiles/kml/pushpin/pink-pushpin.png</href>
					</Icon>
				</IconStyle>
				<LineStyle>
					<color>ffffffaa</color>
					<colorMode>normal</colorMode>
				</LineStyle>
				<PolyStyle>
					<color>ffffffaa</color>
					<colorMode>normal</colorMode>
				</PolyStyle>
			</Style>
			<ExtendedData>
				<SchemaData schemaUrl="#S_patok_heksa_MR_PDL_A_SSSDD">
					<SimpleData name="RUAS">PADALEUNYI</SimpleData>
					<SimpleData name="JALUR">A</SimpleData>
					<SimpleData name="KM">125+400</SimpleData>
					<SimpleData name="X">-6.88674</SimpleData>
					<SimpleData name="Y">107.521</SimpleData>
				</SchemaData>
			</ExtendedData>
			<Point>
				<coordinates>107.521494407453,-6.886740178710311,0</coordinates>
			</Point>
		</Placemark>
		<Placemark>
			<name>125+600</name>
			<styleUrl>#pointStyleMap</styleUrl>
			<Style id="inline">
				<IconStyle>
					<color>ffffffaa</color>
					<colorMode>normal</colorMode>
					<Icon>
						<href>http://maps.google.com/mapfiles/kml/pushpin/pink-pushpin.png</href>
					</Icon>
				</IconStyle>
				<LineStyle>
					<color>ffffffaa</color>
					<colorMode>normal</colorMode>
				</LineStyle>
				<PolyStyle>
					<color>ffffffaa</color>
					<colorMode>normal</colorMode>
				</PolyStyle>
			</Style>
			<ExtendedData>
				<SchemaData schemaUrl="#S_patok_heksa_MR_PDL_A_SSSDD">
					<SimpleData name="RUAS">PADALEUNYI</SimpleData>
					<SimpleData name="JALUR">A</SimpleData>
					<SimpleData name="KM">125+600</SimpleData>
					<SimpleData name="X">-6.88825</SimpleData>
					<SimpleData name="Y">107.522</SimpleData>
				</SchemaData>
			</ExtendedData>
			<Point>
				<coordinates>107.522482632609,-6.888248868813598,0</coordinates>
			</Point>
		</Placemark>
		<Placemark>
			<name>125+800</name>
			<styleUrl>#pointStyleMap</styleUrl>
			<Style id="inline">
				<IconStyle>
					<color>ffffffaa</color>
					<colorMode>normal</colorMode>
					<Icon>
						<href>http://maps.google.com/mapfiles/kml/pushpin/pink-pushpin.png</href>
					</Icon>
				</IconStyle>
				<LineStyle>
					<color>ffffffaa</color>
					<colorMode>normal</colorMode>
				</LineStyle>
				<PolyStyle>
					<color>ffffffaa</color>
					<colorMode>normal</colorMode>
				</PolyStyle>
			</Style>
			<ExtendedData>
				<SchemaData schemaUrl="#S_patok_heksa_MR_PDL_A_SSSDD">
					<SimpleData name="RUAS">PADALEUNYI</SimpleData>
					<SimpleData name="JALUR">A</SimpleData>
					<SimpleData name="KM">125+800</SimpleData>
					<SimpleData name="X">-6.88967</SimpleData>
					<SimpleData name="Y">107.524</SimpleData>
				</SchemaData>
			</ExtendedData>
			<Point>
				<coordinates>107.523567003067,-6.889670298744996,0</coordinates>
			</Point>
		</Placemark>
		<Placemark>
			<name>126+0</name>
			<styleUrl>#pointStyleMap</styleUrl>
			<Style id="inline">
				<IconStyle>
					<color>ffffffaa</color>
					<colorMode>normal</colorMode>
					<Icon>
						<href>http://maps.google.com/mapfiles/kml/pushpin/pink-pushpin.png</href>
					</Icon>
				</IconStyle>
				<LineStyle>
					<color>ffffffaa</color>
					<colorMode>normal</colorMode>
				</LineStyle>
				<PolyStyle>
					<color>ffffffaa</color>
					<colorMode>normal</colorMode>
				</PolyStyle>
			</Style>
			<ExtendedData>
				<SchemaData schemaUrl="#S_patok_heksa_MR_PDL_A_SSSDD">
					<SimpleData name="RUAS">PADALEUNYI</SimpleData>
					<SimpleData name="JALUR">A</SimpleData>
					<SimpleData name="KM">126+0</SimpleData>
					<SimpleData name="X">-6.89104</SimpleData>
					<SimpleData name="Y">107.525</SimpleData>
				</SchemaData>
			</ExtendedData>
			<Point>
				<coordinates>107.524765250916,-6.891041876816015,0</coordinates>
			</Point>
		</Placemark>
		<Placemark>
			<name>126+200</name>
			<styleUrl>#pointStyleMap</styleUrl>
			<Style id="inline">
				<IconStyle>
					<color>ffffffaa</color>
					<colorMode>normal</colorMode>
					<Icon>
						<href>http://maps.google.com/mapfiles/kml/pushpin/pink-pushpin.png</href>
					</Icon>
				</IconStyle>
				<LineStyle>
					<color>ffffffaa</color>
					<colorMode>normal</colorMode>
				</LineStyle>
				<PolyStyle>
					<color>ffffffaa</color>
					<colorMode>normal</colorMode>
				</PolyStyle>
			</Style>
			<ExtendedData>
				<SchemaData schemaUrl="#S_patok_heksa_MR_PDL_A_SSSDD">
					<SimpleData name="RUAS">PADALEUNYI</SimpleData>
					<SimpleData name="JALUR">A</SimpleData>
					<SimpleData name="KM">126+200</SimpleData>
					<SimpleData name="X">-6.89227</SimpleData>
					<SimpleData name="Y">107.526</SimpleData>
				</SchemaData>
			</ExtendedData>
			<Point>
				<coordinates>107.52609677504,-6.892269164852134,0</coordinates>
			</Point>
		</Placemark>
		<Placemark>
			<name>126+400</name>
			<styleUrl>#pointStyleMap</styleUrl>
			<Style id="inline">
				<IconStyle>
					<color>ffffffaa</color>
					<colorMode>normal</colorMode>
					<Icon>
						<href>http://maps.google.com/mapfiles/kml/pushpin/pink-pushpin.png</href>
					</Icon>
				</IconStyle>
				<LineStyle>
					<color>ffffffaa</color>
					<colorMode>normal</colorMode>
				</LineStyle>
				<PolyStyle>
					<color>ffffffaa</color>
					<colorMode>normal</colorMode>
				</PolyStyle>
			</Style>
			<ExtendedData>
				<SchemaData schemaUrl="#S_patok_heksa_MR_PDL_A_SSSDD">
					<SimpleData name="RUAS">PADALEUNYI</SimpleData>
					<SimpleData name="JALUR">A</SimpleData>
					<SimpleData name="KM">126+400</SimpleData>
					<SimpleData name="X">-6.89334</SimpleData>
					<SimpleData name="Y">107.528</SimpleData>
				</SchemaData>
			</ExtendedData>
			<Point>
				<coordinates>107.527559494335,-6.893342914830844,0</coordinates>
			</Point>
		</Placemark>
		<Placemark>
			<name>126+600</name>
			<styleUrl>#pointStyleMap</styleUrl>
			<Style id="inline">
				<IconStyle>
					<color>ffffffaa</color>
					<colorMode>normal</colorMode>
					<Icon>
						<href>http://maps.google.com/mapfiles/kml/pushpin/pink-pushpin.png</href>
					</Icon>
				</IconStyle>
				<LineStyle>
					<color>ffffffaa</color>
					<colorMode>normal</colorMode>
				</LineStyle>
				<PolyStyle>
					<color>ffffffaa</color>
					<colorMode>normal</colorMode>
				</PolyStyle>
			</Style>
			<ExtendedData>
				<SchemaData schemaUrl="#S_patok_heksa_MR_PDL_A_SSSDD">
					<SimpleData name="RUAS">PADALEUNYI</SimpleData>
					<SimpleData name="JALUR">A</SimpleData>
					<SimpleData name="KM">126+600</SimpleData>
					<SimpleData name="X">-6.89436</SimpleData>
					<SimpleData name="Y">107.529</SimpleData>
				</SchemaData>
			</ExtendedData>
			<Point>
				<coordinates>107.529107211076,-6.894363593097291,0</coordinates>
			</Point>
		</Placemark>
		<Placemark>
			<name>126+800</name>
			<styleUrl>#pointStyleMap</styleUrl>
			<Style id="inline">
				<IconStyle>
					<color>ffffffaa</color>
					<colorMode>normal</colorMode>
					<Icon>
						<href>http://maps.google.com/mapfiles/kml/pushpin/pink-pushpin.png</href>
					</Icon>
				</IconStyle>
				<LineStyle>
					<color>ffffffaa</color>
					<colorMode>normal</colorMode>
				</LineStyle>
				<PolyStyle>
					<color>ffffffaa</color>
					<colorMode>normal</colorMode>
				</PolyStyle>
			</Style>
			<ExtendedData>
				<SchemaData schemaUrl="#S_patok_heksa_MR_PDL_A_SSSDD">
					<SimpleData name="RUAS">PADALEUNYI</SimpleData>
					<SimpleData name="JALUR">A</SimpleData>
					<SimpleData name="KM">126+800</SimpleData>
					<SimpleData name="X">-6.89555</SimpleData>
					<SimpleData name="Y">107.53</SimpleData>
				</SchemaData>
			</ExtendedData>
			<Point>
				<coordinates>107.530463801761,-6.895553054864991,0</coordinates>
			</Point>
		</Placemark>
		<Placemark>
			<name>127+0</name>
			<styleUrl>#pointStyleMap</styleUrl>
			<Style id="inline">
				<IconStyle>
					<color>ffffffaa</color>
					<colorMode>normal</colorMode>
					<Icon>
						<href>http://maps.google.com/mapfiles/kml/pushpin/pink-pushpin.png</href>
					</Icon>
				</IconStyle>
				<LineStyle>
					<color>ffffffaa</color>
					<colorMode>normal</colorMode>
				</LineStyle>
				<PolyStyle>
					<color>ffffffaa</color>
					<colorMode>normal</colorMode>
				</PolyStyle>
			</Style>
			<ExtendedData>
				<SchemaData schemaUrl="#S_patok_heksa_MR_PDL_A_SSSDD">
					<SimpleData name="RUAS">PADALEUNYI</SimpleData>
					<SimpleData name="JALUR">A</SimpleData>
					<SimpleData name="KM">127+0</SimpleData>
					<SimpleData name="X">-6.89692</SimpleData>
					<SimpleData name="Y">107.532</SimpleData>
				</SchemaData>
			</ExtendedData>
			<Point>
				<coordinates>107.531638121545,-6.896919260882788,0</coordinates>
			</Point>
		</Placemark>
		<Placemark>
			<name>127+200</name>
			<styleUrl>#pointStyleMap</styleUrl>
			<Style id="inline">
				<IconStyle>
					<color>ffffffaa</color>
					<colorMode>normal</colorMode>
					<Icon>
						<href>http://maps.google.com/mapfiles/kml/pushpin/pink-pushpin.png</href>
					</Icon>
				</IconStyle>
				<LineStyle>
					<color>ffffffaa</color>
					<colorMode>normal</colorMode>
				</LineStyle>
				<PolyStyle>
					<color>ffffffaa</color>
					<colorMode>normal</colorMode>
				</PolyStyle>
			</Style>
			<ExtendedData>
				<SchemaData schemaUrl="#S_patok_heksa_MR_PDL_A_SSSDD">
					<SimpleData name="RUAS">PADALEUNYI</SimpleData>
					<SimpleData name="JALUR">A</SimpleData>
					<SimpleData name="KM">127+200</SimpleData>
					<SimpleData name="X">-6.89842</SimpleData>
					<SimpleData name="Y">107.533</SimpleData>
				</SchemaData>
			</ExtendedData>
			<Point>
				<coordinates>107.532656523059,-6.898420747397949,0</coordinates>
			</Point>
		</Placemark>
		<Placemark>
			<name>127+400</name>
			<styleUrl>#pointStyleMap</styleUrl>
			<Style id="inline">
				<IconStyle>
					<color>ffffffaa</color>
					<colorMode>normal</colorMode>
					<Icon>
						<href>http://maps.google.com/mapfiles/kml/pushpin/pink-pushpin.png</href>
					</Icon>
				</IconStyle>
				<LineStyle>
					<color>ffffffaa</color>
					<colorMode>normal</colorMode>
				</LineStyle>
				<PolyStyle>
					<color>ffffffaa</color>
					<colorMode>normal</colorMode>
				</PolyStyle>
			</Style>
			<ExtendedData>
				<SchemaData schemaUrl="#S_patok_heksa_MR_PDL_A_SSSDD">
					<SimpleData name="RUAS">PADALEUNYI</SimpleData>
					<SimpleData name="JALUR">A</SimpleData>
					<SimpleData name="KM">127+400</SimpleData>
					<SimpleData name="X">-6.90006</SimpleData>
					<SimpleData name="Y">107.533</SimpleData>
				</SchemaData>
			</ExtendedData>
			<Point>
				<coordinates>107.533430549504,-6.900056222468899,0</coordinates>
			</Point>
		</Placemark>
		<Placemark>
			<name>127+600</name>
			<styleUrl>#pointStyleMap</styleUrl>
			<Style id="inline">
				<IconStyle>
					<color>ffffffaa</color>
					<colorMode>normal</colorMode>
					<Icon>
						<href>http://maps.google.com/mapfiles/kml/pushpin/pink-pushpin.png</href>
					</Icon>
				</IconStyle>
				<LineStyle>
					<color>ffffffaa</color>
					<colorMode>normal</colorMode>
				</LineStyle>
				<PolyStyle>
					<color>ffffffaa</color>
					<colorMode>normal</colorMode>
				</PolyStyle>
			</Style>
			<ExtendedData>
				<SchemaData schemaUrl="#S_patok_heksa_MR_PDL_A_SSSDD">
					<SimpleData name="RUAS">PADALEUNYI</SimpleData>
					<SimpleData name="JALUR">A</SimpleData>
					<SimpleData name="KM">127+600</SimpleData>
					<SimpleData name="X">-6.90174</SimpleData>
					<SimpleData name="Y">107.534</SimpleData>
				</SchemaData>
			</ExtendedData>
			<Point>
				<coordinates>107.534062044668,-6.901736490680128,0</coordinates>
			</Point>
		</Placemark>
		<Placemark>
			<name>127+800</name>
			<styleUrl>#pointStyleMap</styleUrl>
			<Style id="inline">
				<IconStyle>
					<color>ffffffaa</color>
					<colorMode>normal</colorMode>
					<Icon>
						<href>http://maps.google.com/mapfiles/kml/pushpin/pink-pushpin.png</href>
					</Icon>
				</IconStyle>
				<LineStyle>
					<color>ffffffaa</color>
					<colorMode>normal</colorMode>
				</LineStyle>
				<PolyStyle>
					<color>ffffffaa</color>
					<colorMode>normal</colorMode>
				</PolyStyle>
			</Style>
			<ExtendedData>
				<SchemaData schemaUrl="#S_patok_heksa_MR_PDL_A_SSSDD">
					<SimpleData name="RUAS">PADALEUNYI</SimpleData>
					<SimpleData name="JALUR">A</SimpleData>
					<SimpleData name="KM">127+800</SimpleData>
					<SimpleData name="X">-6.90337</SimpleData>
					<SimpleData name="Y">107.535</SimpleData>
				</SchemaData>
			</ExtendedData>
			<Point>
				<coordinates>107.534763193677,-6.903371650479951,0</coordinates>
			</Point>
		</Placemark>
		<Placemark>
			<name>128+0</name>
			<styleUrl>#pointStyleMap</styleUrl>
			<Style id="inline">
				<IconStyle>
					<color>ffffffaa</color>
					<colorMode>normal</colorMode>
					<Icon>
						<href>http://maps.google.com/mapfiles/kml/pushpin/pink-pushpin.png</href>
					</Icon>
				</IconStyle>
				<LineStyle>
					<color>ffffffaa</color>
					<colorMode>normal</colorMode>
				</LineStyle>
				<PolyStyle>
					<color>ffffffaa</color>
					<colorMode>normal</colorMode>
				</PolyStyle>
			</Style>
			<ExtendedData>
				<SchemaData schemaUrl="#S_patok_heksa_MR_PDL_A_SSSDD">
					<SimpleData name="RUAS">PADALEUNYI</SimpleData>
					<SimpleData name="JALUR">A</SimpleData>
					<SimpleData name="KM">128+0</SimpleData>
					<SimpleData name="X">-6.90495</SimpleData>
					<SimpleData name="Y">107.536</SimpleData>
				</SchemaData>
			</ExtendedData>
			<Point>
				<coordinates>107.535596127519,-6.904950761100535,0</coordinates>
			</Point>
		</Placemark>
		<Placemark>
			<name>128+200</name>
			<styleUrl>#pointStyleMap</styleUrl>
			<Style id="inline">
				<IconStyle>
					<color>ffffffaa</color>
					<colorMode>normal</colorMode>
					<Icon>
						<href>http://maps.google.com/mapfiles/kml/pushpin/pink-pushpin.png</href>
					</Icon>
				</IconStyle>
				<LineStyle>
					<color>ffffffaa</color>
					<colorMode>normal</colorMode>
				</LineStyle>
				<PolyStyle>
					<color>ffffffaa</color>
					<colorMode>normal</colorMode>
				</PolyStyle>
			</Style>
			<ExtendedData>
				<SchemaData schemaUrl="#S_patok_heksa_MR_PDL_A_SSSDD">
					<SimpleData name="RUAS">PADALEUNYI</SimpleData>
					<SimpleData name="JALUR">A</SimpleData>
					<SimpleData name="KM">128+200</SimpleData>
					<SimpleData name="X">-6.90646</SimpleData>
					<SimpleData name="Y">107.537</SimpleData>
				</SchemaData>
			</ExtendedData>
			<Point>
				<coordinates>107.536595010015,-6.906461099845265,0</coordinates>
			</Point>
		</Placemark>
		<Placemark>
			<name>128+400</name>
			<styleUrl>#pointStyleMap</styleUrl>
			<Style id="inline">
				<IconStyle>
					<color>ffffffaa</color>
					<colorMode>normal</colorMode>
					<Icon>
						<href>http://maps.google.com/mapfiles/kml/pushpin/pink-pushpin.png</href>
					</Icon>
				</IconStyle>
				<LineStyle>
					<color>ffffffaa</color>
					<colorMode>normal</colorMode>
				</LineStyle>
				<PolyStyle>
					<color>ffffffaa</color>
					<colorMode>normal</colorMode>
				</PolyStyle>
			</Style>
			<ExtendedData>
				<SchemaData schemaUrl="#S_patok_heksa_MR_PDL_A_SSSDD">
					<SimpleData name="RUAS">PADALEUNYI</SimpleData>
					<SimpleData name="JALUR">A</SimpleData>
					<SimpleData name="KM">128+400</SimpleData>
					<SimpleData name="X">-6.90783</SimpleData>
					<SimpleData name="Y">107.538</SimpleData>
				</SchemaData>
			</ExtendedData>
			<Point>
				<coordinates>107.537768898466,-6.907832124730026,0</coordinates>
			</Point>
		</Placemark>
		<Placemark>
			<name>128+600</name>
			<styleUrl>#pointStyleMap</styleUrl>
			<Style id="inline">
				<IconStyle>
					<color>ffffffaa</color>
					<colorMode>normal</colorMode>
					<Icon>
						<href>http://maps.google.com/mapfiles/kml/pushpin/pink-pushpin.png</href>
					</Icon>
				</IconStyle>
				<LineStyle>
					<color>ffffffaa</color>
					<colorMode>normal</colorMode>
				</LineStyle>
				<PolyStyle>
					<color>ffffffaa</color>
					<colorMode>normal</colorMode>
				</PolyStyle>
			</Style>
			<ExtendedData>
				<SchemaData schemaUrl="#S_patok_heksa_MR_PDL_A_SSSDD">
					<SimpleData name="RUAS">PADALEUNYI</SimpleData>
					<SimpleData name="JALUR">A</SimpleData>
					<SimpleData name="KM">128+600</SimpleData>
					<SimpleData name="X">-6.90911</SimpleData>
					<SimpleData name="Y">107.539</SimpleData>
				</SchemaData>
			</ExtendedData>
			<Point>
				<coordinates>107.539047320842,-6.909105427813378,0</coordinates>
			</Point>
		</Placemark>
		<Placemark>
			<name>128+800</name>
			<styleUrl>#pointStyleMap</styleUrl>
			<Style id="inline">
				<IconStyle>
					<color>ffffffaa</color>
					<colorMode>normal</colorMode>
					<Icon>
						<href>http://maps.google.com/mapfiles/kml/pushpin/pink-pushpin.png</href>
					</Icon>
				</IconStyle>
				<LineStyle>
					<color>ffffffaa</color>
					<colorMode>normal</colorMode>
				</LineStyle>
				<PolyStyle>
					<color>ffffffaa</color>
					<colorMode>normal</colorMode>
				</PolyStyle>
			</Style>
			<ExtendedData>
				<SchemaData schemaUrl="#S_patok_heksa_MR_PDL_A_SSSDD">
					<SimpleData name="RUAS">PADALEUNYI</SimpleData>
					<SimpleData name="JALUR">A</SimpleData>
					<SimpleData name="KM">128+800</SimpleData>
					<SimpleData name="X">-6.91042</SimpleData>
					<SimpleData name="Y">107.54</SimpleData>
				</SchemaData>
			</ExtendedData>
			<Point>
				<coordinates>107.540297248184,-6.910421297333325,0</coordinates>
			</Point>
		</Placemark>
		<Placemark>
			<name>129+0</name>
			<styleUrl>#pointStyleMap</styleUrl>
			<Style id="inline">
				<IconStyle>
					<color>ffffffaa</color>
					<colorMode>normal</colorMode>
					<Icon>
						<href>http://maps.google.com/mapfiles/kml/pushpin/pink-pushpin.png</href>
					</Icon>
				</IconStyle>
				<LineStyle>
					<color>ffffffaa</color>
					<colorMode>normal</colorMode>
				</LineStyle>
				<PolyStyle>
					<color>ffffffaa</color>
					<colorMode>normal</colorMode>
				</PolyStyle>
			</Style>
			<ExtendedData>
				<SchemaData schemaUrl="#S_patok_heksa_MR_PDL_A_SSSDD">
					<SimpleData name="RUAS">PADALEUNYI</SimpleData>
					<SimpleData name="JALUR">A</SimpleData>
					<SimpleData name="KM">129+0</SimpleData>
					<SimpleData name="X">-6.91186</SimpleData>
					<SimpleData name="Y">107.541</SimpleData>
				</SchemaData>
			</ExtendedData>
			<Point>
				<coordinates>107.541359373925,-6.911858897819778,0</coordinates>
			</Point>
		</Placemark>
		<Placemark>
			<name>129+200</name>
			<styleUrl>#pointStyleMap</styleUrl>
			<Style id="inline">
				<IconStyle>
					<color>ffffffaa</color>
					<colorMode>normal</colorMode>
					<Icon>
						<href>http://maps.google.com/mapfiles/kml/pushpin/pink-pushpin.png</href>
					</Icon>
				</IconStyle>
				<LineStyle>
					<color>ffffffaa</color>
					<colorMode>normal</colorMode>
				</LineStyle>
				<PolyStyle>
					<color>ffffffaa</color>
					<colorMode>normal</colorMode>
				</PolyStyle>
			</Style>
			<ExtendedData>
				<SchemaData schemaUrl="#S_patok_heksa_MR_PDL_A_SSSDD">
					<SimpleData name="RUAS">PADALEUNYI</SimpleData>
					<SimpleData name="JALUR">A</SimpleData>
					<SimpleData name="KM">129+200</SimpleData>
					<SimpleData name="X">-6.91339</SimpleData>
					<SimpleData name="Y">107.542</SimpleData>
				</SchemaData>
			</ExtendedData>
			<Point>
				<coordinates>107.542280808957,-6.913394672097269,0</coordinates>
			</Point>
		</Placemark>
		<Placemark>
			<name>129+400</name>
			<styleUrl>#pointStyleMap</styleUrl>
			<Style id="inline">
				<IconStyle>
					<color>ffffffaa</color>
					<colorMode>normal</colorMode>
					<Icon>
						<href>http://maps.google.com/mapfiles/kml/pushpin/pink-pushpin.png</href>
					</Icon>
				</IconStyle>
				<LineStyle>
					<color>ffffffaa</color>
					<colorMode>normal</colorMode>
				</LineStyle>
				<PolyStyle>
					<color>ffffffaa</color>
					<colorMode>normal</colorMode>
				</PolyStyle>
			</Style>
			<ExtendedData>
				<SchemaData schemaUrl="#S_patok_heksa_MR_PDL_A_SSSDD">
					<SimpleData name="RUAS">PADALEUNYI</SimpleData>
					<SimpleData name="JALUR">A</SimpleData>
					<SimpleData name="KM">129+400</SimpleData>
					<SimpleData name="X">-6.91506</SimpleData>
					<SimpleData name="Y">107.543</SimpleData>
				</SchemaData>
			</ExtendedData>
			<Point>
				<coordinates>107.542943569865,-6.915055807741705,0</coordinates>
			</Point>
		</Placemark>
		<Placemark>
			<name>129+600</name>
			<styleUrl>#pointStyleMap</styleUrl>
			<Style id="inline">
				<IconStyle>
					<color>ffffffaa</color>
					<colorMode>normal</colorMode>
					<Icon>
						<href>http://maps.google.com/mapfiles/kml/pushpin/pink-pushpin.png</href>
					</Icon>
				</IconStyle>
				<LineStyle>
					<color>ffffffaa</color>
					<colorMode>normal</colorMode>
				</LineStyle>
				<PolyStyle>
					<color>ffffffaa</color>
					<colorMode>normal</colorMode>
				</PolyStyle>
			</Style>
			<ExtendedData>
				<SchemaData schemaUrl="#S_patok_heksa_MR_PDL_A_SSSDD">
					<SimpleData name="RUAS">PADALEUNYI</SimpleData>
					<SimpleData name="JALUR">A</SimpleData>
					<SimpleData name="KM">129+600</SimpleData>
					<SimpleData name="X">-6.9168</SimpleData>
					<SimpleData name="Y">107.543</SimpleData>
				</SchemaData>
			</ExtendedData>
			<Point>
				<coordinates>107.54340052513,-6.916795342481579,0</coordinates>
			</Point>
		</Placemark>
		<Placemark>
			<name>129+800</name>
			<styleUrl>#pointStyleMap</styleUrl>
			<Style id="inline">
				<IconStyle>
					<color>ffffffaa</color>
					<colorMode>normal</colorMode>
					<Icon>
						<href>http://maps.google.com/mapfiles/kml/pushpin/pink-pushpin.png</href>
					</Icon>
				</IconStyle>
				<LineStyle>
					<color>ffffffaa</color>
					<colorMode>normal</colorMode>
				</LineStyle>
				<PolyStyle>
					<color>ffffffaa</color>
					<colorMode>normal</colorMode>
				</PolyStyle>
			</Style>
			<ExtendedData>
				<SchemaData schemaUrl="#S_patok_heksa_MR_PDL_A_SSSDD">
					<SimpleData name="RUAS">PADALEUNYI</SimpleData>
					<SimpleData name="JALUR">A</SimpleData>
					<SimpleData name="KM">129+800</SimpleData>
					<SimpleData name="X">-6.91858</SimpleData>
					<SimpleData name="Y">107.544</SimpleData>
				</SchemaData>
			</ExtendedData>
			<Point>
				<coordinates>107.543723337976,-6.91857649634394,0</coordinates>
			</Point>
		</Placemark>
		<Placemark>
			<name>130+0</name>
			<styleUrl>#pointStyleMap</styleUrl>
			<Style id="inline">
				<IconStyle>
					<color>ffffffaa</color>
					<colorMode>normal</colorMode>
					<Icon>
						<href>http://maps.google.com/mapfiles/kml/pushpin/pink-pushpin.png</href>
					</Icon>
				</IconStyle>
				<LineStyle>
					<color>ffffffaa</color>
					<colorMode>normal</colorMode>
				</LineStyle>
				<PolyStyle>
					<color>ffffffaa</color>
					<colorMode>normal</colorMode>
				</PolyStyle>
			</Style>
			<ExtendedData>
				<SchemaData schemaUrl="#S_patok_heksa_MR_PDL_A_SSSDD">
					<SimpleData name="RUAS">PADALEUNYI</SimpleData>
					<SimpleData name="JALUR">A</SimpleData>
					<SimpleData name="KM">130+0</SimpleData>
					<SimpleData name="X">-6.92036</SimpleData>
					<SimpleData name="Y">107.544</SimpleData>
				</SchemaData>
			</ExtendedData>
			<Point>
				<coordinates>107.54404219512,-6.920363561406411,0</coordinates>
			</Point>
		</Placemark>
		<Placemark>
			<name>130+200</name>
			<styleUrl>#pointStyleMap</styleUrl>
			<Style id="inline">
				<IconStyle>
					<color>ffffffaa</color>
					<colorMode>normal</colorMode>
					<Icon>
						<href>http://maps.google.com/mapfiles/kml/pushpin/pink-pushpin.png</href>
					</Icon>
				</IconStyle>
				<LineStyle>
					<color>ffffffaa</color>
					<colorMode>normal</colorMode>
				</LineStyle>
				<PolyStyle>
					<color>ffffffaa</color>
					<colorMode>normal</colorMode>
				</PolyStyle>
			</Style>
			<ExtendedData>
				<SchemaData schemaUrl="#S_patok_heksa_MR_PDL_A_SSSDD">
					<SimpleData name="RUAS">PADALEUNYI</SimpleData>
					<SimpleData name="JALUR">A</SimpleData>
					<SimpleData name="KM">130+200</SimpleData>
					<SimpleData name="X">-6.92215</SimpleData>
					<SimpleData name="Y">107.544</SimpleData>
				</SchemaData>
			</ExtendedData>
			<Point>
				<coordinates>107.54437628661,-6.922147743126777,0</coordinates>
			</Point>
		</Placemark>
		<Placemark>
			<name>130+400</name>
			<styleUrl>#pointStyleMap</styleUrl>
			<Style id="inline">
				<IconStyle>
					<color>ffffffaa</color>
					<colorMode>normal</colorMode>
					<Icon>
						<href>http://maps.google.com/mapfiles/kml/pushpin/pink-pushpin.png</href>
					</Icon>
				</IconStyle>
				<LineStyle>
					<color>ffffffaa</color>
					<colorMode>normal</colorMode>
				</LineStyle>
				<PolyStyle>
					<color>ffffffaa</color>
					<colorMode>normal</colorMode>
				</PolyStyle>
			</Style>
			<ExtendedData>
				<SchemaData schemaUrl="#S_patok_heksa_MR_PDL_A_SSSDD">
					<SimpleData name="RUAS">PADALEUNYI</SimpleData>
					<SimpleData name="JALUR">A</SimpleData>
					<SimpleData name="KM">130+400</SimpleData>
					<SimpleData name="X">-6.92393</SimpleData>
					<SimpleData name="Y">107.545</SimpleData>
				</SchemaData>
			</ExtendedData>
			<Point>
				<coordinates>107.544729265118,-6.923933981367217,0</coordinates>
			</Point>
		</Placemark>
		<Placemark>
			<name>130+600</name>
			<styleUrl>#pointStyleMap</styleUrl>
			<Style id="inline">
				<IconStyle>
					<color>ffffffaa</color>
					<colorMode>normal</colorMode>
					<Icon>
						<href>http://maps.google.com/mapfiles/kml/pushpin/pink-pushpin.png</href>
					</Icon>
				</IconStyle>
				<LineStyle>
					<color>ffffffaa</color>
					<colorMode>normal</colorMode>
				</LineStyle>
				<PolyStyle>
					<color>ffffffaa</color>
					<colorMode>normal</colorMode>
				</PolyStyle>
			</Style>
			<ExtendedData>
				<SchemaData schemaUrl="#S_patok_heksa_MR_PDL_A_SSSDD">
					<SimpleData name="RUAS">PADALEUNYI</SimpleData>
					<SimpleData name="JALUR">A</SimpleData>
					<SimpleData name="KM">130+600</SimpleData>
					<SimpleData name="X">-6.9257</SimpleData>
					<SimpleData name="Y">107.545</SimpleData>
				</SchemaData>
			</ExtendedData>
			<Point>
				<coordinates>107.545134156078,-6.925703212926953,0</coordinates>
			</Point>
		</Placemark>
		<Placemark>
			<name>130+800</name>
			<styleUrl>#pointStyleMap</styleUrl>
			<Style id="inline">
				<IconStyle>
					<color>ffffffaa</color>
					<colorMode>normal</colorMode>
					<Icon>
						<href>http://maps.google.com/mapfiles/kml/pushpin/pink-pushpin.png</href>
					</Icon>
				</IconStyle>
				<LineStyle>
					<color>ffffffaa</color>
					<colorMode>normal</colorMode>
				</LineStyle>
				<PolyStyle>
					<color>ffffffaa</color>
					<colorMode>normal</colorMode>
				</PolyStyle>
			</Style>
			<ExtendedData>
				<SchemaData schemaUrl="#S_patok_heksa_MR_PDL_A_SSSDD">
					<SimpleData name="RUAS">PADALEUNYI</SimpleData>
					<SimpleData name="JALUR">A</SimpleData>
					<SimpleData name="KM">130+800</SimpleData>
					<SimpleData name="X">-6.9274</SimpleData>
					<SimpleData name="Y">107.546</SimpleData>
				</SchemaData>
			</ExtendedData>
			<Point>
				<coordinates>107.545709116103,-6.927399125072389,0</coordinates>
			</Point>
		</Placemark>
		<Placemark>
			<name>131+0</name>
			<styleUrl>#pointStyleMap</styleUrl>
			<Style id="inline">
				<IconStyle>
					<color>ffffffaa</color>
					<colorMode>normal</colorMode>
					<Icon>
						<href>http://maps.google.com/mapfiles/kml/pushpin/pink-pushpin.png</href>
					</Icon>
				</IconStyle>
				<LineStyle>
					<color>ffffffaa</color>
					<colorMode>normal</colorMode>
				</LineStyle>
				<PolyStyle>
					<color>ffffffaa</color>
					<colorMode>normal</colorMode>
				</PolyStyle>
			</Style>
			<ExtendedData>
				<SchemaData schemaUrl="#S_patok_heksa_MR_PDL_A_SSSDD">
					<SimpleData name="RUAS">PADALEUNYI</SimpleData>
					<SimpleData name="JALUR">A</SimpleData>
					<SimpleData name="KM">131+0</SimpleData>
					<SimpleData name="X">-6.92903</SimpleData>
					<SimpleData name="Y">107.547</SimpleData>
				</SchemaData>
			</ExtendedData>
			<Point>
				<coordinates>107.546526975301,-6.929031562451462,0</coordinates>
			</Point>
		</Placemark>
		<Placemark>
			<name>131+200</name>
			<styleUrl>#pointStyleMap</styleUrl>
			<Style id="inline">
				<IconStyle>
					<color>ffffffaa</color>
					<colorMode>normal</colorMode>
					<Icon>
						<href>http://maps.google.com/mapfiles/kml/pushpin/pink-pushpin.png</href>
					</Icon>
				</IconStyle>
				<LineStyle>
					<color>ffffffaa</color>
					<colorMode>normal</colorMode>
				</LineStyle>
				<PolyStyle>
					<color>ffffffaa</color>
					<colorMode>normal</colorMode>
				</PolyStyle>
			</Style>
			<ExtendedData>
				<SchemaData schemaUrl="#S_patok_heksa_MR_PDL_A_SSSDD">
					<SimpleData name="RUAS">PADALEUNYI</SimpleData>
					<SimpleData name="JALUR">A</SimpleData>
					<SimpleData name="KM">131+200</SimpleData>
					<SimpleData name="X">-6.93054</SimpleData>
					<SimpleData name="Y">107.548</SimpleData>
				</SchemaData>
			</ExtendedData>
			<Point>
				<coordinates>107.547546361507,-6.930543466202437,0</coordinates>
			</Point>
		</Placemark>
		<Placemark>
			<name>131+400</name>
			<styleUrl>#pointStyleMap</styleUrl>
			<Style id="inline">
				<IconStyle>
					<color>ffffffaa</color>
					<colorMode>normal</colorMode>
					<Icon>
						<href>http://maps.google.com/mapfiles/kml/pushpin/pink-pushpin.png</href>
					</Icon>
				</IconStyle>
				<LineStyle>
					<color>ffffffaa</color>
					<colorMode>normal</colorMode>
				</LineStyle>
				<PolyStyle>
					<color>ffffffaa</color>
					<colorMode>normal</colorMode>
				</PolyStyle>
			</Style>
			<ExtendedData>
				<SchemaData schemaUrl="#S_patok_heksa_MR_PDL_A_SSSDD">
					<SimpleData name="RUAS">PADALEUNYI</SimpleData>
					<SimpleData name="JALUR">A</SimpleData>
					<SimpleData name="KM">131+400</SimpleData>
					<SimpleData name="X">-6.93201</SimpleData>
					<SimpleData name="Y">107.549</SimpleData>
				</SchemaData>
			</ExtendedData>
			<Point>
				<coordinates>107.548597225511,-6.932009512295101,0</coordinates>
			</Point>
		</Placemark>
		<Placemark>
			<name>131+600</name>
			<styleUrl>#pointStyleMap</styleUrl>
			<Style id="inline">
				<IconStyle>
					<color>ffffffaa</color>
					<colorMode>normal</colorMode>
					<Icon>
						<href>http://maps.google.com/mapfiles/kml/pushpin/pink-pushpin.png</href>
					</Icon>
				</IconStyle>
				<LineStyle>
					<color>ffffffaa</color>
					<colorMode>normal</colorMode>
				</LineStyle>
				<PolyStyle>
					<color>ffffffaa</color>
					<colorMode>normal</colorMode>
				</PolyStyle>
			</Style>
			<ExtendedData>
				<SchemaData schemaUrl="#S_patok_heksa_MR_PDL_A_SSSDD">
					<SimpleData name="RUAS">PADALEUNYI</SimpleData>
					<SimpleData name="JALUR">A</SimpleData>
					<SimpleData name="KM">131+600</SimpleData>
					<SimpleData name="X">-6.93347</SimpleData>
					<SimpleData name="Y">107.55</SimpleData>
				</SchemaData>
			</ExtendedData>
			<Point>
				<coordinates>107.549699885922,-6.933472285482079,0</coordinates>
			</Point>
		</Placemark>
		<Placemark>
			<name>131+800</name>
			<styleUrl>#pointStyleMap</styleUrl>
			<Style id="inline">
				<IconStyle>
					<color>ffffffaa</color>
					<colorMode>normal</colorMode>
					<Icon>
						<href>http://maps.google.com/mapfiles/kml/pushpin/pink-pushpin.png</href>
					</Icon>
				</IconStyle>
				<LineStyle>
					<color>ffffffaa</color>
					<colorMode>normal</colorMode>
				</LineStyle>
				<PolyStyle>
					<color>ffffffaa</color>
					<colorMode>normal</colorMode>
				</PolyStyle>
			</Style>
			<ExtendedData>
				<SchemaData schemaUrl="#S_patok_heksa_MR_PDL_A_SSSDD">
					<SimpleData name="RUAS">PADALEUNYI</SimpleData>
					<SimpleData name="JALUR">A</SimpleData>
					<SimpleData name="KM">131+800</SimpleData>
					<SimpleData name="X">-6.93496</SimpleData>
					<SimpleData name="Y">107.551</SimpleData>
				</SchemaData>
			</ExtendedData>
			<Point>
				<coordinates>107.550769368563,-6.934960013563827,0</coordinates>
			</Point>
		</Placemark>
		<Placemark>
			<name>132+0</name>
			<styleUrl>#pointStyleMap</styleUrl>
			<Style id="inline">
				<IconStyle>
					<color>ffffffaa</color>
					<colorMode>normal</colorMode>
					<Icon>
						<href>http://maps.google.com/mapfiles/kml/pushpin/pink-pushpin.png</href>
					</Icon>
				</IconStyle>
				<LineStyle>
					<color>ffffffaa</color>
					<colorMode>normal</colorMode>
				</LineStyle>
				<PolyStyle>
					<color>ffffffaa</color>
					<colorMode>normal</colorMode>
				</PolyStyle>
			</Style>
			<ExtendedData>
				<SchemaData schemaUrl="#S_patok_heksa_MR_PDL_A_SSSDD">
					<SimpleData name="RUAS">PADALEUNYI</SimpleData>
					<SimpleData name="JALUR">A</SimpleData>
					<SimpleData name="KM">132+0</SimpleData>
					<SimpleData name="X">-6.93644</SimpleData>
					<SimpleData name="Y">107.552</SimpleData>
				</SchemaData>
			</ExtendedData>
			<Point>
				<coordinates>107.551876980958,-6.936438214200602,0</coordinates>
			</Point>
		</Placemark>
		<Placemark>
			<name>132+200</name>
			<styleUrl>#pointStyleMap</styleUrl>
			<Style id="inline">
				<IconStyle>
					<color>ffffffaa</color>
					<colorMode>normal</colorMode>
					<Icon>
						<href>http://maps.google.com/mapfiles/kml/pushpin/pink-pushpin.png</href>
					</Icon>
				</IconStyle>
				<LineStyle>
					<color>ffffffaa</color>
					<colorMode>normal</colorMode>
				</LineStyle>
				<PolyStyle>
					<color>ffffffaa</color>
					<colorMode>normal</colorMode>
				</PolyStyle>
			</Style>
			<ExtendedData>
				<SchemaData schemaUrl="#S_patok_heksa_MR_PDL_A_SSSDD">
					<SimpleData name="RUAS">PADALEUNYI</SimpleData>
					<SimpleData name="JALUR">A</SimpleData>
					<SimpleData name="KM">132+200</SimpleData>
					<SimpleData name="X">-6.93796</SimpleData>
					<SimpleData name="Y">107.553</SimpleData>
				</SchemaData>
			</ExtendedData>
			<Point>
				<coordinates>107.552936357235,-6.93795960831745,0</coordinates>
			</Point>
		</Placemark>
		<Placemark>
			<name>132+400</name>
			<styleUrl>#pointStyleMap</styleUrl>
			<Style id="inline">
				<IconStyle>
					<color>ffffffaa</color>
					<colorMode>normal</colorMode>
					<Icon>
						<href>http://maps.google.com/mapfiles/kml/pushpin/pink-pushpin.png</href>
					</Icon>
				</IconStyle>
				<LineStyle>
					<color>ffffffaa</color>
					<colorMode>normal</colorMode>
				</LineStyle>
				<PolyStyle>
					<color>ffffffaa</color>
					<colorMode>normal</colorMode>
				</PolyStyle>
			</Style>
			<ExtendedData>
				<SchemaData schemaUrl="#S_patok_heksa_MR_PDL_A_SSSDD">
					<SimpleData name="RUAS">PADALEUNYI</SimpleData>
					<SimpleData name="JALUR">A</SimpleData>
					<SimpleData name="KM">132+400</SimpleData>
					<SimpleData name="X">-6.93946</SimpleData>
					<SimpleData name="Y">107.554</SimpleData>
				</SchemaData>
			</ExtendedData>
			<Point>
				<coordinates>107.554010308204,-6.939459464984954,0</coordinates>
			</Point>
		</Placemark>
		<Placemark>
			<name>132+600</name>
			<styleUrl>#pointStyleMap</styleUrl>
			<Style id="inline">
				<IconStyle>
					<color>ffffffaa</color>
					<colorMode>normal</colorMode>
					<Icon>
						<href>http://maps.google.com/mapfiles/kml/pushpin/pink-pushpin.png</href>
					</Icon>
				</IconStyle>
				<LineStyle>
					<color>ffffffaa</color>
					<colorMode>normal</colorMode>
				</LineStyle>
				<PolyStyle>
					<color>ffffffaa</color>
					<colorMode>normal</colorMode>
				</PolyStyle>
			</Style>
			<ExtendedData>
				<SchemaData schemaUrl="#S_patok_heksa_MR_PDL_A_SSSDD">
					<SimpleData name="RUAS">PADALEUNYI</SimpleData>
					<SimpleData name="JALUR">A</SimpleData>
					<SimpleData name="KM">132+600</SimpleData>
					<SimpleData name="X">-6.94093</SimpleData>
					<SimpleData name="Y">107.555</SimpleData>
				</SchemaData>
			</ExtendedData>
			<Point>
				<coordinates>107.555050537492,-6.940934608775333,0</coordinates>
			</Point>
		</Placemark>
		<Placemark>
			<name>132+800</name>
			<styleUrl>#pointStyleMap</styleUrl>
			<Style id="inline">
				<IconStyle>
					<color>ffffffaa</color>
					<colorMode>normal</colorMode>
					<Icon>
						<href>http://maps.google.com/mapfiles/kml/pushpin/pink-pushpin.png</href>
					</Icon>
				</IconStyle>
				<LineStyle>
					<color>ffffffaa</color>
					<colorMode>normal</colorMode>
				</LineStyle>
				<PolyStyle>
					<color>ffffffaa</color>
					<colorMode>normal</colorMode>
				</PolyStyle>
			</Style>
			<ExtendedData>
				<SchemaData schemaUrl="#S_patok_heksa_MR_PDL_A_SSSDD">
					<SimpleData name="RUAS">PADALEUNYI</SimpleData>
					<SimpleData name="JALUR">A</SimpleData>
					<SimpleData name="KM">132+800</SimpleData>
					<SimpleData name="X">-6.94245</SimpleData>
					<SimpleData name="Y">107.556</SimpleData>
				</SchemaData>
			</ExtendedData>
			<Point>
				<coordinates>107.556118289047,-6.94244679376586,0</coordinates>
			</Point>
		</Placemark>
		<Placemark>
			<name>133+0</name>
			<styleUrl>#pointStyleMap</styleUrl>
			<Style id="inline">
				<IconStyle>
					<color>ffffffaa</color>
					<colorMode>normal</colorMode>
					<Icon>
						<href>http://maps.google.com/mapfiles/kml/pushpin/pink-pushpin.png</href>
					</Icon>
				</IconStyle>
				<LineStyle>
					<color>ffffffaa</color>
					<colorMode>normal</colorMode>
				</LineStyle>
				<PolyStyle>
					<color>ffffffaa</color>
					<colorMode>normal</colorMode>
				</PolyStyle>
			</Style>
			<ExtendedData>
				<SchemaData schemaUrl="#S_patok_heksa_MR_PDL_A_SSSDD">
					<SimpleData name="RUAS">PADALEUNYI</SimpleData>
					<SimpleData name="JALUR">A</SimpleData>
					<SimpleData name="KM">133+0</SimpleData>
					<SimpleData name="X">-6.94387</SimpleData>
					<SimpleData name="Y">107.557</SimpleData>
				</SchemaData>
			</ExtendedData>
			<Point>
				<coordinates>107.557160918107,-6.943873784733969,0</coordinates>
			</Point>
		</Placemark>
		<Placemark>
			<name>133+200</name>
			<styleUrl>#pointStyleMap</styleUrl>
			<Style id="inline">
				<IconStyle>
					<color>ffffffaa</color>
					<colorMode>normal</colorMode>
					<Icon>
						<href>http://maps.google.com/mapfiles/kml/pushpin/pink-pushpin.png</href>
					</Icon>
				</IconStyle>
				<LineStyle>
					<color>ffffffaa</color>
					<colorMode>normal</colorMode>
				</LineStyle>
				<PolyStyle>
					<color>ffffffaa</color>
					<colorMode>normal</colorMode>
				</PolyStyle>
			</Style>
			<ExtendedData>
				<SchemaData schemaUrl="#S_patok_heksa_MR_PDL_A_SSSDD">
					<SimpleData name="RUAS">PADALEUNYI</SimpleData>
					<SimpleData name="JALUR">A</SimpleData>
					<SimpleData name="KM">133+200</SimpleData>
					<SimpleData name="X">-6.94533</SimpleData>
					<SimpleData name="Y">107.558</SimpleData>
				</SchemaData>
			</ExtendedData>
			<Point>
				<coordinates>107.558212421747,-6.945334372157417,0</coordinates>
			</Point>
		</Placemark>
		<Placemark>
			<name>133+400</name>
			<styleUrl>#pointStyleMap</styleUrl>
			<Style id="inline">
				<IconStyle>
					<color>ffffffaa</color>
					<colorMode>normal</colorMode>
					<Icon>
						<href>http://maps.google.com/mapfiles/kml/pushpin/pink-pushpin.png</href>
					</Icon>
				</IconStyle>
				<LineStyle>
					<color>ffffffaa</color>
					<colorMode>normal</colorMode>
				</LineStyle>
				<PolyStyle>
					<color>ffffffaa</color>
					<colorMode>normal</colorMode>
				</PolyStyle>
			</Style>
			<ExtendedData>
				<SchemaData schemaUrl="#S_patok_heksa_MR_PDL_A_SSSDD">
					<SimpleData name="RUAS">PADALEUNYI</SimpleData>
					<SimpleData name="JALUR">A</SimpleData>
					<SimpleData name="KM">133+400</SimpleData>
					<SimpleData name="X">-6.94682</SimpleData>
					<SimpleData name="Y">107.559</SimpleData>
				</SchemaData>
			</ExtendedData>
			<Point>
				<coordinates>107.559267574556,-6.946820286186997,0</coordinates>
			</Point>
		</Placemark>
		<Placemark>
			<name>133+600</name>
			<styleUrl>#pointStyleMap</styleUrl>
			<Style id="inline">
				<IconStyle>
					<color>ffffffaa</color>
					<colorMode>normal</colorMode>
					<Icon>
						<href>http://maps.google.com/mapfiles/kml/pushpin/pink-pushpin.png</href>
					</Icon>
				</IconStyle>
				<LineStyle>
					<color>ffffffaa</color>
					<colorMode>normal</colorMode>
				</LineStyle>
				<PolyStyle>
					<color>ffffffaa</color>
					<colorMode>normal</colorMode>
				</PolyStyle>
			</Style>
			<ExtendedData>
				<SchemaData schemaUrl="#S_patok_heksa_MR_PDL_A_SSSDD">
					<SimpleData name="RUAS">PADALEUNYI</SimpleData>
					<SimpleData name="JALUR">A</SimpleData>
					<SimpleData name="KM">133+600</SimpleData>
					<SimpleData name="X">-6.94828</SimpleData>
					<SimpleData name="Y">107.56</SimpleData>
				</SchemaData>
			</ExtendedData>
			<Point>
				<coordinates>107.560334333384,-6.948276514207866,0</coordinates>
			</Point>
		</Placemark>
		<Placemark>
			<name>133+800</name>
			<styleUrl>#pointStyleMap</styleUrl>
			<Style id="inline">
				<IconStyle>
					<color>ffffffaa</color>
					<colorMode>normal</colorMode>
					<Icon>
						<href>http://maps.google.com/mapfiles/kml/pushpin/pink-pushpin.png</href>
					</Icon>
				</IconStyle>
				<LineStyle>
					<color>ffffffaa</color>
					<colorMode>normal</colorMode>
				</LineStyle>
				<PolyStyle>
					<color>ffffffaa</color>
					<colorMode>normal</colorMode>
				</PolyStyle>
			</Style>
			<ExtendedData>
				<SchemaData schemaUrl="#S_patok_heksa_MR_PDL_A_SSSDD">
					<SimpleData name="RUAS">PADALEUNYI</SimpleData>
					<SimpleData name="JALUR">A</SimpleData>
					<SimpleData name="KM">133+800</SimpleData>
					<SimpleData name="X">-6.94964</SimpleData>
					<SimpleData name="Y">107.562</SimpleData>
				</SchemaData>
			</ExtendedData>
			<Point>
				<coordinates>107.561510855171,-6.949644127777097,0</coordinates>
			</Point>
		</Placemark>
		<Placemark>
			<name>134+0</name>
			<styleUrl>#pointStyleMap</styleUrl>
			<Style id="inline">
				<IconStyle>
					<color>ffffffaa</color>
					<colorMode>normal</colorMode>
					<Icon>
						<href>http://maps.google.com/mapfiles/kml/pushpin/pink-pushpin.png</href>
					</Icon>
				</IconStyle>
				<LineStyle>
					<color>ffffffaa</color>
					<colorMode>normal</colorMode>
				</LineStyle>
				<PolyStyle>
					<color>ffffffaa</color>
					<colorMode>normal</colorMode>
				</PolyStyle>
			</Style>
			<ExtendedData>
				<SchemaData schemaUrl="#S_patok_heksa_MR_PDL_A_SSSDD">
					<SimpleData name="RUAS">PADALEUNYI</SimpleData>
					<SimpleData name="JALUR">A</SimpleData>
					<SimpleData name="KM">134+0</SimpleData>
					<SimpleData name="X">-6.95089</SimpleData>
					<SimpleData name="Y">107.563</SimpleData>
				</SchemaData>
			</ExtendedData>
			<Point>
				<coordinates>107.562878992352,-6.950885130986313,0</coordinates>
			</Point>
		</Placemark>
		<Placemark>
			<name>134+200</name>
			<styleUrl>#pointStyleMap</styleUrl>
			<Style id="inline">
				<IconStyle>
					<color>ffffffaa</color>
					<colorMode>normal</colorMode>
					<Icon>
						<href>http://maps.google.com/mapfiles/kml/pushpin/pink-pushpin.png</href>
					</Icon>
				</IconStyle>
				<LineStyle>
					<color>ffffffaa</color>
					<colorMode>normal</colorMode>
				</LineStyle>
				<PolyStyle>
					<color>ffffffaa</color>
					<colorMode>normal</colorMode>
				</PolyStyle>
			</Style>
			<ExtendedData>
				<SchemaData schemaUrl="#S_patok_heksa_MR_PDL_A_SSSDD">
					<SimpleData name="RUAS">PADALEUNYI</SimpleData>
					<SimpleData name="JALUR">A</SimpleData>
					<SimpleData name="KM">134+200</SimpleData>
					<SimpleData name="X">-6.95195</SimpleData>
					<SimpleData name="Y">107.564</SimpleData>
				</SchemaData>
			</ExtendedData>
			<Point>
				<coordinates>107.564377918019,-6.951946072639464,0</coordinates>
			</Point>
		</Placemark>
		<Placemark>
			<name>134+400</name>
			<styleUrl>#pointStyleMap</styleUrl>
			<Style id="inline">
				<IconStyle>
					<color>ffffffaa</color>
					<colorMode>normal</colorMode>
					<Icon>
						<href>http://maps.google.com/mapfiles/kml/pushpin/pink-pushpin.png</href>
					</Icon>
				</IconStyle>
				<LineStyle>
					<color>ffffffaa</color>
					<colorMode>normal</colorMode>
				</LineStyle>
				<PolyStyle>
					<color>ffffffaa</color>
					<colorMode>normal</colorMode>
				</PolyStyle>
			</Style>
			<ExtendedData>
				<SchemaData schemaUrl="#S_patok_heksa_MR_PDL_A_SSSDD">
					<SimpleData name="RUAS">PADALEUNYI</SimpleData>
					<SimpleData name="JALUR">A</SimpleData>
					<SimpleData name="KM">134+400</SimpleData>
					<SimpleData name="X">-6.95286</SimpleData>
					<SimpleData name="Y">107.566</SimpleData>
				</SchemaData>
			</ExtendedData>
			<Point>
				<coordinates>107.565945350954,-6.952856912207553,0</coordinates>
			</Point>
		</Placemark>
		<Placemark>
			<name>134+600</name>
			<styleUrl>#pointStyleMap</styleUrl>
			<Style id="inline">
				<IconStyle>
					<color>ffffffaa</color>
					<colorMode>normal</colorMode>
					<Icon>
						<href>http://maps.google.com/mapfiles/kml/pushpin/pink-pushpin.png</href>
					</Icon>
				</IconStyle>
				<LineStyle>
					<color>ffffffaa</color>
					<colorMode>normal</colorMode>
				</LineStyle>
				<PolyStyle>
					<color>ffffffaa</color>
					<colorMode>normal</colorMode>
				</PolyStyle>
			</Style>
			<ExtendedData>
				<SchemaData schemaUrl="#S_patok_heksa_MR_PDL_A_SSSDD">
					<SimpleData name="RUAS">PADALEUNYI</SimpleData>
					<SimpleData name="JALUR">A</SimpleData>
					<SimpleData name="KM">134+600</SimpleData>
					<SimpleData name="X">-6.95372</SimpleData>
					<SimpleData name="Y">107.568</SimpleData>
				</SchemaData>
			</ExtendedData>
			<Point>
				<coordinates>107.567525833132,-6.953722341501281,0</coordinates>
			</Point>
		</Placemark>
		<Placemark>
			<name>134+800</name>
			<styleUrl>#pointStyleMap</styleUrl>
			<Style id="inline">
				<IconStyle>
					<color>ffffffaa</color>
					<colorMode>normal</colorMode>
					<Icon>
						<href>http://maps.google.com/mapfiles/kml/pushpin/pink-pushpin.png</href>
					</Icon>
				</IconStyle>
				<LineStyle>
					<color>ffffffaa</color>
					<colorMode>normal</colorMode>
				</LineStyle>
				<PolyStyle>
					<color>ffffffaa</color>
					<colorMode>normal</colorMode>
				</PolyStyle>
			</Style>
			<ExtendedData>
				<SchemaData schemaUrl="#S_patok_heksa_MR_PDL_A_SSSDD">
					<SimpleData name="RUAS">PADALEUNYI</SimpleData>
					<SimpleData name="JALUR">A</SimpleData>
					<SimpleData name="KM">134+800</SimpleData>
					<SimpleData name="X">-6.9546</SimpleData>
					<SimpleData name="Y">107.569</SimpleData>
				</SchemaData>
			</ExtendedData>
			<Point>
				<coordinates>107.569152966288,-6.954601814380643,0</coordinates>
			</Point>
		</Placemark>
		<Placemark>
			<name>135+0</name>
			<styleUrl>#pointStyleMap</styleUrl>
			<Style id="inline">
				<IconStyle>
					<color>ffffffaa</color>
					<colorMode>normal</colorMode>
					<Icon>
						<href>http://maps.google.com/mapfiles/kml/pushpin/pink-pushpin.png</href>
					</Icon>
				</IconStyle>
				<LineStyle>
					<color>ffffffaa</color>
					<colorMode>normal</colorMode>
				</LineStyle>
				<PolyStyle>
					<color>ffffffaa</color>
					<colorMode>normal</colorMode>
				</PolyStyle>
			</Style>
			<ExtendedData>
				<SchemaData schemaUrl="#S_patok_heksa_MR_PDL_A_SSSDD">
					<SimpleData name="RUAS">PADALEUNYI</SimpleData>
					<SimpleData name="JALUR">A</SimpleData>
					<SimpleData name="KM">135+0</SimpleData>
					<SimpleData name="X">-6.95552</SimpleData>
					<SimpleData name="Y">107.571</SimpleData>
				</SchemaData>
			</ExtendedData>
			<Point>
				<coordinates>107.570764566025,-6.955521075855584,0</coordinates>
			</Point>
		</Placemark>
		<Placemark>
			<name>135+200</name>
			<styleUrl>#pointStyleMap</styleUrl>
			<Style id="inline">
				<IconStyle>
					<color>ffffffaa</color>
					<colorMode>normal</colorMode>
					<Icon>
						<href>http://maps.google.com/mapfiles/kml/pushpin/pink-pushpin.png</href>
					</Icon>
				</IconStyle>
				<LineStyle>
					<color>ffffffaa</color>
					<colorMode>normal</colorMode>
				</LineStyle>
				<PolyStyle>
					<color>ffffffaa</color>
					<colorMode>normal</colorMode>
				</PolyStyle>
			</Style>
			<ExtendedData>
				<SchemaData schemaUrl="#S_patok_heksa_MR_PDL_A_SSSDD">
					<SimpleData name="RUAS">PADALEUNYI</SimpleData>
					<SimpleData name="JALUR">A</SimpleData>
					<SimpleData name="KM">135+200</SimpleData>
					<SimpleData name="X">-6.95637</SimpleData>
					<SimpleData name="Y">107.572</SimpleData>
				</SchemaData>
			</ExtendedData>
			<Point>
				<coordinates>107.572371158623,-6.956369795220752,0</coordinates>
			</Point>
		</Placemark>
		<Placemark>
			<name>135+400</name>
			<styleUrl>#pointStyleMap</styleUrl>
			<Style id="inline">
				<IconStyle>
					<color>ffffffaa</color>
					<colorMode>normal</colorMode>
					<Icon>
						<href>http://maps.google.com/mapfiles/kml/pushpin/pink-pushpin.png</href>
					</Icon>
				</IconStyle>
				<LineStyle>
					<color>ffffffaa</color>
					<colorMode>normal</colorMode>
				</LineStyle>
				<PolyStyle>
					<color>ffffffaa</color>
					<colorMode>normal</colorMode>
				</PolyStyle>
			</Style>
			<ExtendedData>
				<SchemaData schemaUrl="#S_patok_heksa_MR_PDL_A_SSSDD">
					<SimpleData name="RUAS">PADALEUNYI</SimpleData>
					<SimpleData name="JALUR">A</SimpleData>
					<SimpleData name="KM">135+400</SimpleData>
					<SimpleData name="X">-6.95719</SimpleData>
					<SimpleData name="Y">107.574</SimpleData>
				</SchemaData>
			</ExtendedData>
			<Point>
				<coordinates>107.573982777069,-6.957186007059708,0</coordinates>
			</Point>
		</Placemark>
		<Placemark>
			<name>135+600</name>
			<styleUrl>#pointStyleMap</styleUrl>
			<Style id="inline">
				<IconStyle>
					<color>ffffffaa</color>
					<colorMode>normal</colorMode>
					<Icon>
						<href>http://maps.google.com/mapfiles/kml/pushpin/pink-pushpin.png</href>
					</Icon>
				</IconStyle>
				<LineStyle>
					<color>ffffffaa</color>
					<colorMode>normal</colorMode>
				</LineStyle>
				<PolyStyle>
					<color>ffffffaa</color>
					<colorMode>normal</colorMode>
				</PolyStyle>
			</Style>
			<ExtendedData>
				<SchemaData schemaUrl="#S_patok_heksa_MR_PDL_A_SSSDD">
					<SimpleData name="RUAS">PADALEUNYI</SimpleData>
					<SimpleData name="JALUR">A</SimpleData>
					<SimpleData name="KM">135+600</SimpleData>
					<SimpleData name="X">-6.95806</SimpleData>
					<SimpleData name="Y">107.576</SimpleData>
				</SchemaData>
			</ExtendedData>
			<Point>
				<coordinates>107.575556079104,-6.958062438223891,0</coordinates>
			</Point>
		</Placemark>
		<Placemark>
			<name>135+800</name>
			<styleUrl>#pointStyleMap</styleUrl>
			<Style id="inline">
				<IconStyle>
					<color>ffffffaa</color>
					<colorMode>normal</colorMode>
					<Icon>
						<href>http://maps.google.com/mapfiles/kml/pushpin/pink-pushpin.png</href>
					</Icon>
				</IconStyle>
				<LineStyle>
					<color>ffffffaa</color>
					<colorMode>normal</colorMode>
				</LineStyle>
				<PolyStyle>
					<color>ffffffaa</color>
					<colorMode>normal</colorMode>
				</PolyStyle>
			</Style>
			<ExtendedData>
				<SchemaData schemaUrl="#S_patok_heksa_MR_PDL_A_SSSDD">
					<SimpleData name="RUAS">PADALEUNYI</SimpleData>
					<SimpleData name="JALUR">A</SimpleData>
					<SimpleData name="KM">135+800</SimpleData>
					<SimpleData name="X">-6.95885</SimpleData>
					<SimpleData name="Y">107.577</SimpleData>
				</SchemaData>
			</ExtendedData>
			<Point>
				<coordinates>107.577157396456,-6.958853870649926,0</coordinates>
			</Point>
		</Placemark>
		<Placemark>
			<name>136+0</name>
			<styleUrl>#pointStyleMap</styleUrl>
			<Style id="inline">
				<IconStyle>
					<color>ffffffaa</color>
					<colorMode>normal</colorMode>
					<Icon>
						<href>http://maps.google.com/mapfiles/kml/pushpin/pink-pushpin.png</href>
					</Icon>
				</IconStyle>
				<LineStyle>
					<color>ffffffaa</color>
					<colorMode>normal</colorMode>
				</LineStyle>
				<PolyStyle>
					<color>ffffffaa</color>
					<colorMode>normal</colorMode>
				</PolyStyle>
			</Style>
			<ExtendedData>
				<SchemaData schemaUrl="#S_patok_heksa_MR_PDL_A_SSSDD">
					<SimpleData name="RUAS">PADALEUNYI</SimpleData>
					<SimpleData name="JALUR">A</SimpleData>
					<SimpleData name="KM">136+0</SimpleData>
					<SimpleData name="X">-6.95976</SimpleData>
					<SimpleData name="Y">107.579</SimpleData>
				</SchemaData>
			</ExtendedData>
			<Point>
				<coordinates>107.578763693541,-6.959759992344264,0</coordinates>
			</Point>
		</Placemark>
		<Placemark>
			<name>136+200</name>
			<styleUrl>#pointStyleMap</styleUrl>
			<Style id="inline">
				<IconStyle>
					<color>ffffffaa</color>
					<colorMode>normal</colorMode>
					<Icon>
						<href>http://maps.google.com/mapfiles/kml/pushpin/pink-pushpin.png</href>
					</Icon>
				</IconStyle>
				<LineStyle>
					<color>ffffffaa</color>
					<colorMode>normal</colorMode>
				</LineStyle>
				<PolyStyle>
					<color>ffffffaa</color>
					<colorMode>normal</colorMode>
				</PolyStyle>
			</Style>
			<ExtendedData>
				<SchemaData schemaUrl="#S_patok_heksa_MR_PDL_A_SSSDD">
					<SimpleData name="RUAS">PADALEUNYI</SimpleData>
					<SimpleData name="JALUR">A</SimpleData>
					<SimpleData name="KM">136+200</SimpleData>
					<SimpleData name="X">-6.96065</SimpleData>
					<SimpleData name="Y">107.58</SimpleData>
				</SchemaData>
			</ExtendedData>
			<Point>
				<coordinates>107.580357485092,-6.96065211956634,0</coordinates>
			</Point>
		</Placemark>
		<Placemark>
			<name>136+400</name>
			<styleUrl>#pointStyleMap</styleUrl>
			<Style id="inline">
				<IconStyle>
					<color>ffffffaa</color>
					<colorMode>normal</colorMode>
					<Icon>
						<href>http://maps.google.com/mapfiles/kml/pushpin/pink-pushpin.png</href>
					</Icon>
				</IconStyle>
				<LineStyle>
					<color>ffffffaa</color>
					<colorMode>normal</colorMode>
				</LineStyle>
				<PolyStyle>
					<color>ffffffaa</color>
					<colorMode>normal</colorMode>
				</PolyStyle>
			</Style>
			<ExtendedData>
				<SchemaData schemaUrl="#S_patok_heksa_MR_PDL_A_SSSDD">
					<SimpleData name="RUAS">PADALEUNYI</SimpleData>
					<SimpleData name="JALUR">A</SimpleData>
					<SimpleData name="KM">136+400</SimpleData>
					<SimpleData name="X">-6.96145</SimpleData>
					<SimpleData name="Y">107.582</SimpleData>
				</SchemaData>
			</ExtendedData>
			<Point>
				<coordinates>107.582018931584,-6.961452451972208,0</coordinates>
			</Point>
		</Placemark>
		<Placemark>
			<name>136+600</name>
			<styleUrl>#pointStyleMap</styleUrl>
			<Style id="inline">
				<IconStyle>
					<color>ffffffaa</color>
					<colorMode>normal</colorMode>
					<Icon>
						<href>http://maps.google.com/mapfiles/kml/pushpin/pink-pushpin.png</href>
					</Icon>
				</IconStyle>
				<LineStyle>
					<color>ffffffaa</color>
					<colorMode>normal</colorMode>
				</LineStyle>
				<PolyStyle>
					<color>ffffffaa</color>
					<colorMode>normal</colorMode>
				</PolyStyle>
			</Style>
			<ExtendedData>
				<SchemaData schemaUrl="#S_patok_heksa_MR_PDL_A_SSSDD">
					<SimpleData name="RUAS">PADALEUNYI</SimpleData>
					<SimpleData name="JALUR">A</SimpleData>
					<SimpleData name="KM">136+600</SimpleData>
					<SimpleData name="X">-6.96203</SimpleData>
					<SimpleData name="Y">107.584</SimpleData>
				</SchemaData>
			</ExtendedData>
			<Point>
				<coordinates>107.583721483657,-6.962034951343186,0</coordinates>
			</Point>
		</Placemark>
		<Placemark>
			<name>136+800</name>
			<styleUrl>#pointStyleMap</styleUrl>
			<Style id="inline">
				<IconStyle>
					<color>ffffffaa</color>
					<colorMode>normal</colorMode>
					<Icon>
						<href>http://maps.google.com/mapfiles/kml/pushpin/pink-pushpin.png</href>
					</Icon>
				</IconStyle>
				<LineStyle>
					<color>ffffffaa</color>
					<colorMode>normal</colorMode>
				</LineStyle>
				<PolyStyle>
					<color>ffffffaa</color>
					<colorMode>normal</colorMode>
				</PolyStyle>
			</Style>
			<ExtendedData>
				<SchemaData schemaUrl="#S_patok_heksa_MR_PDL_A_SSSDD">
					<SimpleData name="RUAS">PADALEUNYI</SimpleData>
					<SimpleData name="JALUR">A</SimpleData>
					<SimpleData name="KM">136+800</SimpleData>
					<SimpleData name="X">-6.9624</SimpleData>
					<SimpleData name="Y">107.585</SimpleData>
				</SchemaData>
			</ExtendedData>
			<Point>
				<coordinates>107.585496038853,-6.962397484931556,0</coordinates>
			</Point>
		</Placemark>
		<Placemark>
			<name>137+0</name>
			<styleUrl>#pointStyleMap</styleUrl>
			<Style id="inline">
				<IconStyle>
					<color>ffffffaa</color>
					<colorMode>normal</colorMode>
					<Icon>
						<href>http://maps.google.com/mapfiles/kml/pushpin/pink-pushpin.png</href>
					</Icon>
				</IconStyle>
				<LineStyle>
					<color>ffffffaa</color>
					<colorMode>normal</colorMode>
				</LineStyle>
				<PolyStyle>
					<color>ffffffaa</color>
					<colorMode>normal</colorMode>
				</PolyStyle>
			</Style>
			<ExtendedData>
				<SchemaData schemaUrl="#S_patok_heksa_MR_PDL_A_SSSDD">
					<SimpleData name="RUAS">PADALEUNYI</SimpleData>
					<SimpleData name="JALUR">A</SimpleData>
					<SimpleData name="KM">137+0</SimpleData>
					<SimpleData name="X">-6.9626</SimpleData>
					<SimpleData name="Y">107.587</SimpleData>
				</SchemaData>
			</ExtendedData>
			<Point>
				<coordinates>107.587339710464,-6.962600186961656,0</coordinates>
			</Point>
		</Placemark>
		<Placemark>
			<name>137+200</name>
			<styleUrl>#pointStyleMap</styleUrl>
			<Style id="inline">
				<IconStyle>
					<color>ffffffaa</color>
					<colorMode>normal</colorMode>
					<Icon>
						<href>http://maps.google.com/mapfiles/kml/pushpin/pink-pushpin.png</href>
					</Icon>
				</IconStyle>
				<LineStyle>
					<color>ffffffaa</color>
					<colorMode>normal</colorMode>
				</LineStyle>
				<PolyStyle>
					<color>ffffffaa</color>
					<colorMode>normal</colorMode>
				</PolyStyle>
			</Style>
			<ExtendedData>
				<SchemaData schemaUrl="#S_patok_heksa_MR_PDL_A_SSSDD">
					<SimpleData name="RUAS">PADALEUNYI</SimpleData>
					<SimpleData name="JALUR">A</SimpleData>
					<SimpleData name="KM">137+200</SimpleData>
					<SimpleData name="X">-6.96257</SimpleData>
					<SimpleData name="Y">107.589</SimpleData>
				</SchemaData>
			</ExtendedData>
			<Point>
				<coordinates>107.589141777648,-6.962573386595969,0</coordinates>
			</Point>
		</Placemark>
		<Placemark>
			<name>137+400</name>
			<styleUrl>#pointStyleMap</styleUrl>
			<Style id="inline">
				<IconStyle>
					<color>ffffffaa</color>
					<colorMode>normal</colorMode>
					<Icon>
						<href>http://maps.google.com/mapfiles/kml/pushpin/pink-pushpin.png</href>
					</Icon>
				</IconStyle>
				<LineStyle>
					<color>ffffffaa</color>
					<colorMode>normal</colorMode>
				</LineStyle>
				<PolyStyle>
					<color>ffffffaa</color>
					<colorMode>normal</colorMode>
				</PolyStyle>
			</Style>
			<ExtendedData>
				<SchemaData schemaUrl="#S_patok_heksa_MR_PDL_A_SSSDD">
					<SimpleData name="RUAS">PADALEUNYI</SimpleData>
					<SimpleData name="JALUR">A</SimpleData>
					<SimpleData name="KM">137+400</SimpleData>
					<SimpleData name="X">-6.96246</SimpleData>
					<SimpleData name="Y">107.591</SimpleData>
				</SchemaData>
			</ExtendedData>
			<Point>
				<coordinates>107.590980376547,-6.962458451046212,0</coordinates>
			</Point>
		</Placemark>
		<Placemark>
			<name>137+600</name>
			<styleUrl>#pointStyleMap</styleUrl>
			<Style id="inline">
				<IconStyle>
					<color>ffffffaa</color>
					<colorMode>normal</colorMode>
					<Icon>
						<href>http://maps.google.com/mapfiles/kml/pushpin/pink-pushpin.png</href>
					</Icon>
				</IconStyle>
				<LineStyle>
					<color>ffffffaa</color>
					<colorMode>normal</colorMode>
				</LineStyle>
				<PolyStyle>
					<color>ffffffaa</color>
					<colorMode>normal</colorMode>
				</PolyStyle>
			</Style>
			<ExtendedData>
				<SchemaData schemaUrl="#S_patok_heksa_MR_PDL_A_SSSDD">
					<SimpleData name="RUAS">PADALEUNYI</SimpleData>
					<SimpleData name="JALUR">A</SimpleData>
					<SimpleData name="KM">137+600</SimpleData>
					<SimpleData name="X">-6.96234</SimpleData>
					<SimpleData name="Y">107.593</SimpleData>
				</SchemaData>
			</ExtendedData>
			<Point>
				<coordinates>107.592794701439,-6.962338511489385,0</coordinates>
			</Point>
		</Placemark>
		<Placemark>
			<name>137+800</name>
			<styleUrl>#pointStyleMap</styleUrl>
			<Style id="inline">
				<IconStyle>
					<color>ffffffaa</color>
					<colorMode>normal</colorMode>
					<Icon>
						<href>http://maps.google.com/mapfiles/kml/pushpin/pink-pushpin.png</href>
					</Icon>
				</IconStyle>
				<LineStyle>
					<color>ffffffaa</color>
					<colorMode>normal</colorMode>
				</LineStyle>
				<PolyStyle>
					<color>ffffffaa</color>
					<colorMode>normal</colorMode>
				</PolyStyle>
			</Style>
			<ExtendedData>
				<SchemaData schemaUrl="#S_patok_heksa_MR_PDL_A_SSSDD">
					<SimpleData name="RUAS">PADALEUNYI</SimpleData>
					<SimpleData name="JALUR">A</SimpleData>
					<SimpleData name="KM">137+800</SimpleData>
					<SimpleData name="X">-6.9622</SimpleData>
					<SimpleData name="Y">107.595</SimpleData>
				</SchemaData>
			</ExtendedData>
			<Point>
				<coordinates>107.594618899955,-6.962200111811048,0</coordinates>
			</Point>
		</Placemark>
		<Placemark>
			<name>138+0</name>
			<styleUrl>#pointStyleMap</styleUrl>
			<Style id="inline">
				<IconStyle>
					<color>ffffffaa</color>
					<colorMode>normal</colorMode>
					<Icon>
						<href>http://maps.google.com/mapfiles/kml/pushpin/pink-pushpin.png</href>
					</Icon>
				</IconStyle>
				<LineStyle>
					<color>ffffffaa</color>
					<colorMode>normal</colorMode>
				</LineStyle>
				<PolyStyle>
					<color>ffffffaa</color>
					<colorMode>normal</colorMode>
				</PolyStyle>
			</Style>
			<ExtendedData>
				<SchemaData schemaUrl="#S_patok_heksa_MR_PDL_A_SSSDD">
					<SimpleData name="RUAS">PADALEUNYI</SimpleData>
					<SimpleData name="JALUR">A</SimpleData>
					<SimpleData name="KM">138+0</SimpleData>
					<SimpleData name="X">-6.96206</SimpleData>
					<SimpleData name="Y">107.596</SimpleData>
				</SchemaData>
			</ExtendedData>
			<Point>
				<coordinates>107.596441356801,-6.962060531719183,0</coordinates>
			</Point>
		</Placemark>
		<Placemark>
			<name>138+200</name>
			<styleUrl>#pointStyleMap</styleUrl>
			<Style id="inline">
				<IconStyle>
					<color>ffffffaa</color>
					<colorMode>normal</colorMode>
					<Icon>
						<href>http://maps.google.com/mapfiles/kml/pushpin/pink-pushpin.png</href>
					</Icon>
				</IconStyle>
				<LineStyle>
					<color>ffffffaa</color>
					<colorMode>normal</colorMode>
				</LineStyle>
				<PolyStyle>
					<color>ffffffaa</color>
					<colorMode>normal</colorMode>
				</PolyStyle>
			</Style>
			<ExtendedData>
				<SchemaData schemaUrl="#S_patok_heksa_MR_PDL_A_SSSDD">
					<SimpleData name="RUAS">PADALEUNYI</SimpleData>
					<SimpleData name="JALUR">A</SimpleData>
					<SimpleData name="KM">138+200</SimpleData>
					<SimpleData name="X">-6.96193</SimpleData>
					<SimpleData name="Y">107.598</SimpleData>
				</SchemaData>
			</ExtendedData>
			<Point>
				<coordinates>107.598242297294,-6.961934221763528,0</coordinates>
			</Point>
		</Placemark>
		<Placemark>
			<name>138+400</name>
			<styleUrl>#pointStyleMap</styleUrl>
			<Style id="inline">
				<IconStyle>
					<color>ffffffaa</color>
					<colorMode>normal</colorMode>
					<Icon>
						<href>http://maps.google.com/mapfiles/kml/pushpin/pink-pushpin.png</href>
					</Icon>
				</IconStyle>
				<LineStyle>
					<color>ffffffaa</color>
					<colorMode>normal</colorMode>
				</LineStyle>
				<PolyStyle>
					<color>ffffffaa</color>
					<colorMode>normal</colorMode>
				</PolyStyle>
			</Style>
			<ExtendedData>
				<SchemaData schemaUrl="#S_patok_heksa_MR_PDL_A_SSSDD">
					<SimpleData name="RUAS">PADALEUNYI</SimpleData>
					<SimpleData name="JALUR">A</SimpleData>
					<SimpleData name="KM">138+400</SimpleData>
					<SimpleData name="X">-6.96181</SimpleData>
					<SimpleData name="Y">107.6</SimpleData>
				</SchemaData>
			</ExtendedData>
			<Point>
				<coordinates>107.600052093571,-6.961806571449529,0</coordinates>
			</Point>
		</Placemark>
		<Placemark>
			<name>138+600</name>
			<styleUrl>#pointStyleMap</styleUrl>
			<Style id="inline">
				<IconStyle>
					<color>ffffffaa</color>
					<colorMode>normal</colorMode>
					<Icon>
						<href>http://maps.google.com/mapfiles/kml/pushpin/pink-pushpin.png</href>
					</Icon>
				</IconStyle>
				<LineStyle>
					<color>ffffffaa</color>
					<colorMode>normal</colorMode>
				</LineStyle>
				<PolyStyle>
					<color>ffffffaa</color>
					<colorMode>normal</colorMode>
				</PolyStyle>
			</Style>
			<ExtendedData>
				<SchemaData schemaUrl="#S_patok_heksa_MR_PDL_A_SSSDD">
					<SimpleData name="RUAS">PADALEUNYI</SimpleData>
					<SimpleData name="JALUR">A</SimpleData>
					<SimpleData name="KM">138+600</SimpleData>
					<SimpleData name="X">-6.96168</SimpleData>
					<SimpleData name="Y">107.602</SimpleData>
				</SchemaData>
			</ExtendedData>
			<Point>
				<coordinates>107.601849607429,-6.961682443529247,0</coordinates>
			</Point>
		</Placemark>
		<Placemark>
			<name>138+800</name>
			<styleUrl>#pointStyleMap</styleUrl>
			<Style id="inline">
				<IconStyle>
					<color>ffffffaa</color>
					<colorMode>normal</colorMode>
					<Icon>
						<href>http://maps.google.com/mapfiles/kml/pushpin/pink-pushpin.png</href>
					</Icon>
				</IconStyle>
				<LineStyle>
					<color>ffffffaa</color>
					<colorMode>normal</colorMode>
				</LineStyle>
				<PolyStyle>
					<color>ffffffaa</color>
					<colorMode>normal</colorMode>
				</PolyStyle>
			</Style>
			<ExtendedData>
				<SchemaData schemaUrl="#S_patok_heksa_MR_PDL_A_SSSDD">
					<SimpleData name="RUAS">PADALEUNYI</SimpleData>
					<SimpleData name="JALUR">A</SimpleData>
					<SimpleData name="KM">138+800</SimpleData>
					<SimpleData name="X">-6.96156</SimpleData>
					<SimpleData name="Y">107.604</SimpleData>
				</SchemaData>
			</ExtendedData>
			<Point>
				<coordinates>107.603670234887,-6.961562109397308,0</coordinates>
			</Point>
		</Placemark>
		<Placemark>
			<name>139+0</name>
			<styleUrl>#pointStyleMap</styleUrl>
			<Style id="inline">
				<IconStyle>
					<color>ffffffaa</color>
					<colorMode>normal</colorMode>
					<Icon>
						<href>http://maps.google.com/mapfiles/kml/pushpin/pink-pushpin.png</href>
					</Icon>
				</IconStyle>
				<LineStyle>
					<color>ffffffaa</color>
					<colorMode>normal</colorMode>
				</LineStyle>
				<PolyStyle>
					<color>ffffffaa</color>
					<colorMode>normal</colorMode>
				</PolyStyle>
			</Style>
			<ExtendedData>
				<SchemaData schemaUrl="#S_patok_heksa_MR_PDL_A_SSSDD">
					<SimpleData name="RUAS">PADALEUNYI</SimpleData>
					<SimpleData name="JALUR">A</SimpleData>
					<SimpleData name="KM">139+0</SimpleData>
					<SimpleData name="X">-6.96139</SimpleData>
					<SimpleData name="Y">107.605</SimpleData>
				</SchemaData>
			</ExtendedData>
			<Point>
				<coordinates>107.605471277097,-6.961394494999126,0</coordinates>
			</Point>
		</Placemark>
		<Placemark>
			<name>139+200</name>
			<styleUrl>#pointStyleMap</styleUrl>
			<Style id="inline">
				<IconStyle>
					<color>ffffffaa</color>
					<colorMode>normal</colorMode>
					<Icon>
						<href>http://maps.google.com/mapfiles/kml/pushpin/pink-pushpin.png</href>
					</Icon>
				</IconStyle>
				<LineStyle>
					<color>ffffffaa</color>
					<colorMode>normal</colorMode>
				</LineStyle>
				<PolyStyle>
					<color>ffffffaa</color>
					<colorMode>normal</colorMode>
				</PolyStyle>
			</Style>
			<ExtendedData>
				<SchemaData schemaUrl="#S_patok_heksa_MR_PDL_A_SSSDD">
					<SimpleData name="RUAS">PADALEUNYI</SimpleData>
					<SimpleData name="JALUR">A</SimpleData>
					<SimpleData name="KM">139+200</SimpleData>
					<SimpleData name="X">-6.96129</SimpleData>
					<SimpleData name="Y">107.607</SimpleData>
				</SchemaData>
			</ExtendedData>
			<Point>
				<coordinates>107.60725824699,-6.96128530615556,0</coordinates>
			</Point>
		</Placemark>
		<Placemark>
			<name>139+400</name>
			<styleUrl>#pointStyleMap</styleUrl>
			<Style id="inline">
				<IconStyle>
					<color>ffffffaa</color>
					<colorMode>normal</colorMode>
					<Icon>
						<href>http://maps.google.com/mapfiles/kml/pushpin/pink-pushpin.png</href>
					</Icon>
				</IconStyle>
				<LineStyle>
					<color>ffffffaa</color>
					<colorMode>normal</colorMode>
				</LineStyle>
				<PolyStyle>
					<color>ffffffaa</color>
					<colorMode>normal</colorMode>
				</PolyStyle>
			</Style>
			<ExtendedData>
				<SchemaData schemaUrl="#S_patok_heksa_MR_PDL_A_SSSDD">
					<SimpleData name="RUAS">PADALEUNYI</SimpleData>
					<SimpleData name="JALUR">A</SimpleData>
					<SimpleData name="KM">139+400</SimpleData>
					<SimpleData name="X">-6.96115</SimpleData>
					<SimpleData name="Y">107.609</SimpleData>
				</SchemaData>
			</ExtendedData>
			<Point>
				<coordinates>107.60905684919,-6.961149596035558,0</coordinates>
			</Point>
		</Placemark>
		<Placemark>
			<name>139+600</name>
			<styleUrl>#pointStyleMap</styleUrl>
			<Style id="inline">
				<IconStyle>
					<color>ffffffaa</color>
					<colorMode>normal</colorMode>
					<Icon>
						<href>http://maps.google.com/mapfiles/kml/pushpin/pink-pushpin.png</href>
					</Icon>
				</IconStyle>
				<LineStyle>
					<color>ffffffaa</color>
					<colorMode>normal</colorMode>
				</LineStyle>
				<PolyStyle>
					<color>ffffffaa</color>
					<colorMode>normal</colorMode>
				</PolyStyle>
			</Style>
			<ExtendedData>
				<SchemaData schemaUrl="#S_patok_heksa_MR_PDL_A_SSSDD">
					<SimpleData name="RUAS">PADALEUNYI</SimpleData>
					<SimpleData name="JALUR">A</SimpleData>
					<SimpleData name="KM">139+600</SimpleData>
					<SimpleData name="X">-6.961</SimpleData>
					<SimpleData name="Y">107.611</SimpleData>
				</SchemaData>
			</ExtendedData>
			<Point>
				<coordinates>107.610853587994,-6.961003160065749,0</coordinates>
			</Point>
		</Placemark>
		<Placemark>
			<name>139+800</name>
			<styleUrl>#pointStyleMap</styleUrl>
			<Style id="inline">
				<IconStyle>
					<color>ffffffaa</color>
					<colorMode>normal</colorMode>
					<Icon>
						<href>http://maps.google.com/mapfiles/kml/pushpin/pink-pushpin.png</href>
					</Icon>
				</IconStyle>
				<LineStyle>
					<color>ffffffaa</color>
					<colorMode>normal</colorMode>
				</LineStyle>
				<PolyStyle>
					<color>ffffffaa</color>
					<colorMode>normal</colorMode>
				</PolyStyle>
			</Style>
			<ExtendedData>
				<SchemaData schemaUrl="#S_patok_heksa_MR_PDL_A_SSSDD">
					<SimpleData name="RUAS">PADALEUNYI</SimpleData>
					<SimpleData name="JALUR">A</SimpleData>
					<SimpleData name="KM">139+800</SimpleData>
					<SimpleData name="X">-6.96089</SimpleData>
					<SimpleData name="Y">107.613</SimpleData>
				</SchemaData>
			</ExtendedData>
			<Point>
				<coordinates>107.612699748464,-6.960893751641388,0</coordinates>
			</Point>
		</Placemark>
		<Placemark>
			<name>140+0</name>
			<styleUrl>#pointStyleMap</styleUrl>
			<Style id="inline">
				<IconStyle>
					<color>ffffffaa</color>
					<colorMode>normal</colorMode>
					<Icon>
						<href>http://maps.google.com/mapfiles/kml/pushpin/pink-pushpin.png</href>
					</Icon>
				</IconStyle>
				<LineStyle>
					<color>ffffffaa</color>
					<colorMode>normal</colorMode>
				</LineStyle>
				<PolyStyle>
					<color>ffffffaa</color>
					<colorMode>normal</colorMode>
				</PolyStyle>
			</Style>
			<ExtendedData>
				<SchemaData schemaUrl="#S_patok_heksa_MR_PDL_A_SSSDD">
					<SimpleData name="RUAS">PADALEUNYI</SimpleData>
					<SimpleData name="JALUR">A</SimpleData>
					<SimpleData name="KM">140+0</SimpleData>
					<SimpleData name="X">-6.96079</SimpleData>
					<SimpleData name="Y">107.615</SimpleData>
				</SchemaData>
			</ExtendedData>
			<Point>
				<coordinates>107.614525799437,-6.960792798233535,0</coordinates>
			</Point>
		</Placemark>
		<Placemark>
			<name>140+200</name>
			<styleUrl>#pointStyleMap</styleUrl>
			<Style id="inline">
				<IconStyle>
					<color>ffffffaa</color>
					<colorMode>normal</colorMode>
					<Icon>
						<href>http://maps.google.com/mapfiles/kml/pushpin/pink-pushpin.png</href>
					</Icon>
				</IconStyle>
				<LineStyle>
					<color>ffffffaa</color>
					<colorMode>normal</colorMode>
				</LineStyle>
				<PolyStyle>
					<color>ffffffaa</color>
					<colorMode>normal</colorMode>
				</PolyStyle>
			</Style>
			<ExtendedData>
				<SchemaData schemaUrl="#S_patok_heksa_MR_PDL_A_SSSDD">
					<SimpleData name="RUAS">PADALEUNYI</SimpleData>
					<SimpleData name="JALUR">A</SimpleData>
					<SimpleData name="KM">140+200</SimpleData>
					<SimpleData name="X">-6.9608</SimpleData>
					<SimpleData name="Y">107.616</SimpleData>
				</SchemaData>
			</ExtendedData>
			<Point>
				<coordinates>107.616367299125,-6.960801240164329,0</coordinates>
			</Point>
		</Placemark>
		<Placemark>
			<name>140+400</name>
			<styleUrl>#pointStyleMap</styleUrl>
			<Style id="inline">
				<IconStyle>
					<color>ffffffaa</color>
					<colorMode>normal</colorMode>
					<Icon>
						<href>http://maps.google.com/mapfiles/kml/pushpin/pink-pushpin.png</href>
					</Icon>
				</IconStyle>
				<LineStyle>
					<color>ffffffaa</color>
					<colorMode>normal</colorMode>
				</LineStyle>
				<PolyStyle>
					<color>ffffffaa</color>
					<colorMode>normal</colorMode>
				</PolyStyle>
			</Style>
			<ExtendedData>
				<SchemaData schemaUrl="#S_patok_heksa_MR_PDL_A_SSSDD">
					<SimpleData name="RUAS">PADALEUNYI</SimpleData>
					<SimpleData name="JALUR">A</SimpleData>
					<SimpleData name="KM">140+400</SimpleData>
					<SimpleData name="X">-6.96112</SimpleData>
					<SimpleData name="Y">107.618</SimpleData>
				</SchemaData>
			</ExtendedData>
			<Point>
				<coordinates>107.618134582957,-6.961115527355021,0</coordinates>
			</Point>
		</Placemark>
		<Placemark>
			<name>140+600</name>
			<styleUrl>#pointStyleMap</styleUrl>
			<Style id="inline">
				<IconStyle>
					<color>ffffffaa</color>
					<colorMode>normal</colorMode>
					<Icon>
						<href>http://maps.google.com/mapfiles/kml/pushpin/pink-pushpin.png</href>
					</Icon>
				</IconStyle>
				<LineStyle>
					<color>ffffffaa</color>
					<colorMode>normal</colorMode>
				</LineStyle>
				<PolyStyle>
					<color>ffffffaa</color>
					<colorMode>normal</colorMode>
				</PolyStyle>
			</Style>
			<ExtendedData>
				<SchemaData schemaUrl="#S_patok_heksa_MR_PDL_A_SSSDD">
					<SimpleData name="RUAS">PADALEUNYI</SimpleData>
					<SimpleData name="JALUR">A</SimpleData>
					<SimpleData name="KM">140+600</SimpleData>
					<SimpleData name="X">-6.96169</SimpleData>
					<SimpleData name="Y">107.62</SimpleData>
				</SchemaData>
			</ExtendedData>
			<Point>
				<coordinates>107.619833619859,-6.961692024769148,0</coordinates>
			</Point>
		</Placemark>
		<Placemark>
			<name>140+800</name>
			<styleUrl>#pointStyleMap</styleUrl>
			<Style id="inline">
				<IconStyle>
					<color>ffffffaa</color>
					<colorMode>normal</colorMode>
					<Icon>
						<href>http://maps.google.com/mapfiles/kml/pushpin/pink-pushpin.png</href>
					</Icon>
				</IconStyle>
				<LineStyle>
					<color>ffffffaa</color>
					<colorMode>normal</colorMode>
				</LineStyle>
				<PolyStyle>
					<color>ffffffaa</color>
					<colorMode>normal</colorMode>
				</PolyStyle>
			</Style>
			<ExtendedData>
				<SchemaData schemaUrl="#S_patok_heksa_MR_PDL_A_SSSDD">
					<SimpleData name="RUAS">PADALEUNYI</SimpleData>
					<SimpleData name="JALUR">A</SimpleData>
					<SimpleData name="KM">140+800</SimpleData>
					<SimpleData name="X">-6.96235</SimpleData>
					<SimpleData name="Y">107.622</SimpleData>
				</SchemaData>
			</ExtendedData>
			<Point>
				<coordinates>107.621515961137,-6.962354286093388,0</coordinates>
			</Point>
		</Placemark>
		<Placemark>
			<name>141+0</name>
			<styleUrl>#pointStyleMap</styleUrl>
			<Style id="inline">
				<IconStyle>
					<color>ffffffaa</color>
					<colorMode>normal</colorMode>
					<Icon>
						<href>http://maps.google.com/mapfiles/kml/pushpin/pink-pushpin.png</href>
					</Icon>
				</IconStyle>
				<LineStyle>
					<color>ffffffaa</color>
					<colorMode>normal</colorMode>
				</LineStyle>
				<PolyStyle>
					<color>ffffffaa</color>
					<colorMode>normal</colorMode>
				</PolyStyle>
			</Style>
			<ExtendedData>
				<SchemaData schemaUrl="#S_patok_heksa_MR_PDL_A_SSSDD">
					<SimpleData name="RUAS">PADALEUNYI</SimpleData>
					<SimpleData name="JALUR">A</SimpleData>
					<SimpleData name="KM">141+0</SimpleData>
					<SimpleData name="X">-6.96309</SimpleData>
					<SimpleData name="Y">107.623</SimpleData>
				</SchemaData>
			</ExtendedData>
			<Point>
				<coordinates>107.623161662186,-6.963092462363738,0</coordinates>
			</Point>
		</Placemark>
		<Placemark>
			<name>141+200</name>
			<styleUrl>#pointStyleMap</styleUrl>
			<Style id="inline">
				<IconStyle>
					<color>ffffffaa</color>
					<colorMode>normal</colorMode>
					<Icon>
						<href>http://maps.google.com/mapfiles/kml/pushpin/pink-pushpin.png</href>
					</Icon>
				</IconStyle>
				<LineStyle>
					<color>ffffffaa</color>
					<colorMode>normal</colorMode>
				</LineStyle>
				<PolyStyle>
					<color>ffffffaa</color>
					<colorMode>normal</colorMode>
				</PolyStyle>
			</Style>
			<ExtendedData>
				<SchemaData schemaUrl="#S_patok_heksa_MR_PDL_A_SSSDD">
					<SimpleData name="RUAS">PADALEUNYI</SimpleData>
					<SimpleData name="JALUR">A</SimpleData>
					<SimpleData name="KM">141+200</SimpleData>
					<SimpleData name="X">-6.96369</SimpleData>
					<SimpleData name="Y">107.625</SimpleData>
				</SchemaData>
			</ExtendedData>
			<Point>
				<coordinates>107.624837463025,-6.963687966911412,0</coordinates>
			</Point>
		</Placemark>
		<Placemark>
			<name>141+400</name>
			<styleUrl>#pointStyleMap</styleUrl>
			<Style id="inline">
				<IconStyle>
					<color>ffffffaa</color>
					<colorMode>normal</colorMode>
					<Icon>
						<href>http://maps.google.com/mapfiles/kml/pushpin/pink-pushpin.png</href>
					</Icon>
				</IconStyle>
				<LineStyle>
					<color>ffffffaa</color>
					<colorMode>normal</colorMode>
				</LineStyle>
				<PolyStyle>
					<color>ffffffaa</color>
					<colorMode>normal</colorMode>
				</PolyStyle>
			</Style>
			<ExtendedData>
				<SchemaData schemaUrl="#S_patok_heksa_MR_PDL_A_SSSDD">
					<SimpleData name="RUAS">PADALEUNYI</SimpleData>
					<SimpleData name="JALUR">A</SimpleData>
					<SimpleData name="KM">141+400</SimpleData>
					<SimpleData name="X">-6.9641</SimpleData>
					<SimpleData name="Y">107.627</SimpleData>
				</SchemaData>
			</ExtendedData>
			<Point>
				<coordinates>107.626599069018,-6.964099486398538,0</coordinates>
			</Point>
		</Placemark>
		<Placemark>
			<name>141+600</name>
			<styleUrl>#pointStyleMap</styleUrl>
			<Style id="inline">
				<IconStyle>
					<color>ffffffaa</color>
					<colorMode>normal</colorMode>
					<Icon>
						<href>http://maps.google.com/mapfiles/kml/pushpin/pink-pushpin.png</href>
					</Icon>
				</IconStyle>
				<LineStyle>
					<color>ffffffaa</color>
					<colorMode>normal</colorMode>
				</LineStyle>
				<PolyStyle>
					<color>ffffffaa</color>
					<colorMode>normal</colorMode>
				</PolyStyle>
			</Style>
			<ExtendedData>
				<SchemaData schemaUrl="#S_patok_heksa_MR_PDL_A_SSSDD">
					<SimpleData name="RUAS">PADALEUNYI</SimpleData>
					<SimpleData name="JALUR">A</SimpleData>
					<SimpleData name="KM">141+600</SimpleData>
					<SimpleData name="X">-6.96445</SimpleData>
					<SimpleData name="Y">107.628</SimpleData>
				</SchemaData>
			</ExtendedData>
			<Point>
				<coordinates>107.628367455937,-6.964453025262562,0</coordinates>
			</Point>
		</Placemark>
		<Placemark>
			<name>141+800</name>
			<styleUrl>#pointStyleMap</styleUrl>
			<Style id="inline">
				<IconStyle>
					<color>ffffffaa</color>
					<colorMode>normal</colorMode>
					<Icon>
						<href>http://maps.google.com/mapfiles/kml/pushpin/pink-pushpin.png</href>
					</Icon>
				</IconStyle>
				<LineStyle>
					<color>ffffffaa</color>
					<colorMode>normal</colorMode>
				</LineStyle>
				<PolyStyle>
					<color>ffffffaa</color>
					<colorMode>normal</colorMode>
				</PolyStyle>
			</Style>
			<ExtendedData>
				<SchemaData schemaUrl="#S_patok_heksa_MR_PDL_A_SSSDD">
					<SimpleData name="RUAS">PADALEUNYI</SimpleData>
					<SimpleData name="JALUR">A</SimpleData>
					<SimpleData name="KM">141+800</SimpleData>
					<SimpleData name="X">-6.96469</SimpleData>
					<SimpleData name="Y">107.63</SimpleData>
				</SchemaData>
			</ExtendedData>
			<Point>
				<coordinates>107.630152016063,-6.964689393054222,0</coordinates>
			</Point>
		</Placemark>
		<Placemark>
			<name>142+0</name>
			<styleUrl>#pointStyleMap</styleUrl>
			<Style id="inline">
				<IconStyle>
					<color>ffffffaa</color>
					<colorMode>normal</colorMode>
					<Icon>
						<href>http://maps.google.com/mapfiles/kml/pushpin/pink-pushpin.png</href>
					</Icon>
				</IconStyle>
				<LineStyle>
					<color>ffffffaa</color>
					<colorMode>normal</colorMode>
				</LineStyle>
				<PolyStyle>
					<color>ffffffaa</color>
					<colorMode>normal</colorMode>
				</PolyStyle>
			</Style>
			<ExtendedData>
				<SchemaData schemaUrl="#S_patok_heksa_MR_PDL_A_SSSDD">
					<SimpleData name="RUAS">PADALEUNYI</SimpleData>
					<SimpleData name="JALUR">A</SimpleData>
					<SimpleData name="KM">142+0</SimpleData>
					<SimpleData name="X">-6.96487</SimpleData>
					<SimpleData name="Y">107.632</SimpleData>
				</SchemaData>
			</ExtendedData>
			<Point>
				<coordinates>107.631951545918,-6.96487138663125,0</coordinates>
			</Point>
		</Placemark>
		<Placemark>
			<name>142+200</name>
			<styleUrl>#pointStyleMap</styleUrl>
			<Style id="inline">
				<IconStyle>
					<color>ffffffaa</color>
					<colorMode>normal</colorMode>
					<Icon>
						<href>http://maps.google.com/mapfiles/kml/pushpin/pink-pushpin.png</href>
					</Icon>
				</IconStyle>
				<LineStyle>
					<color>ffffffaa</color>
					<colorMode>normal</colorMode>
				</LineStyle>
				<PolyStyle>
					<color>ffffffaa</color>
					<colorMode>normal</colorMode>
				</PolyStyle>
			</Style>
			<ExtendedData>
				<SchemaData schemaUrl="#S_patok_heksa_MR_PDL_A_SSSDD">
					<SimpleData name="RUAS">PADALEUNYI</SimpleData>
					<SimpleData name="JALUR">A</SimpleData>
					<SimpleData name="KM">142+200</SimpleData>
					<SimpleData name="X">-6.96505</SimpleData>
					<SimpleData name="Y">107.634</SimpleData>
				</SchemaData>
			</ExtendedData>
			<Point>
				<coordinates>107.6337584479,-6.965049028225005,0</coordinates>
			</Point>
		</Placemark>
		<Placemark>
			<name>142+400</name>
			<styleUrl>#pointStyleMap</styleUrl>
			<Style id="inline">
				<IconStyle>
					<color>ffffffaa</color>
					<colorMode>normal</colorMode>
					<Icon>
						<href>http://maps.google.com/mapfiles/kml/pushpin/pink-pushpin.png</href>
					</Icon>
				</IconStyle>
				<LineStyle>
					<color>ffffffaa</color>
					<colorMode>normal</colorMode>
				</LineStyle>
				<PolyStyle>
					<color>ffffffaa</color>
					<colorMode>normal</colorMode>
				</PolyStyle>
			</Style>
			<ExtendedData>
				<SchemaData schemaUrl="#S_patok_heksa_MR_PDL_A_SSSDD">
					<SimpleData name="RUAS">PADALEUNYI</SimpleData>
					<SimpleData name="JALUR">A</SimpleData>
					<SimpleData name="KM">142+400</SimpleData>
					<SimpleData name="X">-6.9653</SimpleData>
					<SimpleData name="Y">107.636</SimpleData>
				</SchemaData>
			</ExtendedData>
			<Point>
				<coordinates>107.635577514216,-6.96530002834985,0</coordinates>
			</Point>
		</Placemark>
		<Placemark>
			<name>142+600</name>
			<styleUrl>#pointStyleMap</styleUrl>
			<Style id="inline">
				<IconStyle>
					<color>ffffffaa</color>
					<colorMode>normal</colorMode>
					<Icon>
						<href>http://maps.google.com/mapfiles/kml/pushpin/pink-pushpin.png</href>
					</Icon>
				</IconStyle>
				<LineStyle>
					<color>ffffffaa</color>
					<colorMode>normal</colorMode>
				</LineStyle>
				<PolyStyle>
					<color>ffffffaa</color>
					<colorMode>normal</colorMode>
				</PolyStyle>
			</Style>
			<ExtendedData>
				<SchemaData schemaUrl="#S_patok_heksa_MR_PDL_A_SSSDD">
					<SimpleData name="RUAS">PADALEUNYI</SimpleData>
					<SimpleData name="JALUR">A</SimpleData>
					<SimpleData name="KM">142+600</SimpleData>
					<SimpleData name="X">-6.96552</SimpleData>
					<SimpleData name="Y">107.637</SimpleData>
				</SchemaData>
			</ExtendedData>
			<Point>
				<coordinates>107.637372226917,-6.965522038081309,0</coordinates>
			</Point>
		</Placemark>
		<Placemark>
			<name>142+800</name>
			<styleUrl>#pointStyleMap</styleUrl>
			<Style id="inline">
				<IconStyle>
					<color>ffffffaa</color>
					<colorMode>normal</colorMode>
					<Icon>
						<href>http://maps.google.com/mapfiles/kml/pushpin/pink-pushpin.png</href>
					</Icon>
				</IconStyle>
				<LineStyle>
					<color>ffffffaa</color>
					<colorMode>normal</colorMode>
				</LineStyle>
				<PolyStyle>
					<color>ffffffaa</color>
					<colorMode>normal</colorMode>
				</PolyStyle>
			</Style>
			<ExtendedData>
				<SchemaData schemaUrl="#S_patok_heksa_MR_PDL_A_SSSDD">
					<SimpleData name="RUAS">PADALEUNYI</SimpleData>
					<SimpleData name="JALUR">A</SimpleData>
					<SimpleData name="KM">142+800</SimpleData>
					<SimpleData name="X">-6.96575</SimpleData>
					<SimpleData name="Y">107.639</SimpleData>
				</SchemaData>
			</ExtendedData>
			<Point>
				<coordinates>107.639161983782,-6.965747977740411,0</coordinates>
			</Point>
		</Placemark>
		<Placemark>
			<name>143+0</name>
			<styleUrl>#pointStyleMap</styleUrl>
			<Style id="inline">
				<IconStyle>
					<color>ffffffaa</color>
					<colorMode>normal</colorMode>
					<Icon>
						<href>http://maps.google.com/mapfiles/kml/pushpin/pink-pushpin.png</href>
					</Icon>
				</IconStyle>
				<LineStyle>
					<color>ffffffaa</color>
					<colorMode>normal</colorMode>
				</LineStyle>
				<PolyStyle>
					<color>ffffffaa</color>
					<colorMode>normal</colorMode>
				</PolyStyle>
			</Style>
			<ExtendedData>
				<SchemaData schemaUrl="#S_patok_heksa_MR_PDL_A_SSSDD">
					<SimpleData name="RUAS">PADALEUNYI</SimpleData>
					<SimpleData name="JALUR">A</SimpleData>
					<SimpleData name="KM">143+0</SimpleData>
					<SimpleData name="X">-6.96583</SimpleData>
					<SimpleData name="Y">107.641</SimpleData>
				</SchemaData>
			</ExtendedData>
			<Point>
				<coordinates>107.640969024397,-6.965832756181419,0</coordinates>
			</Point>
		</Placemark>
		<Placemark>
			<name>143+200</name>
			<styleUrl>#pointStyleMap</styleUrl>
			<Style id="inline">
				<IconStyle>
					<color>ffffffaa</color>
					<colorMode>normal</colorMode>
					<Icon>
						<href>http://maps.google.com/mapfiles/kml/pushpin/pink-pushpin.png</href>
					</Icon>
				</IconStyle>
				<LineStyle>
					<color>ffffffaa</color>
					<colorMode>normal</colorMode>
				</LineStyle>
				<PolyStyle>
					<color>ffffffaa</color>
					<colorMode>normal</colorMode>
				</PolyStyle>
			</Style>
			<ExtendedData>
				<SchemaData schemaUrl="#S_patok_heksa_MR_PDL_A_SSSDD">
					<SimpleData name="RUAS">PADALEUNYI</SimpleData>
					<SimpleData name="JALUR">A</SimpleData>
					<SimpleData name="KM">143+200</SimpleData>
					<SimpleData name="X">-6.9656</SimpleData>
					<SimpleData name="Y">107.643</SimpleData>
				</SchemaData>
			</ExtendedData>
			<Point>
				<coordinates>107.64281439337,-6.965604340362179,0</coordinates>
			</Point>
		</Placemark>
		<Placemark>
			<name>143+400</name>
			<styleUrl>#pointStyleMap</styleUrl>
			<Style id="inline">
				<IconStyle>
					<color>ffffffaa</color>
					<colorMode>normal</colorMode>
					<Icon>
						<href>http://maps.google.com/mapfiles/kml/pushpin/pink-pushpin.png</href>
					</Icon>
				</IconStyle>
				<LineStyle>
					<color>ffffffaa</color>
					<colorMode>normal</colorMode>
				</LineStyle>
				<PolyStyle>
					<color>ffffffaa</color>
					<colorMode>normal</colorMode>
				</PolyStyle>
			</Style>
			<ExtendedData>
				<SchemaData schemaUrl="#S_patok_heksa_MR_PDL_A_SSSDD">
					<SimpleData name="RUAS">PADALEUNYI</SimpleData>
					<SimpleData name="JALUR">A</SimpleData>
					<SimpleData name="KM">143+400</SimpleData>
					<SimpleData name="X">-6.9652</SimpleData>
					<SimpleData name="Y">107.645</SimpleData>
				</SchemaData>
			</ExtendedData>
			<Point>
				<coordinates>107.644592612839,-6.965196267120382,0</coordinates>
			</Point>
		</Placemark>
		<Placemark>
			<name>143+600</name>
			<styleUrl>#pointStyleMap</styleUrl>
			<Style id="inline">
				<IconStyle>
					<color>ffffffaa</color>
					<colorMode>normal</colorMode>
					<Icon>
						<href>http://maps.google.com/mapfiles/kml/pushpin/pink-pushpin.png</href>
					</Icon>
				</IconStyle>
				<LineStyle>
					<color>ffffffaa</color>
					<colorMode>normal</colorMode>
				</LineStyle>
				<PolyStyle>
					<color>ffffffaa</color>
					<colorMode>normal</colorMode>
				</PolyStyle>
			</Style>
			<ExtendedData>
				<SchemaData schemaUrl="#S_patok_heksa_MR_PDL_A_SSSDD">
					<SimpleData name="RUAS">PADALEUNYI</SimpleData>
					<SimpleData name="JALUR">A</SimpleData>
					<SimpleData name="KM">143+600</SimpleData>
					<SimpleData name="X">-6.96476</SimpleData>
					<SimpleData name="Y">107.646</SimpleData>
				</SchemaData>
			</ExtendedData>
			<Point>
				<coordinates>107.646360938006,-6.964759682183379,0</coordinates>
			</Point>
		</Placemark>
		<Placemark>
			<name>143+800</name>
			<styleUrl>#pointStyleMap</styleUrl>
			<Style id="inline">
				<IconStyle>
					<color>ffffffaa</color>
					<colorMode>normal</colorMode>
					<Icon>
						<href>http://maps.google.com/mapfiles/kml/pushpin/pink-pushpin.png</href>
					</Icon>
				</IconStyle>
				<LineStyle>
					<color>ffffffaa</color>
					<colorMode>normal</colorMode>
				</LineStyle>
				<PolyStyle>
					<color>ffffffaa</color>
					<colorMode>normal</colorMode>
				</PolyStyle>
			</Style>
			<ExtendedData>
				<SchemaData schemaUrl="#S_patok_heksa_MR_PDL_A_SSSDD">
					<SimpleData name="RUAS">PADALEUNYI</SimpleData>
					<SimpleData name="JALUR">A</SimpleData>
					<SimpleData name="KM">143+800</SimpleData>
					<SimpleData name="X">-6.96456</SimpleData>
					<SimpleData name="Y">107.648</SimpleData>
				</SchemaData>
			</ExtendedData>
			<Point>
				<coordinates>107.648158736677,-6.964564963173383,0</coordinates>
			</Point>
		</Placemark>
		<Placemark>
			<name>144+0</name>
			<styleUrl>#pointStyleMap</styleUrl>
			<Style id="inline">
				<IconStyle>
					<color>ffffffaa</color>
					<colorMode>normal</colorMode>
					<Icon>
						<href>http://maps.google.com/mapfiles/kml/pushpin/pink-pushpin.png</href>
					</Icon>
				</IconStyle>
				<LineStyle>
					<color>ffffffaa</color>
					<colorMode>normal</colorMode>
				</LineStyle>
				<PolyStyle>
					<color>ffffffaa</color>
					<colorMode>normal</colorMode>
				</PolyStyle>
			</Style>
			<ExtendedData>
				<SchemaData schemaUrl="#S_patok_heksa_MR_PDL_A_SSSDD">
					<SimpleData name="RUAS">PADALEUNYI</SimpleData>
					<SimpleData name="JALUR">A</SimpleData>
					<SimpleData name="KM">144+0</SimpleData>
					<SimpleData name="X">-6.96456</SimpleData>
					<SimpleData name="Y">107.65</SimpleData>
				</SchemaData>
			</ExtendedData>
			<Point>
				<coordinates>107.64997051758,-6.964559698649147,0</coordinates>
			</Point>
		</Placemark>
		<Placemark>
			<name>144+200</name>
			<styleUrl>#pointStyleMap</styleUrl>
			<Style id="inline">
				<IconStyle>
					<color>ffffffaa</color>
					<colorMode>normal</colorMode>
					<Icon>
						<href>http://maps.google.com/mapfiles/kml/pushpin/pink-pushpin.png</href>
					</Icon>
				</IconStyle>
				<LineStyle>
					<color>ffffffaa</color>
					<colorMode>normal</colorMode>
				</LineStyle>
				<PolyStyle>
					<color>ffffffaa</color>
					<colorMode>normal</colorMode>
				</PolyStyle>
			</Style>
			<ExtendedData>
				<SchemaData schemaUrl="#S_patok_heksa_MR_PDL_A_SSSDD">
					<SimpleData name="RUAS">PADALEUNYI</SimpleData>
					<SimpleData name="JALUR">A</SimpleData>
					<SimpleData name="KM">144+200</SimpleData>
					<SimpleData name="X">-6.96481</SimpleData>
					<SimpleData name="Y">107.652</SimpleData>
				</SchemaData>
			</ExtendedData>
			<Point>
				<coordinates>107.651776134954,-6.964811589153721,0</coordinates>
			</Point>
		</Placemark>
		<Placemark>
			<name>144+400</name>
			<styleUrl>#pointStyleMap</styleUrl>
			<Style id="inline">
				<IconStyle>
					<color>ffffffaa</color>
					<colorMode>normal</colorMode>
					<Icon>
						<href>http://maps.google.com/mapfiles/kml/pushpin/pink-pushpin.png</href>
					</Icon>
				</IconStyle>
				<LineStyle>
					<color>ffffffaa</color>
					<colorMode>normal</colorMode>
				</LineStyle>
				<PolyStyle>
					<color>ffffffaa</color>
					<colorMode>normal</colorMode>
				</PolyStyle>
			</Style>
			<ExtendedData>
				<SchemaData schemaUrl="#S_patok_heksa_MR_PDL_A_SSSDD">
					<SimpleData name="RUAS">PADALEUNYI</SimpleData>
					<SimpleData name="JALUR">A</SimpleData>
					<SimpleData name="KM">144+400</SimpleData>
					<SimpleData name="X">-6.96513</SimpleData>
					<SimpleData name="Y">107.654</SimpleData>
				</SchemaData>
			</ExtendedData>
			<Point>
				<coordinates>107.653563381696,-6.965125413643256,0</coordinates>
			</Point>
		</Placemark>
		<Placemark>
			<name>144+600</name>
			<styleUrl>#pointStyleMap</styleUrl>
			<Style id="inline">
				<IconStyle>
					<color>ffffffaa</color>
					<colorMode>normal</colorMode>
					<Icon>
						<href>http://maps.google.com/mapfiles/kml/pushpin/pink-pushpin.png</href>
					</Icon>
				</IconStyle>
				<LineStyle>
					<color>ffffffaa</color>
					<colorMode>normal</colorMode>
				</LineStyle>
				<PolyStyle>
					<color>ffffffaa</color>
					<colorMode>normal</colorMode>
				</PolyStyle>
			</Style>
			<ExtendedData>
				<SchemaData schemaUrl="#S_patok_heksa_MR_PDL_A_SSSDD">
					<SimpleData name="RUAS">PADALEUNYI</SimpleData>
					<SimpleData name="JALUR">A</SimpleData>
					<SimpleData name="KM">144+600</SimpleData>
					<SimpleData name="X">-6.96536</SimpleData>
					<SimpleData name="Y">107.655</SimpleData>
				</SchemaData>
			</ExtendedData>
			<Point>
				<coordinates>107.655360354283,-6.965364961351865,0</coordinates>
			</Point>
		</Placemark>
		<Placemark>
			<name>144+800</name>
			<styleUrl>#pointStyleMap</styleUrl>
			<Style id="inline">
				<IconStyle>
					<color>ffffffaa</color>
					<colorMode>normal</colorMode>
					<Icon>
						<href>http://maps.google.com/mapfiles/kml/pushpin/pink-pushpin.png</href>
					</Icon>
				</IconStyle>
				<LineStyle>
					<color>ffffffaa</color>
					<colorMode>normal</colorMode>
				</LineStyle>
				<PolyStyle>
					<color>ffffffaa</color>
					<colorMode>normal</colorMode>
				</PolyStyle>
			</Style>
			<ExtendedData>
				<SchemaData schemaUrl="#S_patok_heksa_MR_PDL_A_SSSDD">
					<SimpleData name="RUAS">PADALEUNYI</SimpleData>
					<SimpleData name="JALUR">A</SimpleData>
					<SimpleData name="KM">144+800</SimpleData>
					<SimpleData name="X">-6.96568</SimpleData>
					<SimpleData name="Y">107.657</SimpleData>
				</SchemaData>
			</ExtendedData>
			<Point>
				<coordinates>107.657116610228,-6.965675674283968,0</coordinates>
			</Point>
		</Placemark>
		<Placemark>
			<name>145+0</name>
			<styleUrl>#pointStyleMap</styleUrl>
			<Style id="inline">
				<IconStyle>
					<color>ffffffaa</color>
					<colorMode>normal</colorMode>
					<Icon>
						<href>http://maps.google.com/mapfiles/kml/pushpin/pink-pushpin.png</href>
					</Icon>
				</IconStyle>
				<LineStyle>
					<color>ffffffaa</color>
					<colorMode>normal</colorMode>
				</LineStyle>
				<PolyStyle>
					<color>ffffffaa</color>
					<colorMode>normal</colorMode>
				</PolyStyle>
			</Style>
			<ExtendedData>
				<SchemaData schemaUrl="#S_patok_heksa_MR_PDL_A_SSSDD">
					<SimpleData name="RUAS">PADALEUNYI</SimpleData>
					<SimpleData name="JALUR">A</SimpleData>
					<SimpleData name="KM">145+0</SimpleData>
					<SimpleData name="X">-6.96598</SimpleData>
					<SimpleData name="Y">107.659</SimpleData>
				</SchemaData>
			</ExtendedData>
			<Point>
				<coordinates>107.65890008719,-6.965984624325499,0</coordinates>
			</Point>
		</Placemark>
		<Placemark>
			<name>145+200</name>
			<styleUrl>#pointStyleMap</styleUrl>
			<Style id="inline">
				<IconStyle>
					<color>ffffffaa</color>
					<colorMode>normal</colorMode>
					<Icon>
						<href>http://maps.google.com/mapfiles/kml/pushpin/pink-pushpin.png</href>
					</Icon>
				</IconStyle>
				<LineStyle>
					<color>ffffffaa</color>
					<colorMode>normal</colorMode>
				</LineStyle>
				<PolyStyle>
					<color>ffffffaa</color>
					<colorMode>normal</colorMode>
				</PolyStyle>
			</Style>
			<ExtendedData>
				<SchemaData schemaUrl="#S_patok_heksa_MR_PDL_A_SSSDD">
					<SimpleData name="RUAS">PADALEUNYI</SimpleData>
					<SimpleData name="JALUR">A</SimpleData>
					<SimpleData name="KM">145+200</SimpleData>
					<SimpleData name="X">-6.96639</SimpleData>
					<SimpleData name="Y">107.661</SimpleData>
				</SchemaData>
			</ExtendedData>
			<Point>
				<coordinates>107.660636453272,-6.9663865153718,0</coordinates>
			</Point>
		</Placemark>
		<Placemark>
			<name>145+400</name>
			<styleUrl>#pointStyleMap</styleUrl>
			<Style id="inline">
				<IconStyle>
					<color>ffffffaa</color>
					<colorMode>normal</colorMode>
					<Icon>
						<href>http://maps.google.com/mapfiles/kml/pushpin/pink-pushpin.png</href>
					</Icon>
				</IconStyle>
				<LineStyle>
					<color>ffffffaa</color>
					<colorMode>normal</colorMode>
				</LineStyle>
				<PolyStyle>
					<color>ffffffaa</color>
					<colorMode>normal</colorMode>
				</PolyStyle>
			</Style>
			<ExtendedData>
				<SchemaData schemaUrl="#S_patok_heksa_MR_PDL_A_SSSDD">
					<SimpleData name="RUAS">PADALEUNYI</SimpleData>
					<SimpleData name="JALUR">A</SimpleData>
					<SimpleData name="KM">145+400</SimpleData>
					<SimpleData name="X">-6.96686</SimpleData>
					<SimpleData name="Y">107.662</SimpleData>
				</SchemaData>
			</ExtendedData>
			<Point>
				<coordinates>107.662385198449,-6.966861728369733,0</coordinates>
			</Point>
		</Placemark>
		<Placemark>
			<name>145+600</name>
			<styleUrl>#pointStyleMap</styleUrl>
			<Style id="inline">
				<IconStyle>
					<color>ffffffaa</color>
					<colorMode>normal</colorMode>
					<Icon>
						<href>http://maps.google.com/mapfiles/kml/pushpin/pink-pushpin.png</href>
					</Icon>
				</IconStyle>
				<LineStyle>
					<color>ffffffaa</color>
					<colorMode>normal</colorMode>
				</LineStyle>
				<PolyStyle>
					<color>ffffffaa</color>
					<colorMode>normal</colorMode>
				</PolyStyle>
			</Style>
			<ExtendedData>
				<SchemaData schemaUrl="#S_patok_heksa_MR_PDL_A_SSSDD">
					<SimpleData name="RUAS">PADALEUNYI</SimpleData>
					<SimpleData name="JALUR">A</SimpleData>
					<SimpleData name="KM">145+600</SimpleData>
					<SimpleData name="X">-6.96726</SimpleData>
					<SimpleData name="Y">107.664</SimpleData>
				</SchemaData>
			</ExtendedData>
			<Point>
				<coordinates>107.664163014391,-6.967258438319924,0</coordinates>
			</Point>
		</Placemark>
		<Placemark>
			<name>145+800</name>
			<styleUrl>#pointStyleMap</styleUrl>
			<Style id="inline">
				<IconStyle>
					<color>ffffffaa</color>
					<colorMode>normal</colorMode>
					<Icon>
						<href>http://maps.google.com/mapfiles/kml/pushpin/pink-pushpin.png</href>
					</Icon>
				</IconStyle>
				<LineStyle>
					<color>ffffffaa</color>
					<colorMode>normal</colorMode>
				</LineStyle>
				<PolyStyle>
					<color>ffffffaa</color>
					<colorMode>normal</colorMode>
				</PolyStyle>
			</Style>
			<ExtendedData>
				<SchemaData schemaUrl="#S_patok_heksa_MR_PDL_A_SSSDD">
					<SimpleData name="RUAS">PADALEUNYI</SimpleData>
					<SimpleData name="JALUR">A</SimpleData>
					<SimpleData name="KM">145+800</SimpleData>
					<SimpleData name="X">-6.96748</SimpleData>
					<SimpleData name="Y">107.666</SimpleData>
				</SchemaData>
			</ExtendedData>
			<Point>
				<coordinates>107.665956848966,-6.967476835647226,0</coordinates>
			</Point>
		</Placemark>
		<Placemark>
			<name>146+0</name>
			<styleUrl>#pointStyleMap</styleUrl>
			<Style id="inline">
				<IconStyle>
					<color>ffffffaa</color>
					<colorMode>normal</colorMode>
					<Icon>
						<href>http://maps.google.com/mapfiles/kml/pushpin/pink-pushpin.png</href>
					</Icon>
				</IconStyle>
				<LineStyle>
					<color>ffffffaa</color>
					<colorMode>normal</colorMode>
				</LineStyle>
				<PolyStyle>
					<color>ffffffaa</color>
					<colorMode>normal</colorMode>
				</PolyStyle>
			</Style>
			<ExtendedData>
				<SchemaData schemaUrl="#S_patok_heksa_MR_PDL_A_SSSDD">
					<SimpleData name="RUAS">PADALEUNYI</SimpleData>
					<SimpleData name="JALUR">A</SimpleData>
					<SimpleData name="KM">146+0</SimpleData>
					<SimpleData name="X">-6.96752</SimpleData>
					<SimpleData name="Y">107.668</SimpleData>
				</SchemaData>
			</ExtendedData>
			<Point>
				<coordinates>107.667758701927,-6.967519273019103,0</coordinates>
			</Point>
		</Placemark>
		<Placemark>
			<name>146+200</name>
			<styleUrl>#pointStyleMap</styleUrl>
			<Style id="inline">
				<IconStyle>
					<color>ffffffaa</color>
					<colorMode>normal</colorMode>
					<Icon>
						<href>http://maps.google.com/mapfiles/kml/pushpin/pink-pushpin.png</href>
					</Icon>
				</IconStyle>
				<LineStyle>
					<color>ffffffaa</color>
					<colorMode>normal</colorMode>
				</LineStyle>
				<PolyStyle>
					<color>ffffffaa</color>
					<colorMode>normal</colorMode>
				</PolyStyle>
			</Style>
			<ExtendedData>
				<SchemaData schemaUrl="#S_patok_heksa_MR_PDL_A_SSSDD">
					<SimpleData name="RUAS">PADALEUNYI</SimpleData>
					<SimpleData name="JALUR">A</SimpleData>
					<SimpleData name="KM">146+200</SimpleData>
					<SimpleData name="X">-6.9674</SimpleData>
					<SimpleData name="Y">107.67</SimpleData>
				</SchemaData>
			</ExtendedData>
			<Point>
				<coordinates>107.66958998271,-6.967403177198726,0</coordinates>
			</Point>
		</Placemark>
		<Placemark>
			<name>146+400</name>
			<styleUrl>#pointStyleMap</styleUrl>
			<Style id="inline">
				<IconStyle>
					<color>ffffffaa</color>
					<colorMode>normal</colorMode>
					<Icon>
						<href>http://maps.google.com/mapfiles/kml/pushpin/pink-pushpin.png</href>
					</Icon>
				</IconStyle>
				<LineStyle>
					<color>ffffffaa</color>
					<colorMode>normal</colorMode>
				</LineStyle>
				<PolyStyle>
					<color>ffffffaa</color>
					<colorMode>normal</colorMode>
				</PolyStyle>
			</Style>
			<ExtendedData>
				<SchemaData schemaUrl="#S_patok_heksa_MR_PDL_A_SSSDD">
					<SimpleData name="RUAS">PADALEUNYI</SimpleData>
					<SimpleData name="JALUR">A</SimpleData>
					<SimpleData name="KM">146+400</SimpleData>
					<SimpleData name="X">-6.9675</SimpleData>
					<SimpleData name="Y">107.671</SimpleData>
				</SchemaData>
			</ExtendedData>
			<Point>
				<coordinates>107.671379186451,-6.967496724835542,0</coordinates>
			</Point>
		</Placemark>
		<Placemark>
			<name>146+600</name>
			<styleUrl>#pointStyleMap</styleUrl>
			<Style id="inline">
				<IconStyle>
					<color>ffffffaa</color>
					<colorMode>normal</colorMode>
					<Icon>
						<href>http://maps.google.com/mapfiles/kml/pushpin/pink-pushpin.png</href>
					</Icon>
				</IconStyle>
				<LineStyle>
					<color>ffffffaa</color>
					<colorMode>normal</colorMode>
				</LineStyle>
				<PolyStyle>
					<color>ffffffaa</color>
					<colorMode>normal</colorMode>
				</PolyStyle>
			</Style>
			<ExtendedData>
				<SchemaData schemaUrl="#S_patok_heksa_MR_PDL_A_SSSDD">
					<SimpleData name="RUAS">PADALEUNYI</SimpleData>
					<SimpleData name="JALUR">A</SimpleData>
					<SimpleData name="KM">146+600</SimpleData>
					<SimpleData name="X">-6.96767</SimpleData>
					<SimpleData name="Y">107.673</SimpleData>
				</SchemaData>
			</ExtendedData>
			<Point>
				<coordinates>107.673177567984,-6.967673788489002,0</coordinates>
			</Point>
		</Placemark>
		<Placemark>
			<name>146+800</name>
			<styleUrl>#pointStyleMap</styleUrl>
			<Style id="inline">
				<IconStyle>
					<color>ffffffaa</color>
					<colorMode>normal</colorMode>
					<Icon>
						<href>http://maps.google.com/mapfiles/kml/pushpin/pink-pushpin.png</href>
					</Icon>
				</IconStyle>
				<LineStyle>
					<color>ffffffaa</color>
					<colorMode>normal</colorMode>
				</LineStyle>
				<PolyStyle>
					<color>ffffffaa</color>
					<colorMode>normal</colorMode>
				</PolyStyle>
			</Style>
			<ExtendedData>
				<SchemaData schemaUrl="#S_patok_heksa_MR_PDL_A_SSSDD">
					<SimpleData name="RUAS">PADALEUNYI</SimpleData>
					<SimpleData name="JALUR">A</SimpleData>
					<SimpleData name="KM">146+800</SimpleData>
					<SimpleData name="X">-6.96785</SimpleData>
					<SimpleData name="Y">107.675</SimpleData>
				</SchemaData>
			</ExtendedData>
			<Point>
				<coordinates>107.674978726812,-6.967845808290525,0</coordinates>
			</Point>
		</Placemark>
		<Placemark>
			<name>147+0</name>
			<styleUrl>#pointStyleMap</styleUrl>
			<Style id="inline">
				<IconStyle>
					<color>ffffffaa</color>
					<colorMode>normal</colorMode>
					<Icon>
						<href>http://maps.google.com/mapfiles/kml/pushpin/pink-pushpin.png</href>
					</Icon>
				</IconStyle>
				<LineStyle>
					<color>ffffffaa</color>
					<colorMode>normal</colorMode>
				</LineStyle>
				<PolyStyle>
					<color>ffffffaa</color>
					<colorMode>normal</colorMode>
				</PolyStyle>
			</Style>
			<ExtendedData>
				<SchemaData schemaUrl="#S_patok_heksa_MR_PDL_A_SSSDD">
					<SimpleData name="RUAS">PADALEUNYI</SimpleData>
					<SimpleData name="JALUR">A</SimpleData>
					<SimpleData name="KM">147+0</SimpleData>
					<SimpleData name="X">-6.96802</SimpleData>
					<SimpleData name="Y">107.677</SimpleData>
				</SchemaData>
			</ExtendedData>
			<Point>
				<coordinates>107.676773107969,-6.96801636271389,0</coordinates>
			</Point>
		</Placemark>
		<Placemark>
			<name>147+200</name>
			<styleUrl>#pointStyleMap</styleUrl>
			<Style id="inline">
				<IconStyle>
					<color>ffffffaa</color>
					<colorMode>normal</colorMode>
					<Icon>
						<href>http://maps.google.com/mapfiles/kml/pushpin/pink-pushpin.png</href>
					</Icon>
				</IconStyle>
				<LineStyle>
					<color>ffffffaa</color>
					<colorMode>normal</colorMode>
				</LineStyle>
				<PolyStyle>
					<color>ffffffaa</color>
					<colorMode>normal</colorMode>
				</PolyStyle>
			</Style>
			<ExtendedData>
				<SchemaData schemaUrl="#S_patok_heksa_MR_PDL_A_SSSDD">
					<SimpleData name="RUAS">PADALEUNYI</SimpleData>
					<SimpleData name="JALUR">A</SimpleData>
					<SimpleData name="KM">147+200</SimpleData>
					<SimpleData name="X">-6.96824</SimpleData>
					<SimpleData name="Y">107.679</SimpleData>
				</SchemaData>
			</ExtendedData>
			<Point>
				<coordinates>107.678568217561,-6.968239143483221,0</coordinates>
			</Point>
		</Placemark>
		<Placemark>
			<name>147+400</name>
			<styleUrl>#pointStyleMap</styleUrl>
			<Style id="inline">
				<IconStyle>
					<color>ffffffaa</color>
					<colorMode>normal</colorMode>
					<Icon>
						<href>http://maps.google.com/mapfiles/kml/pushpin/pink-pushpin.png</href>
					</Icon>
				</IconStyle>
				<LineStyle>
					<color>ffffffaa</color>
					<colorMode>normal</colorMode>
				</LineStyle>
				<PolyStyle>
					<color>ffffffaa</color>
					<colorMode>normal</colorMode>
				</PolyStyle>
			</Style>
			<ExtendedData>
				<SchemaData schemaUrl="#S_patok_heksa_MR_PDL_A_SSSDD">
					<SimpleData name="RUAS">PADALEUNYI</SimpleData>
					<SimpleData name="JALUR">A</SimpleData>
					<SimpleData name="KM">147+400</SimpleData>
					<SimpleData name="X">-6.96838</SimpleData>
					<SimpleData name="Y">107.68</SimpleData>
				</SchemaData>
			</ExtendedData>
			<Point>
				<coordinates>107.680365806539,-6.9683823395573,0</coordinates>
			</Point>
		</Placemark>
		<Placemark>
			<name>147+600</name>
			<styleUrl>#pointStyleMap</styleUrl>
			<Style id="inline">
				<IconStyle>
					<color>ffffffaa</color>
					<colorMode>normal</colorMode>
					<Icon>
						<href>http://maps.google.com/mapfiles/kml/pushpin/pink-pushpin.png</href>
					</Icon>
				</IconStyle>
				<LineStyle>
					<color>ffffffaa</color>
					<colorMode>normal</colorMode>
				</LineStyle>
				<PolyStyle>
					<color>ffffffaa</color>
					<colorMode>normal</colorMode>
				</PolyStyle>
			</Style>
			<ExtendedData>
				<SchemaData schemaUrl="#S_patok_heksa_MR_PDL_A_SSSDD">
					<SimpleData name="RUAS">PADALEUNYI</SimpleData>
					<SimpleData name="JALUR">A</SimpleData>
					<SimpleData name="KM">147+600</SimpleData>
					<SimpleData name="X">-6.96857</SimpleData>
					<SimpleData name="Y">107.682</SimpleData>
				</SchemaData>
			</ExtendedData>
			<Point>
				<coordinates>107.682156559716,-6.968568804172028,0</coordinates>
			</Point>
		</Placemark>
		<Placemark>
			<name>147+800</name>
			<styleUrl>#pointStyleMap</styleUrl>
			<Style id="inline">
				<IconStyle>
					<color>ffffffaa</color>
					<colorMode>normal</colorMode>
					<Icon>
						<href>http://maps.google.com/mapfiles/kml/pushpin/pink-pushpin.png</href>
					</Icon>
				</IconStyle>
				<LineStyle>
					<color>ffffffaa</color>
					<colorMode>normal</colorMode>
				</LineStyle>
				<PolyStyle>
					<color>ffffffaa</color>
					<colorMode>normal</colorMode>
				</PolyStyle>
			</Style>
			<ExtendedData>
				<SchemaData schemaUrl="#S_patok_heksa_MR_PDL_A_SSSDD">
					<SimpleData name="RUAS">PADALEUNYI</SimpleData>
					<SimpleData name="JALUR">A</SimpleData>
					<SimpleData name="KM">147+800</SimpleData>
					<SimpleData name="X">-6.96877</SimpleData>
					<SimpleData name="Y">107.684</SimpleData>
				</SchemaData>
			</ExtendedData>
			<Point>
				<coordinates>107.683940646184,-6.968769612122976,0</coordinates>
			</Point>
		</Placemark>
		<Placemark>
			<name>148+0</name>
			<styleUrl>#pointStyleMap</styleUrl>
			<Style id="inline">
				<IconStyle>
					<color>ffffffaa</color>
					<colorMode>normal</colorMode>
					<Icon>
						<href>http://maps.google.com/mapfiles/kml/pushpin/pink-pushpin.png</href>
					</Icon>
				</IconStyle>
				<LineStyle>
					<color>ffffffaa</color>
					<colorMode>normal</colorMode>
				</LineStyle>
				<PolyStyle>
					<color>ffffffaa</color>
					<colorMode>normal</colorMode>
				</PolyStyle>
			</Style>
			<ExtendedData>
				<SchemaData schemaUrl="#S_patok_heksa_MR_PDL_A_SSSDD">
					<SimpleData name="RUAS">PADALEUNYI</SimpleData>
					<SimpleData name="JALUR">A</SimpleData>
					<SimpleData name="KM">148+0</SimpleData>
					<SimpleData name="X">-6.96893</SimpleData>
					<SimpleData name="Y">107.686</SimpleData>
				</SchemaData>
			</ExtendedData>
			<Point>
				<coordinates>107.685752790498,-6.968934524059282,0</coordinates>
			</Point>
		</Placemark>
		<Placemark>
			<name>148+200</name>
			<styleUrl>#pointStyleMap</styleUrl>
			<Style id="inline">
				<IconStyle>
					<color>ffffffaa</color>
					<colorMode>normal</colorMode>
					<Icon>
						<href>http://maps.google.com/mapfiles/kml/pushpin/pink-pushpin.png</href>
					</Icon>
				</IconStyle>
				<LineStyle>
					<color>ffffffaa</color>
					<colorMode>normal</colorMode>
				</LineStyle>
				<PolyStyle>
					<color>ffffffaa</color>
					<colorMode>normal</colorMode>
				</PolyStyle>
			</Style>
			<ExtendedData>
				<SchemaData schemaUrl="#S_patok_heksa_MR_PDL_A_SSSDD">
					<SimpleData name="RUAS">PADALEUNYI</SimpleData>
					<SimpleData name="JALUR">A</SimpleData>
					<SimpleData name="KM">148+200</SimpleData>
					<SimpleData name="X">-6.96912</SimpleData>
					<SimpleData name="Y">107.688</SimpleData>
				</SchemaData>
			</ExtendedData>
			<Point>
				<coordinates>107.68755954633,-6.969116301874783,0</coordinates>
			</Point>
		</Placemark>
		<Placemark>
			<name>148+400</name>
			<styleUrl>#pointStyleMap</styleUrl>
			<Style id="inline">
				<IconStyle>
					<color>ffffffaa</color>
					<colorMode>normal</colorMode>
					<Icon>
						<href>http://maps.google.com/mapfiles/kml/pushpin/pink-pushpin.png</href>
					</Icon>
				</IconStyle>
				<LineStyle>
					<color>ffffffaa</color>
					<colorMode>normal</colorMode>
				</LineStyle>
				<PolyStyle>
					<color>ffffffaa</color>
					<colorMode>normal</colorMode>
				</PolyStyle>
			</Style>
			<ExtendedData>
				<SchemaData schemaUrl="#S_patok_heksa_MR_PDL_A_SSSDD">
					<SimpleData name="RUAS">PADALEUNYI</SimpleData>
					<SimpleData name="JALUR">A</SimpleData>
					<SimpleData name="KM">148+400</SimpleData>
					<SimpleData name="X">-6.96927</SimpleData>
					<SimpleData name="Y">107.689</SimpleData>
				</SchemaData>
			</ExtendedData>
			<Point>
				<coordinates>107.689366628075,-6.96926936984662,0</coordinates>
			</Point>
		</Placemark>
		<Placemark>
			<name>148+600</name>
			<styleUrl>#pointStyleMap</styleUrl>
			<Style id="inline">
				<IconStyle>
					<color>ffffffaa</color>
					<colorMode>normal</colorMode>
					<Icon>
						<href>http://maps.google.com/mapfiles/kml/pushpin/pink-pushpin.png</href>
					</Icon>
				</IconStyle>
				<LineStyle>
					<color>ffffffaa</color>
					<colorMode>normal</colorMode>
				</LineStyle>
				<PolyStyle>
					<color>ffffffaa</color>
					<colorMode>normal</colorMode>
				</PolyStyle>
			</Style>
			<ExtendedData>
				<SchemaData schemaUrl="#S_patok_heksa_MR_PDL_A_SSSDD">
					<SimpleData name="RUAS">PADALEUNYI</SimpleData>
					<SimpleData name="JALUR">A</SimpleData>
					<SimpleData name="KM">148+600</SimpleData>
					<SimpleData name="X">-6.96949</SimpleData>
					<SimpleData name="Y">107.691</SimpleData>
				</SchemaData>
			</ExtendedData>
			<Point>
				<coordinates>107.691176177028,-6.96949462852629,0</coordinates>
			</Point>
		</Placemark>
		<Placemark>
			<name>148+800</name>
			<styleUrl>#pointStyleMap</styleUrl>
			<Style id="inline">
				<IconStyle>
					<color>ffffffaa</color>
					<colorMode>normal</colorMode>
					<Icon>
						<href>http://maps.google.com/mapfiles/kml/pushpin/pink-pushpin.png</href>
					</Icon>
				</IconStyle>
				<LineStyle>
					<color>ffffffaa</color>
					<colorMode>normal</colorMode>
				</LineStyle>
				<PolyStyle>
					<color>ffffffaa</color>
					<colorMode>normal</colorMode>
				</PolyStyle>
			</Style>
			<ExtendedData>
				<SchemaData schemaUrl="#S_patok_heksa_MR_PDL_A_SSSDD">
					<SimpleData name="RUAS">PADALEUNYI</SimpleData>
					<SimpleData name="JALUR">A</SimpleData>
					<SimpleData name="KM">148+800</SimpleData>
					<SimpleData name="X">-6.96958</SimpleData>
					<SimpleData name="Y">107.693</SimpleData>
				</SchemaData>
			</ExtendedData>
			<Point>
				<coordinates>107.693012063083,-6.969580742740808,0</coordinates>
			</Point>
		</Placemark>
		<Placemark>
			<name>149+0</name>
			<styleUrl>#pointStyleMap</styleUrl>
			<Style id="inline">
				<IconStyle>
					<color>ffffffaa</color>
					<colorMode>normal</colorMode>
					<Icon>
						<href>http://maps.google.com/mapfiles/kml/pushpin/pink-pushpin.png</href>
					</Icon>
				</IconStyle>
				<LineStyle>
					<color>ffffffaa</color>
					<colorMode>normal</colorMode>
				</LineStyle>
				<PolyStyle>
					<color>ffffffaa</color>
					<colorMode>normal</colorMode>
				</PolyStyle>
			</Style>
			<ExtendedData>
				<SchemaData schemaUrl="#S_patok_heksa_MR_PDL_A_SSSDD">
					<SimpleData name="RUAS">PADALEUNYI</SimpleData>
					<SimpleData name="JALUR">A</SimpleData>
					<SimpleData name="KM">149+0</SimpleData>
					<SimpleData name="X">-6.96959</SimpleData>
					<SimpleData name="Y">107.695</SimpleData>
				</SchemaData>
			</ExtendedData>
			<Point>
				<coordinates>107.694849436326,-6.969590107981071,0</coordinates>
			</Point>
		</Placemark>
		<Placemark>
			<name>149+200</name>
			<styleUrl>#pointStyleMap</styleUrl>
			<Style id="inline">
				<IconStyle>
					<color>ffffffaa</color>
					<colorMode>normal</colorMode>
					<Icon>
						<href>http://maps.google.com/mapfiles/kml/pushpin/pink-pushpin.png</href>
					</Icon>
				</IconStyle>
				<LineStyle>
					<color>ffffffaa</color>
					<colorMode>normal</colorMode>
				</LineStyle>
				<PolyStyle>
					<color>ffffffaa</color>
					<colorMode>normal</colorMode>
				</PolyStyle>
			</Style>
			<ExtendedData>
				<SchemaData schemaUrl="#S_patok_heksa_MR_PDL_A_SSSDD">
					<SimpleData name="RUAS">PADALEUNYI</SimpleData>
					<SimpleData name="JALUR">A</SimpleData>
					<SimpleData name="KM">149+200</SimpleData>
					<SimpleData name="X">-6.96948</SimpleData>
					<SimpleData name="Y">107.697</SimpleData>
				</SchemaData>
			</ExtendedData>
			<Point>
				<coordinates>107.696689720009,-6.969475313504907,0</coordinates>
			</Point>
		</Placemark>
		<Placemark>
			<name>149+400</name>
			<styleUrl>#pointStyleMap</styleUrl>
			<Style id="inline">
				<IconStyle>
					<color>ffffffaa</color>
					<colorMode>normal</colorMode>
					<Icon>
						<href>http://maps.google.com/mapfiles/kml/pushpin/pink-pushpin.png</href>
					</Icon>
				</IconStyle>
				<LineStyle>
					<color>ffffffaa</color>
					<colorMode>normal</colorMode>
				</LineStyle>
				<PolyStyle>
					<color>ffffffaa</color>
					<colorMode>normal</colorMode>
				</PolyStyle>
			</Style>
			<ExtendedData>
				<SchemaData schemaUrl="#S_patok_heksa_MR_PDL_A_SSSDD">
					<SimpleData name="RUAS">PADALEUNYI</SimpleData>
					<SimpleData name="JALUR">A</SimpleData>
					<SimpleData name="KM">149+400</SimpleData>
					<SimpleData name="X">-6.96925</SimpleData>
					<SimpleData name="Y">107.698</SimpleData>
				</SchemaData>
			</ExtendedData>
			<Point>
				<coordinates>107.698484360985,-6.969246026078082,0</coordinates>
			</Point>
		</Placemark>
		<Placemark>
			<name>149+600</name>
			<styleUrl>#pointStyleMap</styleUrl>
			<Style id="inline">
				<IconStyle>
					<color>ffffffaa</color>
					<colorMode>normal</colorMode>
					<Icon>
						<href>http://maps.google.com/mapfiles/kml/pushpin/pink-pushpin.png</href>
					</Icon>
				</IconStyle>
				<LineStyle>
					<color>ffffffaa</color>
					<colorMode>normal</colorMode>
				</LineStyle>
				<PolyStyle>
					<color>ffffffaa</color>
					<colorMode>normal</colorMode>
				</PolyStyle>
			</Style>
			<ExtendedData>
				<SchemaData schemaUrl="#S_patok_heksa_MR_PDL_A_SSSDD">
					<SimpleData name="RUAS">PADALEUNYI</SimpleData>
					<SimpleData name="JALUR">A</SimpleData>
					<SimpleData name="KM">149+600</SimpleData>
					<SimpleData name="X">-6.96889</SimpleData>
					<SimpleData name="Y">107.7</SimpleData>
				</SchemaData>
			</ExtendedData>
			<Point>
				<coordinates>107.700271756268,-6.968887224583646,0</coordinates>
			</Point>
		</Placemark>
		<Placemark>
			<name>149+800</name>
			<styleUrl>#pointStyleMap</styleUrl>
			<Style id="inline">
				<IconStyle>
					<color>ffffffaa</color>
					<colorMode>normal</colorMode>
					<Icon>
						<href>http://maps.google.com/mapfiles/kml/pushpin/pink-pushpin.png</href>
					</Icon>
				</IconStyle>
				<LineStyle>
					<color>ffffffaa</color>
					<colorMode>normal</colorMode>
				</LineStyle>
				<PolyStyle>
					<color>ffffffaa</color>
					<colorMode>normal</colorMode>
				</PolyStyle>
			</Style>
			<ExtendedData>
				<SchemaData schemaUrl="#S_patok_heksa_MR_PDL_A_SSSDD">
					<SimpleData name="RUAS">PADALEUNYI</SimpleData>
					<SimpleData name="JALUR">A</SimpleData>
					<SimpleData name="KM">149+800</SimpleData>
					<SimpleData name="X">-6.96839</SimpleData>
					<SimpleData name="Y">107.702</SimpleData>
				</SchemaData>
			</ExtendedData>
			<Point>
				<coordinates>107.702025192327,-6.968385098156629,0</coordinates>
			</Point>
		</Placemark>
		<Placemark>
			<name>150+0</name>
			<styleUrl>#pointStyleMap</styleUrl>
			<Style id="inline">
				<IconStyle>
					<color>ffffffaa</color>
					<colorMode>normal</colorMode>
					<Icon>
						<href>http://maps.google.com/mapfiles/kml/pushpin/pink-pushpin.png</href>
					</Icon>
				</IconStyle>
				<LineStyle>
					<color>ffffffaa</color>
					<colorMode>normal</colorMode>
				</LineStyle>
				<PolyStyle>
					<color>ffffffaa</color>
					<colorMode>normal</colorMode>
				</PolyStyle>
			</Style>
			<ExtendedData>
				<SchemaData schemaUrl="#S_patok_heksa_MR_PDL_A_SSSDD">
					<SimpleData name="RUAS">PADALEUNYI</SimpleData>
					<SimpleData name="JALUR">A</SimpleData>
					<SimpleData name="KM">150+0</SimpleData>
					<SimpleData name="X">-6.96776</SimpleData>
					<SimpleData name="Y">107.704</SimpleData>
				</SchemaData>
			</ExtendedData>
			<Point>
				<coordinates>107.703754387054,-6.967758671629298,0</coordinates>
			</Point>
		</Placemark>
		<Placemark>
			<name>150+200</name>
			<styleUrl>#pointStyleMap</styleUrl>
			<Style id="inline">
				<IconStyle>
					<color>ffffffaa</color>
					<colorMode>normal</colorMode>
					<Icon>
						<href>http://maps.google.com/mapfiles/kml/pushpin/pink-pushpin.png</href>
					</Icon>
				</IconStyle>
				<LineStyle>
					<color>ffffffaa</color>
					<colorMode>normal</colorMode>
				</LineStyle>
				<PolyStyle>
					<color>ffffffaa</color>
					<colorMode>normal</colorMode>
				</PolyStyle>
			</Style>
			<ExtendedData>
				<SchemaData schemaUrl="#S_patok_heksa_MR_PDL_A_SSSDD">
					<SimpleData name="RUAS">PADALEUNYI</SimpleData>
					<SimpleData name="JALUR">A</SimpleData>
					<SimpleData name="KM">150+200</SimpleData>
					<SimpleData name="X">-6.96708</SimpleData>
					<SimpleData name="Y">107.705</SimpleData>
				</SchemaData>
			</ExtendedData>
			<Point>
				<coordinates>107.705435955439,-6.967084068014509,0</coordinates>
			</Point>
		</Placemark>
		<Placemark>
			<name>150+400</name>
			<styleUrl>#pointStyleMap</styleUrl>
			<Style id="inline">
				<IconStyle>
					<color>ffffffaa</color>
					<colorMode>normal</colorMode>
					<Icon>
						<href>http://maps.google.com/mapfiles/kml/pushpin/pink-pushpin.png</href>
					</Icon>
				</IconStyle>
				<LineStyle>
					<color>ffffffaa</color>
					<colorMode>normal</colorMode>
				</LineStyle>
				<PolyStyle>
					<color>ffffffaa</color>
					<colorMode>normal</colorMode>
				</PolyStyle>
			</Style>
			<ExtendedData>
				<SchemaData schemaUrl="#S_patok_heksa_MR_PDL_A_SSSDD">
					<SimpleData name="RUAS">PADALEUNYI</SimpleData>
					<SimpleData name="JALUR">A</SimpleData>
					<SimpleData name="KM">150+400</SimpleData>
					<SimpleData name="X">-6.96625</SimpleData>
					<SimpleData name="Y">107.707</SimpleData>
				</SchemaData>
			</ExtendedData>
			<Point>
				<coordinates>107.707034411576,-6.966252499209733,0</coordinates>
			</Point>
		</Placemark>
		<Placemark>
			<name>150+600</name>
			<styleUrl>#pointStyleMap</styleUrl>
			<Style id="inline">
				<IconStyle>
					<color>ffffffaa</color>
					<colorMode>normal</colorMode>
					<Icon>
						<href>http://maps.google.com/mapfiles/kml/pushpin/pink-pushpin.png</href>
					</Icon>
				</IconStyle>
				<LineStyle>
					<color>ffffffaa</color>
					<colorMode>normal</colorMode>
				</LineStyle>
				<PolyStyle>
					<color>ffffffaa</color>
					<colorMode>normal</colorMode>
				</PolyStyle>
			</Style>
			<ExtendedData>
				<SchemaData schemaUrl="#S_patok_heksa_MR_PDL_A_SSSDD">
					<SimpleData name="RUAS">PADALEUNYI</SimpleData>
					<SimpleData name="JALUR">A</SimpleData>
					<SimpleData name="KM">150+600</SimpleData>
					<SimpleData name="X">-6.96539</SimpleData>
					<SimpleData name="Y">107.709</SimpleData>
				</SchemaData>
			</ExtendedData>
			<Point>
				<coordinates>107.708648463512,-6.965385391709791,0</coordinates>
			</Point>
		</Placemark>
		<Placemark>
			<name>150+800</name>
			<styleUrl>#pointStyleMap</styleUrl>
			<Style id="inline">
				<IconStyle>
					<color>ffffffaa</color>
					<colorMode>normal</colorMode>
					<Icon>
						<href>http://maps.google.com/mapfiles/kml/pushpin/pink-pushpin.png</href>
					</Icon>
				</IconStyle>
				<LineStyle>
					<color>ffffffaa</color>
					<colorMode>normal</colorMode>
				</LineStyle>
				<PolyStyle>
					<color>ffffffaa</color>
					<colorMode>normal</colorMode>
				</PolyStyle>
			</Style>
			<ExtendedData>
				<SchemaData schemaUrl="#S_patok_heksa_MR_PDL_A_SSSDD">
					<SimpleData name="RUAS">PADALEUNYI</SimpleData>
					<SimpleData name="JALUR">A</SimpleData>
					<SimpleData name="KM">150+800</SimpleData>
					<SimpleData name="X">-6.96456</SimpleData>
					<SimpleData name="Y">107.71</SimpleData>
				</SchemaData>
			</ExtendedData>
			<Point>
				<coordinates>107.710256269749,-6.964558434353498,0</coordinates>
			</Point>
		</Placemark>
		<Placemark>
			<name>151+0</name>
			<styleUrl>#pointStyleMap</styleUrl>
			<Style id="inline">
				<IconStyle>
					<color>ffffffaa</color>
					<colorMode>normal</colorMode>
					<Icon>
						<href>http://maps.google.com/mapfiles/kml/pushpin/pink-pushpin.png</href>
					</Icon>
				</IconStyle>
				<LineStyle>
					<color>ffffffaa</color>
					<colorMode>normal</colorMode>
				</LineStyle>
				<PolyStyle>
					<color>ffffffaa</color>
					<colorMode>normal</colorMode>
				</PolyStyle>
			</Style>
			<ExtendedData>
				<SchemaData schemaUrl="#S_patok_heksa_MR_PDL_A_SSSDD">
					<SimpleData name="RUAS">PADALEUNYI</SimpleData>
					<SimpleData name="JALUR">A</SimpleData>
					<SimpleData name="KM">151+0</SimpleData>
					<SimpleData name="X">-6.96369</SimpleData>
					<SimpleData name="Y">107.712</SimpleData>
				</SchemaData>
			</ExtendedData>
			<Point>
				<coordinates>107.711871457526,-6.963692313140708,0</coordinates>
			</Point>
		</Placemark>
		<Placemark>
			<name>151+200</name>
			<styleUrl>#pointStyleMap</styleUrl>
			<Style id="inline">
				<IconStyle>
					<color>ffffffaa</color>
					<colorMode>normal</colorMode>
					<Icon>
						<href>http://maps.google.com/mapfiles/kml/pushpin/pink-pushpin.png</href>
					</Icon>
				</IconStyle>
				<LineStyle>
					<color>ffffffaa</color>
					<colorMode>normal</colorMode>
				</LineStyle>
				<PolyStyle>
					<color>ffffffaa</color>
					<colorMode>normal</colorMode>
				</PolyStyle>
			</Style>
			<ExtendedData>
				<SchemaData schemaUrl="#S_patok_heksa_MR_PDL_A_SSSDD">
					<SimpleData name="RUAS">PADALEUNYI</SimpleData>
					<SimpleData name="JALUR">A</SimpleData>
					<SimpleData name="KM">151+200</SimpleData>
					<SimpleData name="X">-6.96285</SimpleData>
					<SimpleData name="Y">107.713</SimpleData>
				</SchemaData>
			</ExtendedData>
			<Point>
				<coordinates>107.713474432473,-6.962854470455677,0</coordinates>
			</Point>
		</Placemark>
		<Placemark>
			<name>151+400</name>
			<styleUrl>#pointStyleMap</styleUrl>
			<Style id="inline">
				<IconStyle>
					<color>ffffffaa</color>
					<colorMode>normal</colorMode>
					<Icon>
						<href>http://maps.google.com/mapfiles/kml/pushpin/pink-pushpin.png</href>
					</Icon>
				</IconStyle>
				<LineStyle>
					<color>ffffffaa</color>
					<colorMode>normal</colorMode>
				</LineStyle>
				<PolyStyle>
					<color>ffffffaa</color>
					<colorMode>normal</colorMode>
				</PolyStyle>
			</Style>
			<ExtendedData>
				<SchemaData schemaUrl="#S_patok_heksa_MR_PDL_A_SSSDD">
					<SimpleData name="RUAS">PADALEUNYI</SimpleData>
					<SimpleData name="JALUR">A</SimpleData>
					<SimpleData name="KM">151+400</SimpleData>
					<SimpleData name="X">-6.96204</SimpleData>
					<SimpleData name="Y">107.715</SimpleData>
				</SchemaData>
			</ExtendedData>
			<Point>
				<coordinates>107.715074166195,-6.962036999669435,0</coordinates>
			</Point>
		</Placemark>
		<Placemark>
			<name>151+600</name>
			<styleUrl>#pointStyleMap</styleUrl>
			<Style id="inline">
				<IconStyle>
					<color>ffffffaa</color>
					<colorMode>normal</colorMode>
					<Icon>
						<href>http://maps.google.com/mapfiles/kml/pushpin/pink-pushpin.png</href>
					</Icon>
				</IconStyle>
				<LineStyle>
					<color>ffffffaa</color>
					<colorMode>normal</colorMode>
				</LineStyle>
				<PolyStyle>
					<color>ffffffaa</color>
					<colorMode>normal</colorMode>
				</PolyStyle>
			</Style>
			<ExtendedData>
				<SchemaData schemaUrl="#S_patok_heksa_MR_PDL_A_SSSDD">
					<SimpleData name="RUAS">PADALEUNYI</SimpleData>
					<SimpleData name="JALUR">A</SimpleData>
					<SimpleData name="KM">151+600</SimpleData>
					<SimpleData name="X">-6.9612</SimpleData>
					<SimpleData name="Y">107.717</SimpleData>
				</SchemaData>
			</ExtendedData>
			<Point>
				<coordinates>107.716669696792,-6.961203948674588,0</coordinates>
			</Point>
		</Placemark>
		<Placemark>
			<name>151+800</name>
			<styleUrl>#pointStyleMap</styleUrl>
			<Style id="inline">
				<IconStyle>
					<color>ffffffaa</color>
					<colorMode>normal</colorMode>
					<Icon>
						<href>http://maps.google.com/mapfiles/kml/pushpin/pink-pushpin.png</href>
					</Icon>
				</IconStyle>
				<LineStyle>
					<color>ffffffaa</color>
					<colorMode>normal</colorMode>
				</LineStyle>
				<PolyStyle>
					<color>ffffffaa</color>
					<colorMode>normal</colorMode>
				</PolyStyle>
			</Style>
			<ExtendedData>
				<SchemaData schemaUrl="#S_patok_heksa_MR_PDL_A_SSSDD">
					<SimpleData name="RUAS">PADALEUNYI</SimpleData>
					<SimpleData name="JALUR">A</SimpleData>
					<SimpleData name="KM">151+800</SimpleData>
					<SimpleData name="X">-6.96036</SimpleData>
					<SimpleData name="Y">107.718</SimpleData>
				</SchemaData>
			</ExtendedData>
			<Point>
				<coordinates>107.718262468217,-6.960360019656539,0</coordinates>
			</Point>
		</Placemark>
		<Placemark>
			<name>152+0</name>
			<styleUrl>#pointStyleMap</styleUrl>
			<Style id="inline">
				<IconStyle>
					<color>ffffffaa</color>
					<colorMode>normal</colorMode>
					<Icon>
						<href>http://maps.google.com/mapfiles/kml/pushpin/pink-pushpin.png</href>
					</Icon>
				</IconStyle>
				<LineStyle>
					<color>ffffffaa</color>
					<colorMode>normal</colorMode>
				</LineStyle>
				<PolyStyle>
					<color>ffffffaa</color>
					<colorMode>normal</colorMode>
				</PolyStyle>
			</Style>
			<ExtendedData>
				<SchemaData schemaUrl="#S_patok_heksa_MR_PDL_A_SSSDD">
					<SimpleData name="RUAS">PADALEUNYI</SimpleData>
					<SimpleData name="JALUR">A</SimpleData>
					<SimpleData name="KM">152+0</SimpleData>
					<SimpleData name="X">-6.95953</SimpleData>
					<SimpleData name="Y">107.72</SimpleData>
				</SchemaData>
			</ExtendedData>
			<Point>
				<coordinates>107.719846816873,-6.959532948436269,0</coordinates>
			</Point>
		</Placemark>
		<Placemark>
			<name>152+200</name>
			<styleUrl>#pointStyleMap</styleUrl>
			<Style id="inline">
				<IconStyle>
					<color>ffffffaa</color>
					<colorMode>normal</colorMode>
					<Icon>
						<href>http://maps.google.com/mapfiles/kml/pushpin/pink-pushpin.png</href>
					</Icon>
				</IconStyle>
				<LineStyle>
					<color>ffffffaa</color>
					<colorMode>normal</colorMode>
				</LineStyle>
				<PolyStyle>
					<color>ffffffaa</color>
					<colorMode>normal</colorMode>
				</PolyStyle>
			</Style>
			<ExtendedData>
				<SchemaData schemaUrl="#S_patok_heksa_MR_PDL_A_SSSDD">
					<SimpleData name="RUAS">PADALEUNYI</SimpleData>
					<SimpleData name="JALUR">A</SimpleData>
					<SimpleData name="KM">152+200</SimpleData>
					<SimpleData name="X">-6.95866</SimpleData>
					<SimpleData name="Y">107.721</SimpleData>
				</SchemaData>
			</ExtendedData>
			<Point>
				<coordinates>107.721438280379,-6.958661542589168,0</coordinates>
			</Point>
		</Placemark>
		<Placemark>
			<name>152+400</name>
			<styleUrl>#pointStyleMap</styleUrl>
			<Style id="inline">
				<IconStyle>
					<color>ffffffaa</color>
					<colorMode>normal</colorMode>
					<Icon>
						<href>http://maps.google.com/mapfiles/kml/pushpin/pink-pushpin.png</href>
					</Icon>
				</IconStyle>
				<LineStyle>
					<color>ffffffaa</color>
					<colorMode>normal</colorMode>
				</LineStyle>
				<PolyStyle>
					<color>ffffffaa</color>
					<colorMode>normal</colorMode>
				</PolyStyle>
			</Style>
			<ExtendedData>
				<SchemaData schemaUrl="#S_patok_heksa_MR_PDL_A_SSSDD">
					<SimpleData name="RUAS">PADALEUNYI</SimpleData>
					<SimpleData name="JALUR">A</SimpleData>
					<SimpleData name="KM">152+400</SimpleData>
					<SimpleData name="X">-6.95784</SimpleData>
					<SimpleData name="Y">107.723</SimpleData>
				</SchemaData>
			</ExtendedData>
			<Point>
				<coordinates>107.723064072808,-6.957838195170744,0</coordinates>
			</Point>
		</Placemark>
		<Placemark>
			<name>152+600</name>
			<styleUrl>#pointStyleMap</styleUrl>
			<Style id="inline">
				<IconStyle>
					<color>ffffffaa</color>
					<colorMode>normal</colorMode>
					<Icon>
						<href>http://maps.google.com/mapfiles/kml/pushpin/pink-pushpin.png</href>
					</Icon>
				</IconStyle>
				<LineStyle>
					<color>ffffffaa</color>
					<colorMode>normal</colorMode>
				</LineStyle>
				<PolyStyle>
					<color>ffffffaa</color>
					<colorMode>normal</colorMode>
				</PolyStyle>
			</Style>
			<ExtendedData>
				<SchemaData schemaUrl="#S_patok_heksa_MR_PDL_A_SSSDD">
					<SimpleData name="RUAS">PADALEUNYI</SimpleData>
					<SimpleData name="JALUR">A</SimpleData>
					<SimpleData name="KM">152+600</SimpleData>
					<SimpleData name="X">-6.95697</SimpleData>
					<SimpleData name="Y">107.725</SimpleData>
				</SchemaData>
			</ExtendedData>
			<Point>
				<coordinates>107.724647089307,-6.956973711812986,0</coordinates>
			</Point>
		</Placemark>
		<Placemark>
			<name>152+800</name>
			<styleUrl>#pointStyleMap</styleUrl>
			<Style id="inline">
				<IconStyle>
					<color>ffffffaa</color>
					<colorMode>normal</colorMode>
					<Icon>
						<href>http://maps.google.com/mapfiles/kml/pushpin/pink-pushpin.png</href>
					</Icon>
				</IconStyle>
				<LineStyle>
					<color>ffffffaa</color>
					<colorMode>normal</colorMode>
				</LineStyle>
				<PolyStyle>
					<color>ffffffaa</color>
					<colorMode>normal</colorMode>
				</PolyStyle>
			</Style>
			<ExtendedData>
				<SchemaData schemaUrl="#S_patok_heksa_MR_PDL_A_SSSDD">
					<SimpleData name="RUAS">PADALEUNYI</SimpleData>
					<SimpleData name="JALUR">A</SimpleData>
					<SimpleData name="KM">152+800</SimpleData>
					<SimpleData name="X">-6.95613</SimpleData>
					<SimpleData name="Y">107.726</SimpleData>
				</SchemaData>
			</ExtendedData>
			<Point>
				<coordinates>107.726247528759,-6.956134855623075,0</coordinates>
			</Point>
		</Placemark>
		<Placemark>
			<name>153+0</name>
			<styleUrl>#pointStyleMap</styleUrl>
			<Style id="inline">
				<IconStyle>
					<color>ffffffaa</color>
					<colorMode>normal</colorMode>
					<Icon>
						<href>http://maps.google.com/mapfiles/kml/pushpin/pink-pushpin.png</href>
					</Icon>
				</IconStyle>
				<LineStyle>
					<color>ffffffaa</color>
					<colorMode>normal</colorMode>
				</LineStyle>
				<PolyStyle>
					<color>ffffffaa</color>
					<colorMode>normal</colorMode>
				</PolyStyle>
			</Style>
			<ExtendedData>
				<SchemaData schemaUrl="#S_patok_heksa_MR_PDL_A_SSSDD">
					<SimpleData name="RUAS">PADALEUNYI</SimpleData>
					<SimpleData name="JALUR">A</SimpleData>
					<SimpleData name="KM">153+0</SimpleData>
					<SimpleData name="X">-6.95534</SimpleData>
					<SimpleData name="Y">107.728</SimpleData>
				</SchemaData>
			</ExtendedData>
			<Point>
				<coordinates>107.727862423671,-6.955340792314368,0</coordinates>
			</Point>
		</Placemark>
		<Placemark>
			<name>153+200</name>
			<styleUrl>#pointStyleMap</styleUrl>
			<Style id="inline">
				<IconStyle>
					<color>ffffffaa</color>
					<colorMode>normal</colorMode>
					<Icon>
						<href>http://maps.google.com/mapfiles/kml/pushpin/pink-pushpin.png</href>
					</Icon>
				</IconStyle>
				<LineStyle>
					<color>ffffffaa</color>
					<colorMode>normal</colorMode>
				</LineStyle>
				<PolyStyle>
					<color>ffffffaa</color>
					<colorMode>normal</colorMode>
				</PolyStyle>
			</Style>
			<ExtendedData>
				<SchemaData schemaUrl="#S_patok_heksa_MR_PDL_A_SSSDD">
					<SimpleData name="RUAS">PADALEUNYI</SimpleData>
					<SimpleData name="JALUR">A</SimpleData>
					<SimpleData name="KM">153+200</SimpleData>
					<SimpleData name="X">-6.95449</SimpleData>
					<SimpleData name="Y">107.729</SimpleData>
				</SchemaData>
			</ExtendedData>
			<Point>
				<coordinates>107.729456458942,-6.954489764790117,0</coordinates>
			</Point>
		</Placemark>
		<Placemark>
			<name>153+400</name>
			<styleUrl>#pointStyleMap</styleUrl>
			<Style id="inline">
				<IconStyle>
					<color>ffffffaa</color>
					<colorMode>normal</colorMode>
					<Icon>
						<href>http://maps.google.com/mapfiles/kml/pushpin/pink-pushpin.png</href>
					</Icon>
				</IconStyle>
				<LineStyle>
					<color>ffffffaa</color>
					<colorMode>normal</colorMode>
				</LineStyle>
				<PolyStyle>
					<color>ffffffaa</color>
					<colorMode>normal</colorMode>
				</PolyStyle>
			</Style>
			<ExtendedData>
				<SchemaData schemaUrl="#S_patok_heksa_MR_PDL_A_SSSDD">
					<SimpleData name="RUAS">PADALEUNYI</SimpleData>
					<SimpleData name="JALUR">A</SimpleData>
					<SimpleData name="KM">153+400</SimpleData>
					<SimpleData name="X">-6.95367</SimpleData>
					<SimpleData name="Y">107.731</SimpleData>
				</SchemaData>
			</ExtendedData>
			<Point>
				<coordinates>107.731051674273,-6.953670361511488,0</coordinates>
			</Point>
		</Placemark>
		<Placemark>
			<name>153+600</name>
			<styleUrl>#pointStyleMap</styleUrl>
			<Style id="inline">
				<IconStyle>
					<color>ffffffaa</color>
					<colorMode>normal</colorMode>
					<Icon>
						<href>http://maps.google.com/mapfiles/kml/pushpin/pink-pushpin.png</href>
					</Icon>
				</IconStyle>
				<LineStyle>
					<color>ffffffaa</color>
					<colorMode>normal</colorMode>
				</LineStyle>
				<PolyStyle>
					<color>ffffffaa</color>
					<colorMode>normal</colorMode>
				</PolyStyle>
			</Style>
			<ExtendedData>
				<SchemaData schemaUrl="#S_patok_heksa_MR_PDL_A_SSSDD">
					<SimpleData name="RUAS">PADALEUNYI</SimpleData>
					<SimpleData name="JALUR">A</SimpleData>
					<SimpleData name="KM">153+600</SimpleData>
					<SimpleData name="X">-6.95278</SimpleData>
					<SimpleData name="Y">107.733</SimpleData>
				</SchemaData>
			</ExtendedData>
			<Point>
				<coordinates>107.732633869371,-6.952775419041977,0</coordinates>
			</Point>
		</Placemark>
		<Placemark>
			<name>153+800</name>
			<styleUrl>#pointStyleMap</styleUrl>
			<Style id="inline">
				<IconStyle>
					<color>ffffffaa</color>
					<colorMode>normal</colorMode>
					<Icon>
						<href>http://maps.google.com/mapfiles/kml/pushpin/pink-pushpin.png</href>
					</Icon>
				</IconStyle>
				<LineStyle>
					<color>ffffffaa</color>
					<colorMode>normal</colorMode>
				</LineStyle>
				<PolyStyle>
					<color>ffffffaa</color>
					<colorMode>normal</colorMode>
				</PolyStyle>
			</Style>
			<ExtendedData>
				<SchemaData schemaUrl="#S_patok_heksa_MR_PDL_A_SSSDD">
					<SimpleData name="RUAS">PADALEUNYI</SimpleData>
					<SimpleData name="JALUR">A</SimpleData>
					<SimpleData name="KM">153+800</SimpleData>
					<SimpleData name="X">-6.95191</SimpleData>
					<SimpleData name="Y">107.734</SimpleData>
				</SchemaData>
			</ExtendedData>
			<Point>
				<coordinates>107.734228287595,-6.951910097462466,0</coordinates>
			</Point>
		</Placemark>
		<Placemark>
			<name>154+0</name>
			<styleUrl>#pointStyleMap</styleUrl>
			<Style id="inline">
				<IconStyle>
					<color>ffffffaa</color>
					<colorMode>normal</colorMode>
					<Icon>
						<href>http://maps.google.com/mapfiles/kml/pushpin/pink-pushpin.png</href>
					</Icon>
				</IconStyle>
				<LineStyle>
					<color>ffffffaa</color>
					<colorMode>normal</colorMode>
				</LineStyle>
				<PolyStyle>
					<color>ffffffaa</color>
					<colorMode>normal</colorMode>
				</PolyStyle>
			</Style>
			<ExtendedData>
				<SchemaData schemaUrl="#S_patok_heksa_MR_PDL_A_SSSDD">
					<SimpleData name="RUAS">PADALEUNYI</SimpleData>
					<SimpleData name="JALUR">A</SimpleData>
					<SimpleData name="KM">154+0</SimpleData>
					<SimpleData name="X">-6.95103</SimpleData>
					<SimpleData name="Y">107.736</SimpleData>
				</SchemaData>
			</ExtendedData>
			<Point>
				<coordinates>107.735810422866,-6.951029431197552,0</coordinates>
			</Point>
		</Placemark>
		<Placemark>
			<name>154+200</name>
			<styleUrl>#pointStyleMap</styleUrl>
			<Style id="inline">
				<IconStyle>
					<color>ffffffaa</color>
					<colorMode>normal</colorMode>
					<Icon>
						<href>http://maps.google.com/mapfiles/kml/pushpin/pink-pushpin.png</href>
					</Icon>
				</IconStyle>
				<LineStyle>
					<color>ffffffaa</color>
					<colorMode>normal</colorMode>
				</LineStyle>
				<PolyStyle>
					<color>ffffffaa</color>
					<colorMode>normal</colorMode>
				</PolyStyle>
			</Style>
			<ExtendedData>
				<SchemaData schemaUrl="#S_patok_heksa_MR_PDL_A_SSSDD">
					<SimpleData name="RUAS">PADALEUNYI</SimpleData>
					<SimpleData name="JALUR">A</SimpleData>
					<SimpleData name="KM">154+200</SimpleData>
					<SimpleData name="X">-6.95015</SimpleData>
					<SimpleData name="Y">107.737</SimpleData>
				</SchemaData>
			</ExtendedData>
			<Point>
				<coordinates>107.737380214503,-6.950150661918029,0</coordinates>
			</Point>
		</Placemark>
		<Placemark>
			<name>154+400</name>
			<styleUrl>#pointStyleMap</styleUrl>
			<Style id="inline">
				<IconStyle>
					<color>ffffffaa</color>
					<colorMode>normal</colorMode>
					<Icon>
						<href>http://maps.google.com/mapfiles/kml/pushpin/pink-pushpin.png</href>
					</Icon>
				</IconStyle>
				<LineStyle>
					<color>ffffffaa</color>
					<colorMode>normal</colorMode>
				</LineStyle>
				<PolyStyle>
					<color>ffffffaa</color>
					<colorMode>normal</colorMode>
				</PolyStyle>
			</Style>
			<ExtendedData>
				<SchemaData schemaUrl="#S_patok_heksa_MR_PDL_A_SSSDD">
					<SimpleData name="RUAS">PADALEUNYI</SimpleData>
					<SimpleData name="JALUR">A</SimpleData>
					<SimpleData name="KM">154+400</SimpleData>
					<SimpleData name="X">-6.9493</SimpleData>
					<SimpleData name="Y">107.739</SimpleData>
				</SchemaData>
			</ExtendedData>
			<Point>
				<coordinates>107.738967439937,-6.94929762813288,0</coordinates>
			</Point>
		</Placemark>
		<Placemark>
			<name>154+600</name>
			<styleUrl>#pointStyleMap</styleUrl>
			<Style id="inline">
				<IconStyle>
					<color>ffffffaa</color>
					<colorMode>normal</colorMode>
					<Icon>
						<href>http://maps.google.com/mapfiles/kml/pushpin/pink-pushpin.png</href>
					</Icon>
				</IconStyle>
				<LineStyle>
					<color>ffffffaa</color>
					<colorMode>normal</colorMode>
				</LineStyle>
				<PolyStyle>
					<color>ffffffaa</color>
					<colorMode>normal</colorMode>
				</PolyStyle>
			</Style>
			<ExtendedData>
				<SchemaData schemaUrl="#S_patok_heksa_MR_PDL_A_SSSDD">
					<SimpleData name="RUAS">PADALEUNYI</SimpleData>
					<SimpleData name="JALUR">A</SimpleData>
					<SimpleData name="KM">154+600</SimpleData>
					<SimpleData name="X">-6.94843</SimpleData>
					<SimpleData name="Y">107.741</SimpleData>
				</SchemaData>
			</ExtendedData>
			<Point>
				<coordinates>107.740558699228,-6.948429435749935,0</coordinates>
			</Point>
		</Placemark>
		<Placemark>
			<name>154+800</name>
			<styleUrl>#pointStyleMap</styleUrl>
			<Style id="inline">
				<IconStyle>
					<color>ffffffaa</color>
					<colorMode>normal</colorMode>
					<Icon>
						<href>http://maps.google.com/mapfiles/kml/pushpin/pink-pushpin.png</href>
					</Icon>
				</IconStyle>
				<LineStyle>
					<color>ffffffaa</color>
					<colorMode>normal</colorMode>
				</LineStyle>
				<PolyStyle>
					<color>ffffffaa</color>
					<colorMode>normal</colorMode>
				</PolyStyle>
			</Style>
			<ExtendedData>
				<SchemaData schemaUrl="#S_patok_heksa_MR_PDL_A_SSSDD">
					<SimpleData name="RUAS">PADALEUNYI</SimpleData>
					<SimpleData name="JALUR">A</SimpleData>
					<SimpleData name="KM">154+800</SimpleData>
					<SimpleData name="X">-6.94757</SimpleData>
					<SimpleData name="Y">107.742</SimpleData>
				</SchemaData>
			</ExtendedData>
			<Point>
				<coordinates>107.742131892425,-6.947566402512799,0</coordinates>
			</Point>
		</Placemark>
		<Placemark>
			<name>155+0</name>
			<styleUrl>#pointStyleMap</styleUrl>
			<Style id="inline">
				<IconStyle>
					<color>ffffffaa</color>
					<colorMode>normal</colorMode>
					<Icon>
						<href>http://maps.google.com/mapfiles/kml/pushpin/pink-pushpin.png</href>
					</Icon>
				</IconStyle>
				<LineStyle>
					<color>ffffffaa</color>
					<colorMode>normal</colorMode>
				</LineStyle>
				<PolyStyle>
					<color>ffffffaa</color>
					<colorMode>normal</colorMode>
				</PolyStyle>
			</Style>
			<ExtendedData>
				<SchemaData schemaUrl="#S_patok_heksa_MR_PDL_A_SSSDD">
					<SimpleData name="RUAS">PADALEUNYI</SimpleData>
					<SimpleData name="JALUR">A</SimpleData>
					<SimpleData name="KM">155+0</SimpleData>
					<SimpleData name="X">-6.94675</SimpleData>
					<SimpleData name="Y">107.744</SimpleData>
				</SchemaData>
			</ExtendedData>
			<Point>
				<coordinates>107.743753934184,-6.946749070359242,0</coordinates>
			</Point>
		</Placemark>
		<Placemark>
			<name>155+200</name>
			<styleUrl>#pointStyleMap</styleUrl>
			<Style id="inline">
				<IconStyle>
					<color>ffffffaa</color>
					<colorMode>normal</colorMode>
					<Icon>
						<href>http://maps.google.com/mapfiles/kml/pushpin/pink-pushpin.png</href>
					</Icon>
				</IconStyle>
				<LineStyle>
					<color>ffffffaa</color>
					<colorMode>normal</colorMode>
				</LineStyle>
				<PolyStyle>
					<color>ffffffaa</color>
					<colorMode>normal</colorMode>
				</PolyStyle>
			</Style>
			<ExtendedData>
				<SchemaData schemaUrl="#S_patok_heksa_MR_PDL_A_SSSDD">
					<SimpleData name="RUAS">PADALEUNYI</SimpleData>
					<SimpleData name="JALUR">A</SimpleData>
					<SimpleData name="KM">155+200</SimpleData>
					<SimpleData name="X">-6.94598</SimpleData>
					<SimpleData name="Y">107.745</SimpleData>
				</SchemaData>
			</ExtendedData>
			<Point>
				<coordinates>107.745384873999,-6.945975986442079,0</coordinates>
			</Point>
		</Placemark>
		<Placemark>
			<name>155+400</name>
			<styleUrl>#pointStyleMap</styleUrl>
			<Style id="inline">
				<IconStyle>
					<color>ffffffaa</color>
					<colorMode>normal</colorMode>
					<Icon>
						<href>http://maps.google.com/mapfiles/kml/pushpin/pink-pushpin.png</href>
					</Icon>
				</IconStyle>
				<LineStyle>
					<color>ffffffaa</color>
					<colorMode>normal</colorMode>
				</LineStyle>
				<PolyStyle>
					<color>ffffffaa</color>
					<colorMode>normal</colorMode>
				</PolyStyle>
			</Style>
			<ExtendedData>
				<SchemaData schemaUrl="#S_patok_heksa_MR_PDL_A_SSSDD">
					<SimpleData name="RUAS">PADALEUNYI</SimpleData>
					<SimpleData name="JALUR">A</SimpleData>
					<SimpleData name="KM">155+400</SimpleData>
					<SimpleData name="X">-6.94527</SimpleData>
					<SimpleData name="Y">107.747</SimpleData>
				</SchemaData>
			</ExtendedData>
			<Point>
				<coordinates>107.747042852554,-6.945268869451978,0</coordinates>
			</Point>
		</Placemark>
		<Placemark>
			<name>155+600</name>
			<styleUrl>#pointStyleMap</styleUrl>
			<Style id="inline">
				<IconStyle>
					<color>ffffffaa</color>
					<colorMode>normal</colorMode>
					<Icon>
						<href>http://maps.google.com/mapfiles/kml/pushpin/pink-pushpin.png</href>
					</Icon>
				</IconStyle>
				<LineStyle>
					<color>ffffffaa</color>
					<colorMode>normal</colorMode>
				</LineStyle>
				<PolyStyle>
					<color>ffffffaa</color>
					<colorMode>normal</colorMode>
				</PolyStyle>
			</Style>
			<ExtendedData>
				<SchemaData schemaUrl="#S_patok_heksa_MR_PDL_A_SSSDD">
					<SimpleData name="RUAS">PADALEUNYI</SimpleData>
					<SimpleData name="JALUR">A</SimpleData>
					<SimpleData name="KM">155+600</SimpleData>
					<SimpleData name="X">-6.94439</SimpleData>
					<SimpleData name="Y">107.749</SimpleData>
				</SchemaData>
			</ExtendedData>
			<Point>
				<coordinates>107.748699496511,-6.944389480067946,0</coordinates>
			</Point>
		</Placemark>
		<Placemark>
			<name>155+800</name>
			<styleUrl>#pointStyleMap</styleUrl>
			<Style id="inline">
				<IconStyle>
					<color>ffffffaa</color>
					<colorMode>normal</colorMode>
					<Icon>
						<href>http://maps.google.com/mapfiles/kml/pushpin/pink-pushpin.png</href>
					</Icon>
				</IconStyle>
				<LineStyle>
					<color>ffffffaa</color>
					<colorMode>normal</colorMode>
				</LineStyle>
				<PolyStyle>
					<color>ffffffaa</color>
					<colorMode>normal</colorMode>
				</PolyStyle>
			</Style>
			<ExtendedData>
				<SchemaData schemaUrl="#S_patok_heksa_MR_PDL_A_SSSDD">
					<SimpleData name="RUAS">PADALEUNYI</SimpleData>
					<SimpleData name="JALUR">A</SimpleData>
					<SimpleData name="KM">155+800</SimpleData>
					<SimpleData name="X">-6.9439</SimpleData>
					<SimpleData name="Y">107.75</SimpleData>
				</SchemaData>
			</ExtendedData>
			<Point>
				<coordinates>107.750456915201,-6.943899713844308,0</coordinates>
			</Point>
		</Placemark>
		<atom:link rel="app" href="https://www.google.com/earth/about/versions/#earth-pro" title="Google Earth Pro 7.3.6.10201"></atom:link>
	</Folder>
</Document>
</kml>
