<?xml version="1.0" encoding="UTF-8"?>
<kml xmlns="http://www.opengis.net/kml/2.2" xmlns:gx="http://www.google.com/kml/ext/2.2" xmlns:kml="http://www.opengis.net/kml/2.2" xmlns:atom="http://www.w3.org/2005/Atom">
<Document>
	<name>patok heksa MR CPL B.kml</name>
	<Schema name="patok heksa MR CPL B " id="S_patok_heksa_MR_CPL_B__SSDD">
		<SimpleField type="string" name="KM"><displayName>&lt;b&gt;KM&lt;/b&gt;</displayName>
</SimpleField>
		<SimpleField type="string" name="JALUR"><displayName>&lt;b&gt;JALUR&lt;/b&gt;</displayName>
</SimpleField>
		<SimpleField type="double" name="X"><displayName>&lt;b&gt;X&lt;/b&gt;</displayName>
</SimpleField>
		<SimpleField type="double" name="Y"><displayName>&lt;b&gt;Y&lt;/b&gt;</displayName>
</SimpleField>
	</Schema>
	<Style id="hlightPointStyle">
		<IconStyle>
			<Icon>
				<href>http://maps.google.com/mapfiles/kml/shapes/placemark_circle_highlight.png</href>
			</Icon>
		</IconStyle>
		<BalloonStyle>
			<text><![CDATA[<table border="0">
  <tr><td><b>KM</b></td><td>$[patok heksa MR CPL B /KM]</td></tr>
  <tr><td><b>JALUR</b></td><td>$[patok heksa MR CPL B /JALUR]</td></tr>
  <tr><td><b>X</b></td><td>$[patok heksa MR CPL B /X]</td></tr>
  <tr><td><b>Y</b></td><td>$[patok heksa MR CPL B /Y]</td></tr>
</table>]]></text>
		</BalloonStyle>
	</Style>
	<Style id="normPointStyle">
		<IconStyle>
			<Icon>
				<href>http://maps.google.com/mapfiles/kml/shapes/placemark_circle.png</href>
			</Icon>
		</IconStyle>
		<BalloonStyle>
			<text><![CDATA[<table border="0">
  <tr><td><b>KM</b></td><td>$[patok heksa MR CPL B /KM]</td></tr>
  <tr><td><b>JALUR</b></td><td>$[patok heksa MR CPL B /JALUR]</td></tr>
  <tr><td><b>X</b></td><td>$[patok heksa MR CPL B /X]</td></tr>
  <tr><td><b>Y</b></td><td>$[patok heksa MR CPL B /Y]</td></tr>
</table>]]></text>
		</BalloonStyle>
	</Style>
	<StyleMap id="pointStyleMap">
		<Pair>
			<key>normal</key>
			<styleUrl>#normPointStyle</styleUrl>
		</Pair>
		<Pair>
			<key>highlight</key>
			<styleUrl>#hlightPointStyle</styleUrl>
		</Pair>
	</StyleMap>
	<Folder id="layer 0">
		<name>patok heksa MR CPL B</name>
		<Placemark>
			<name>67+0</name>
			<styleUrl>#pointStyleMap</styleUrl>
			<Style id="inline">
				<IconStyle>
					<color>ffffffaa</color>
					<colorMode>normal</colorMode>
					<Icon>
						<href>http://maps.google.com/mapfiles/kml/pushpin/pink-pushpin.png</href>
					</Icon>
				</IconStyle>
				<LineStyle>
					<color>ffffffaa</color>
					<colorMode>normal</colorMode>
				</LineStyle>
				<PolyStyle>
					<color>ffffffaa</color>
					<colorMode>normal</colorMode>
				</PolyStyle>
			</Style>
			<ExtendedData>
				<SchemaData schemaUrl="#S_patok_heksa_MR_CPL_B__SSDD">
					<SimpleData name="KM">67+0</SimpleData>
					<SimpleData name="JALUR">B</SimpleData>
					<SimpleData name="X">-6.42381</SimpleData>
					<SimpleData name="Y">107.424</SimpleData>
				</SchemaData>
			</ExtendedData>
			<Point>
				<coordinates>107.424463089635,-6.423805791849637,0</coordinates>
			</Point>
		</Placemark>
		<Placemark>
			<name>67+200</name>
			<styleUrl>#pointStyleMap</styleUrl>
			<Style id="inline">
				<IconStyle>
					<color>ffffffaa</color>
					<colorMode>normal</colorMode>
					<Icon>
						<href>http://maps.google.com/mapfiles/kml/pushpin/pink-pushpin.png</href>
					</Icon>
				</IconStyle>
				<LineStyle>
					<color>ffffffaa</color>
					<colorMode>normal</colorMode>
				</LineStyle>
				<PolyStyle>
					<color>ffffffaa</color>
					<colorMode>normal</colorMode>
				</PolyStyle>
			</Style>
			<ExtendedData>
				<SchemaData schemaUrl="#S_patok_heksa_MR_CPL_B__SSDD">
					<SimpleData name="KM">67+200</SimpleData>
					<SimpleData name="JALUR">B</SimpleData>
					<SimpleData name="X">-6.42539</SimpleData>
					<SimpleData name="Y">107.425</SimpleData>
				</SchemaData>
			</ExtendedData>
			<Point>
				<coordinates>107.424681566549,-6.425390736623083,0</coordinates>
			</Point>
		</Placemark>
		<Placemark>
			<name>67+400</name>
			<styleUrl>#pointStyleMap</styleUrl>
			<Style id="inline">
				<IconStyle>
					<color>ffffffaa</color>
					<colorMode>normal</colorMode>
					<Icon>
						<href>http://maps.google.com/mapfiles/kml/pushpin/pink-pushpin.png</href>
					</Icon>
				</IconStyle>
				<LineStyle>
					<color>ffffffaa</color>
					<colorMode>normal</colorMode>
				</LineStyle>
				<PolyStyle>
					<color>ffffffaa</color>
					<colorMode>normal</colorMode>
				</PolyStyle>
			</Style>
			<ExtendedData>
				<SchemaData schemaUrl="#S_patok_heksa_MR_CPL_B__SSDD">
					<SimpleData name="KM">67+400</SimpleData>
					<SimpleData name="JALUR">B</SimpleData>
					<SimpleData name="X">-6.42716</SimpleData>
					<SimpleData name="Y">107.425</SimpleData>
				</SchemaData>
			</ExtendedData>
			<Point>
				<coordinates>107.424728345256,-6.427161876019687,0</coordinates>
			</Point>
		</Placemark>
		<Placemark>
			<name>67+600</name>
			<styleUrl>#pointStyleMap</styleUrl>
			<Style id="inline">
				<IconStyle>
					<color>ffffffaa</color>
					<colorMode>normal</colorMode>
					<Icon>
						<href>http://maps.google.com/mapfiles/kml/pushpin/pink-pushpin.png</href>
					</Icon>
				</IconStyle>
				<LineStyle>
					<color>ffffffaa</color>
					<colorMode>normal</colorMode>
				</LineStyle>
				<PolyStyle>
					<color>ffffffaa</color>
					<colorMode>normal</colorMode>
				</PolyStyle>
			</Style>
			<ExtendedData>
				<SchemaData schemaUrl="#S_patok_heksa_MR_CPL_B__SSDD">
					<SimpleData name="KM">67+600</SimpleData>
					<SimpleData name="JALUR">B</SimpleData>
					<SimpleData name="X">-6.42896</SimpleData>
					<SimpleData name="Y">107.424</SimpleData>
				</SchemaData>
			</ExtendedData>
			<Point>
				<coordinates>107.424419849647,-6.428962104036804,0</coordinates>
			</Point>
		</Placemark>
		<Placemark>
			<name>67+800</name>
			<styleUrl>#pointStyleMap</styleUrl>
			<Style id="inline">
				<IconStyle>
					<color>ffffffaa</color>
					<colorMode>normal</colorMode>
					<Icon>
						<href>http://maps.google.com/mapfiles/kml/pushpin/pink-pushpin.png</href>
					</Icon>
				</IconStyle>
				<LineStyle>
					<color>ffffffaa</color>
					<colorMode>normal</colorMode>
				</LineStyle>
				<PolyStyle>
					<color>ffffffaa</color>
					<colorMode>normal</colorMode>
				</PolyStyle>
			</Style>
			<ExtendedData>
				<SchemaData schemaUrl="#S_patok_heksa_MR_CPL_B__SSDD">
					<SimpleData name="KM">67+800</SimpleData>
					<SimpleData name="JALUR">B</SimpleData>
					<SimpleData name="X">-6.43086</SimpleData>
					<SimpleData name="Y">107.425</SimpleData>
				</SchemaData>
			</ExtendedData>
			<Point>
				<coordinates>107.424518007599,-6.430856794286857,0</coordinates>
			</Point>
		</Placemark>
		<Placemark>
			<name>68+0</name>
			<styleUrl>#pointStyleMap</styleUrl>
			<Style id="inline">
				<IconStyle>
					<color>ffffffaa</color>
					<colorMode>normal</colorMode>
					<Icon>
						<href>http://maps.google.com/mapfiles/kml/pushpin/pink-pushpin.png</href>
					</Icon>
				</IconStyle>
				<LineStyle>
					<color>ffffffaa</color>
					<colorMode>normal</colorMode>
				</LineStyle>
				<PolyStyle>
					<color>ffffffaa</color>
					<colorMode>normal</colorMode>
				</PolyStyle>
			</Style>
			<ExtendedData>
				<SchemaData schemaUrl="#S_patok_heksa_MR_CPL_B__SSDD">
					<SimpleData name="KM">68+0</SimpleData>
					<SimpleData name="JALUR">B</SimpleData>
					<SimpleData name="X">-6.43268</SimpleData>
					<SimpleData name="Y">107.425</SimpleData>
				</SchemaData>
			</ExtendedData>
			<Point>
				<coordinates>107.424654443528,-6.432675208601301,0</coordinates>
			</Point>
		</Placemark>
		<Placemark>
			<name>68+200</name>
			<styleUrl>#pointStyleMap</styleUrl>
			<Style id="inline">
				<IconStyle>
					<color>ffffffaa</color>
					<colorMode>normal</colorMode>
					<Icon>
						<href>http://maps.google.com/mapfiles/kml/pushpin/pink-pushpin.png</href>
					</Icon>
				</IconStyle>
				<LineStyle>
					<color>ffffffaa</color>
					<colorMode>normal</colorMode>
				</LineStyle>
				<PolyStyle>
					<color>ffffffaa</color>
					<colorMode>normal</colorMode>
				</PolyStyle>
			</Style>
			<ExtendedData>
				<SchemaData schemaUrl="#S_patok_heksa_MR_CPL_B__SSDD">
					<SimpleData name="KM">68+200</SimpleData>
					<SimpleData name="JALUR">B</SimpleData>
					<SimpleData name="X">-6.4345</SimpleData>
					<SimpleData name="Y">107.425</SimpleData>
				</SchemaData>
			</ExtendedData>
			<Point>
				<coordinates>107.424808203778,-6.434496256478774,0</coordinates>
			</Point>
		</Placemark>
		<Placemark>
			<name>68+400</name>
			<styleUrl>#pointStyleMap</styleUrl>
			<Style id="inline">
				<IconStyle>
					<color>ffffffaa</color>
					<colorMode>normal</colorMode>
					<Icon>
						<href>http://maps.google.com/mapfiles/kml/pushpin/pink-pushpin.png</href>
					</Icon>
				</IconStyle>
				<LineStyle>
					<color>ffffffaa</color>
					<colorMode>normal</colorMode>
				</LineStyle>
				<PolyStyle>
					<color>ffffffaa</color>
					<colorMode>normal</colorMode>
				</PolyStyle>
			</Style>
			<ExtendedData>
				<SchemaData schemaUrl="#S_patok_heksa_MR_CPL_B__SSDD">
					<SimpleData name="KM">68+400</SimpleData>
					<SimpleData name="JALUR">B</SimpleData>
					<SimpleData name="X">-6.43625</SimpleData>
					<SimpleData name="Y">107.425</SimpleData>
				</SchemaData>
			</ExtendedData>
			<Point>
				<coordinates>107.42504864894,-6.436249298663929,0</coordinates>
			</Point>
		</Placemark>
		<Placemark>
			<name>68+600</name>
			<styleUrl>#pointStyleMap</styleUrl>
			<Style id="inline">
				<IconStyle>
					<color>ffffffaa</color>
					<colorMode>normal</colorMode>
					<Icon>
						<href>http://maps.google.com/mapfiles/kml/pushpin/pink-pushpin.png</href>
					</Icon>
				</IconStyle>
				<LineStyle>
					<color>ffffffaa</color>
					<colorMode>normal</colorMode>
				</LineStyle>
				<PolyStyle>
					<color>ffffffaa</color>
					<colorMode>normal</colorMode>
				</PolyStyle>
			</Style>
			<ExtendedData>
				<SchemaData schemaUrl="#S_patok_heksa_MR_CPL_B__SSDD">
					<SimpleData name="KM">68+600</SimpleData>
					<SimpleData name="JALUR">B</SimpleData>
					<SimpleData name="X">-6.43806</SimpleData>
					<SimpleData name="Y">107.425</SimpleData>
				</SchemaData>
			</ExtendedData>
			<Point>
				<coordinates>107.425457882239,-6.438060092252185,0</coordinates>
			</Point>
		</Placemark>
		<Placemark>
			<name>68+800</name>
			<styleUrl>#pointStyleMap</styleUrl>
			<Style id="inline">
				<IconStyle>
					<color>ffffffaa</color>
					<colorMode>normal</colorMode>
					<Icon>
						<href>http://maps.google.com/mapfiles/kml/pushpin/pink-pushpin.png</href>
					</Icon>
				</IconStyle>
				<LineStyle>
					<color>ffffffaa</color>
					<colorMode>normal</colorMode>
				</LineStyle>
				<PolyStyle>
					<color>ffffffaa</color>
					<colorMode>normal</colorMode>
				</PolyStyle>
			</Style>
			<ExtendedData>
				<SchemaData schemaUrl="#S_patok_heksa_MR_CPL_B__SSDD">
					<SimpleData name="KM">68+800</SimpleData>
					<SimpleData name="JALUR">B</SimpleData>
					<SimpleData name="X">-6.43981</SimpleData>
					<SimpleData name="Y">107.426</SimpleData>
				</SchemaData>
			</ExtendedData>
			<Point>
				<coordinates>107.425950617102,-6.439806218499537,0</coordinates>
			</Point>
		</Placemark>
		<Placemark>
			<name>69+0</name>
			<styleUrl>#pointStyleMap</styleUrl>
			<Style id="inline">
				<IconStyle>
					<color>ffffffaa</color>
					<colorMode>normal</colorMode>
					<Icon>
						<href>http://maps.google.com/mapfiles/kml/pushpin/pink-pushpin.png</href>
					</Icon>
				</IconStyle>
				<LineStyle>
					<color>ffffffaa</color>
					<colorMode>normal</colorMode>
				</LineStyle>
				<PolyStyle>
					<color>ffffffaa</color>
					<colorMode>normal</colorMode>
				</PolyStyle>
			</Style>
			<ExtendedData>
				<SchemaData schemaUrl="#S_patok_heksa_MR_CPL_B__SSDD">
					<SimpleData name="KM">69+0</SimpleData>
					<SimpleData name="JALUR">B</SimpleData>
					<SimpleData name="X">-6.44149</SimpleData>
					<SimpleData name="Y">107.427</SimpleData>
				</SchemaData>
			</ExtendedData>
			<Point>
				<coordinates>107.426566416997,-6.441488839467635,0</coordinates>
			</Point>
		</Placemark>
		<Placemark>
			<name>69+200</name>
			<styleUrl>#pointStyleMap</styleUrl>
			<Style id="inline">
				<IconStyle>
					<color>ffffffaa</color>
					<colorMode>normal</colorMode>
					<Icon>
						<href>http://maps.google.com/mapfiles/kml/pushpin/pink-pushpin.png</href>
					</Icon>
				</IconStyle>
				<LineStyle>
					<color>ffffffaa</color>
					<colorMode>normal</colorMode>
				</LineStyle>
				<PolyStyle>
					<color>ffffffaa</color>
					<colorMode>normal</colorMode>
				</PolyStyle>
			</Style>
			<ExtendedData>
				<SchemaData schemaUrl="#S_patok_heksa_MR_CPL_B__SSDD">
					<SimpleData name="KM">69+200</SimpleData>
					<SimpleData name="JALUR">B</SimpleData>
					<SimpleData name="X">-6.44318</SimpleData>
					<SimpleData name="Y">107.427</SimpleData>
				</SchemaData>
			</ExtendedData>
			<Point>
				<coordinates>107.427410515284,-6.4431777119484,0</coordinates>
			</Point>
		</Placemark>
		<Placemark>
			<name>69+400</name>
			<styleUrl>#pointStyleMap</styleUrl>
			<Style id="inline">
				<IconStyle>
					<color>ffffffaa</color>
					<colorMode>normal</colorMode>
					<Icon>
						<href>http://maps.google.com/mapfiles/kml/pushpin/pink-pushpin.png</href>
					</Icon>
				</IconStyle>
				<LineStyle>
					<color>ffffffaa</color>
					<colorMode>normal</colorMode>
				</LineStyle>
				<PolyStyle>
					<color>ffffffaa</color>
					<colorMode>normal</colorMode>
				</PolyStyle>
			</Style>
			<ExtendedData>
				<SchemaData schemaUrl="#S_patok_heksa_MR_CPL_B__SSDD">
					<SimpleData name="KM">69+400</SimpleData>
					<SimpleData name="JALUR">B</SimpleData>
					<SimpleData name="X">-6.44472</SimpleData>
					<SimpleData name="Y">107.428</SimpleData>
				</SchemaData>
			</ExtendedData>
			<Point>
				<coordinates>107.428413735123,-6.444724615396675,0</coordinates>
			</Point>
		</Placemark>
		<Placemark>
			<name>69+600</name>
			<styleUrl>#pointStyleMap</styleUrl>
			<Style id="inline">
				<IconStyle>
					<color>ffffffaa</color>
					<colorMode>normal</colorMode>
					<Icon>
						<href>http://maps.google.com/mapfiles/kml/pushpin/pink-pushpin.png</href>
					</Icon>
				</IconStyle>
				<LineStyle>
					<color>ffffffaa</color>
					<colorMode>normal</colorMode>
				</LineStyle>
				<PolyStyle>
					<color>ffffffaa</color>
					<colorMode>normal</colorMode>
				</PolyStyle>
			</Style>
			<ExtendedData>
				<SchemaData schemaUrl="#S_patok_heksa_MR_CPL_B__SSDD">
					<SimpleData name="KM">69+600</SimpleData>
					<SimpleData name="JALUR">B</SimpleData>
					<SimpleData name="X">-6.44618</SimpleData>
					<SimpleData name="Y">107.43</SimpleData>
				</SchemaData>
			</ExtendedData>
			<Point>
				<coordinates>107.429546631241,-6.446176903198852,0</coordinates>
			</Point>
		</Placemark>
		<Placemark>
			<name>69+800</name>
			<styleUrl>#pointStyleMap</styleUrl>
			<Style id="inline">
				<IconStyle>
					<color>ffffffaa</color>
					<colorMode>normal</colorMode>
					<Icon>
						<href>http://maps.google.com/mapfiles/kml/pushpin/pink-pushpin.png</href>
					</Icon>
				</IconStyle>
				<LineStyle>
					<color>ffffffaa</color>
					<colorMode>normal</colorMode>
				</LineStyle>
				<PolyStyle>
					<color>ffffffaa</color>
					<colorMode>normal</colorMode>
				</PolyStyle>
			</Style>
			<ExtendedData>
				<SchemaData schemaUrl="#S_patok_heksa_MR_CPL_B__SSDD">
					<SimpleData name="KM">69+800</SimpleData>
					<SimpleData name="JALUR">B</SimpleData>
					<SimpleData name="X">-6.44762</SimpleData>
					<SimpleData name="Y">107.431</SimpleData>
				</SchemaData>
			</ExtendedData>
			<Point>
				<coordinates>107.430600647232,-6.447623440499434,0</coordinates>
			</Point>
		</Placemark>
		<Placemark>
			<name>70+0</name>
			<styleUrl>#pointStyleMap</styleUrl>
			<Style id="inline">
				<IconStyle>
					<color>ffffffaa</color>
					<colorMode>normal</colorMode>
					<Icon>
						<href>http://maps.google.com/mapfiles/kml/pushpin/pink-pushpin.png</href>
					</Icon>
				</IconStyle>
				<LineStyle>
					<color>ffffffaa</color>
					<colorMode>normal</colorMode>
				</LineStyle>
				<PolyStyle>
					<color>ffffffaa</color>
					<colorMode>normal</colorMode>
				</PolyStyle>
			</Style>
			<ExtendedData>
				<SchemaData schemaUrl="#S_patok_heksa_MR_CPL_B__SSDD">
					<SimpleData name="KM">70+0</SimpleData>
					<SimpleData name="JALUR">B</SimpleData>
					<SimpleData name="X">-6.44917</SimpleData>
					<SimpleData name="Y">107.432</SimpleData>
				</SchemaData>
			</ExtendedData>
			<Point>
				<coordinates>107.431555098509,-6.449168182916855,0</coordinates>
			</Point>
		</Placemark>
		<Placemark>
			<name>70+200</name>
			<styleUrl>#pointStyleMap</styleUrl>
			<Style id="inline">
				<IconStyle>
					<color>ffffffaa</color>
					<colorMode>normal</colorMode>
					<Icon>
						<href>http://maps.google.com/mapfiles/kml/pushpin/pink-pushpin.png</href>
					</Icon>
				</IconStyle>
				<LineStyle>
					<color>ffffffaa</color>
					<colorMode>normal</colorMode>
				</LineStyle>
				<PolyStyle>
					<color>ffffffaa</color>
					<colorMode>normal</colorMode>
				</PolyStyle>
			</Style>
			<ExtendedData>
				<SchemaData schemaUrl="#S_patok_heksa_MR_CPL_B__SSDD">
					<SimpleData name="KM">70+200</SimpleData>
					<SimpleData name="JALUR">B</SimpleData>
					<SimpleData name="X">-6.45076</SimpleData>
					<SimpleData name="Y">107.432</SimpleData>
				</SchemaData>
			</ExtendedData>
			<Point>
				<coordinates>107.432352977616,-6.450762681093809,0</coordinates>
			</Point>
		</Placemark>
		<Placemark>
			<name>70+400</name>
			<styleUrl>#pointStyleMap</styleUrl>
			<Style id="inline">
				<IconStyle>
					<color>ffffffaa</color>
					<colorMode>normal</colorMode>
					<Icon>
						<href>http://maps.google.com/mapfiles/kml/pushpin/pink-pushpin.png</href>
					</Icon>
				</IconStyle>
				<LineStyle>
					<color>ffffffaa</color>
					<colorMode>normal</colorMode>
				</LineStyle>
				<PolyStyle>
					<color>ffffffaa</color>
					<colorMode>normal</colorMode>
				</PolyStyle>
			</Style>
			<ExtendedData>
				<SchemaData schemaUrl="#S_patok_heksa_MR_CPL_B__SSDD">
					<SimpleData name="KM">70+400</SimpleData>
					<SimpleData name="JALUR">B</SimpleData>
					<SimpleData name="X">-6.45244</SimpleData>
					<SimpleData name="Y">107.433</SimpleData>
				</SchemaData>
			</ExtendedData>
			<Point>
				<coordinates>107.433054390824,-6.452435589495615,0</coordinates>
			</Point>
		</Placemark>
		<Placemark>
			<name>70+600</name>
			<styleUrl>#pointStyleMap</styleUrl>
			<Style id="inline">
				<IconStyle>
					<color>ffffffaa</color>
					<colorMode>normal</colorMode>
					<Icon>
						<href>http://maps.google.com/mapfiles/kml/pushpin/pink-pushpin.png</href>
					</Icon>
				</IconStyle>
				<LineStyle>
					<color>ffffffaa</color>
					<colorMode>normal</colorMode>
				</LineStyle>
				<PolyStyle>
					<color>ffffffaa</color>
					<colorMode>normal</colorMode>
				</PolyStyle>
			</Style>
			<ExtendedData>
				<SchemaData schemaUrl="#S_patok_heksa_MR_CPL_B__SSDD">
					<SimpleData name="KM">70+600</SimpleData>
					<SimpleData name="JALUR">B</SimpleData>
					<SimpleData name="X">-6.45416</SimpleData>
					<SimpleData name="Y">107.434</SimpleData>
				</SchemaData>
			</ExtendedData>
			<Point>
				<coordinates>107.433679822263,-6.454155456062298,0</coordinates>
			</Point>
		</Placemark>
		<Placemark>
			<name>70+800</name>
			<styleUrl>#pointStyleMap</styleUrl>
			<Style id="inline">
				<IconStyle>
					<color>ffffffaa</color>
					<colorMode>normal</colorMode>
					<Icon>
						<href>http://maps.google.com/mapfiles/kml/pushpin/pink-pushpin.png</href>
					</Icon>
				</IconStyle>
				<LineStyle>
					<color>ffffffaa</color>
					<colorMode>normal</colorMode>
				</LineStyle>
				<PolyStyle>
					<color>ffffffaa</color>
					<colorMode>normal</colorMode>
				</PolyStyle>
			</Style>
			<ExtendedData>
				<SchemaData schemaUrl="#S_patok_heksa_MR_CPL_B__SSDD">
					<SimpleData name="KM">70+800</SimpleData>
					<SimpleData name="JALUR">B</SimpleData>
					<SimpleData name="X">-6.45578</SimpleData>
					<SimpleData name="Y">107.435</SimpleData>
				</SchemaData>
			</ExtendedData>
			<Point>
				<coordinates>107.434553959539,-6.455776176944818,0</coordinates>
			</Point>
		</Placemark>
		<Placemark>
			<name>71+0</name>
			<styleUrl>#pointStyleMap</styleUrl>
			<Style id="inline">
				<IconStyle>
					<color>ffffffaa</color>
					<colorMode>normal</colorMode>
					<Icon>
						<href>http://maps.google.com/mapfiles/kml/pushpin/pink-pushpin.png</href>
					</Icon>
				</IconStyle>
				<LineStyle>
					<color>ffffffaa</color>
					<colorMode>normal</colorMode>
				</LineStyle>
				<PolyStyle>
					<color>ffffffaa</color>
					<colorMode>normal</colorMode>
				</PolyStyle>
			</Style>
			<ExtendedData>
				<SchemaData schemaUrl="#S_patok_heksa_MR_CPL_B__SSDD">
					<SimpleData name="KM">71+0</SimpleData>
					<SimpleData name="JALUR">B</SimpleData>
					<SimpleData name="X">-6.45721</SimpleData>
					<SimpleData name="Y">107.436</SimpleData>
				</SchemaData>
			</ExtendedData>
			<Point>
				<coordinates>107.43575676006,-6.457210712775783,0</coordinates>
			</Point>
		</Placemark>
		<Placemark>
			<name>71+200</name>
			<styleUrl>#pointStyleMap</styleUrl>
			<Style id="inline">
				<IconStyle>
					<color>ffffffaa</color>
					<colorMode>normal</colorMode>
					<Icon>
						<href>http://maps.google.com/mapfiles/kml/pushpin/pink-pushpin.png</href>
					</Icon>
				</IconStyle>
				<LineStyle>
					<color>ffffffaa</color>
					<colorMode>normal</colorMode>
				</LineStyle>
				<PolyStyle>
					<color>ffffffaa</color>
					<colorMode>normal</colorMode>
				</PolyStyle>
			</Style>
			<ExtendedData>
				<SchemaData schemaUrl="#S_patok_heksa_MR_CPL_B__SSDD">
					<SimpleData name="KM">71+200</SimpleData>
					<SimpleData name="JALUR">B</SimpleData>
					<SimpleData name="X">-6.45839</SimpleData>
					<SimpleData name="Y">107.437</SimpleData>
				</SchemaData>
			</ExtendedData>
			<Point>
				<coordinates>107.43715626649,-6.458386153065724,0</coordinates>
			</Point>
		</Placemark>
		<Placemark>
			<name>71+400</name>
			<styleUrl>#pointStyleMap</styleUrl>
			<Style id="inline">
				<IconStyle>
					<color>ffffffaa</color>
					<colorMode>normal</colorMode>
					<Icon>
						<href>http://maps.google.com/mapfiles/kml/pushpin/pink-pushpin.png</href>
					</Icon>
				</IconStyle>
				<LineStyle>
					<color>ffffffaa</color>
					<colorMode>normal</colorMode>
				</LineStyle>
				<PolyStyle>
					<color>ffffffaa</color>
					<colorMode>normal</colorMode>
				</PolyStyle>
			</Style>
			<ExtendedData>
				<SchemaData schemaUrl="#S_patok_heksa_MR_CPL_B__SSDD">
					<SimpleData name="KM">71+400</SimpleData>
					<SimpleData name="JALUR">B</SimpleData>
					<SimpleData name="X">-6.45948</SimpleData>
					<SimpleData name="Y">107.439</SimpleData>
				</SchemaData>
			</ExtendedData>
			<Point>
				<coordinates>107.438605504509,-6.459482848285623,0</coordinates>
			</Point>
		</Placemark>
		<Placemark>
			<name>71+600</name>
			<styleUrl>#pointStyleMap</styleUrl>
			<Style id="inline">
				<IconStyle>
					<color>ffffffaa</color>
					<colorMode>normal</colorMode>
					<Icon>
						<href>http://maps.google.com/mapfiles/kml/pushpin/pink-pushpin.png</href>
					</Icon>
				</IconStyle>
				<LineStyle>
					<color>ffffffaa</color>
					<colorMode>normal</colorMode>
				</LineStyle>
				<PolyStyle>
					<color>ffffffaa</color>
					<colorMode>normal</colorMode>
				</PolyStyle>
			</Style>
			<ExtendedData>
				<SchemaData schemaUrl="#S_patok_heksa_MR_CPL_B__SSDD">
					<SimpleData name="KM">71+600</SimpleData>
					<SimpleData name="JALUR">B</SimpleData>
					<SimpleData name="X">-6.46075</SimpleData>
					<SimpleData name="Y">107.44</SimpleData>
				</SchemaData>
			</ExtendedData>
			<Point>
				<coordinates>107.439891987908,-6.46074918325329,0</coordinates>
			</Point>
		</Placemark>
		<Placemark>
			<name>71+800</name>
			<styleUrl>#pointStyleMap</styleUrl>
			<Style id="inline">
				<IconStyle>
					<color>ffffffaa</color>
					<colorMode>normal</colorMode>
					<Icon>
						<href>http://maps.google.com/mapfiles/kml/pushpin/pink-pushpin.png</href>
					</Icon>
				</IconStyle>
				<LineStyle>
					<color>ffffffaa</color>
					<colorMode>normal</colorMode>
				</LineStyle>
				<PolyStyle>
					<color>ffffffaa</color>
					<colorMode>normal</colorMode>
				</PolyStyle>
			</Style>
			<ExtendedData>
				<SchemaData schemaUrl="#S_patok_heksa_MR_CPL_B__SSDD">
					<SimpleData name="KM">71+800</SimpleData>
					<SimpleData name="JALUR">B</SimpleData>
					<SimpleData name="X">-6.46213</SimpleData>
					<SimpleData name="Y">107.441</SimpleData>
				</SchemaData>
			</ExtendedData>
			<Point>
				<coordinates>107.441105025718,-6.462128771472432,0</coordinates>
			</Point>
		</Placemark>
		<Placemark>
			<name>72+0</name>
			<styleUrl>#pointStyleMap</styleUrl>
			<Style id="inline">
				<IconStyle>
					<color>ffffffaa</color>
					<colorMode>normal</colorMode>
					<Icon>
						<href>http://maps.google.com/mapfiles/kml/pushpin/pink-pushpin.png</href>
					</Icon>
				</IconStyle>
				<LineStyle>
					<color>ffffffaa</color>
					<colorMode>normal</colorMode>
				</LineStyle>
				<PolyStyle>
					<color>ffffffaa</color>
					<colorMode>normal</colorMode>
				</PolyStyle>
			</Style>
			<ExtendedData>
				<SchemaData schemaUrl="#S_patok_heksa_MR_CPL_B__SSDD">
					<SimpleData name="KM">72+0</SimpleData>
					<SimpleData name="JALUR">B</SimpleData>
					<SimpleData name="X">-6.46354</SimpleData>
					<SimpleData name="Y">107.442</SimpleData>
				</SchemaData>
			</ExtendedData>
			<Point>
				<coordinates>107.442172001441,-6.463539359309829,0</coordinates>
			</Point>
		</Placemark>
		<Placemark>
			<name>72+200</name>
			<styleUrl>#pointStyleMap</styleUrl>
			<Style id="inline">
				<IconStyle>
					<color>ffffffaa</color>
					<colorMode>normal</colorMode>
					<Icon>
						<href>http://maps.google.com/mapfiles/kml/pushpin/pink-pushpin.png</href>
					</Icon>
				</IconStyle>
				<LineStyle>
					<color>ffffffaa</color>
					<colorMode>normal</colorMode>
				</LineStyle>
				<PolyStyle>
					<color>ffffffaa</color>
					<colorMode>normal</colorMode>
				</PolyStyle>
			</Style>
			<ExtendedData>
				<SchemaData schemaUrl="#S_patok_heksa_MR_CPL_B__SSDD">
					<SimpleData name="KM">72+200</SimpleData>
					<SimpleData name="JALUR">B</SimpleData>
					<SimpleData name="X">-6.46505</SimpleData>
					<SimpleData name="Y">107.443</SimpleData>
				</SchemaData>
			</ExtendedData>
			<Point>
				<coordinates>107.443194461493,-6.465053484825316,0</coordinates>
			</Point>
		</Placemark>
		<Placemark>
			<name>72+400</name>
			<styleUrl>#pointStyleMap</styleUrl>
			<Style id="inline">
				<IconStyle>
					<color>ffffffaa</color>
					<colorMode>normal</colorMode>
					<Icon>
						<href>http://maps.google.com/mapfiles/kml/pushpin/pink-pushpin.png</href>
					</Icon>
				</IconStyle>
				<LineStyle>
					<color>ffffffaa</color>
					<colorMode>normal</colorMode>
				</LineStyle>
				<PolyStyle>
					<color>ffffffaa</color>
					<colorMode>normal</colorMode>
				</PolyStyle>
			</Style>
			<ExtendedData>
				<SchemaData schemaUrl="#S_patok_heksa_MR_CPL_B__SSDD">
					<SimpleData name="KM">72+400</SimpleData>
					<SimpleData name="JALUR">B</SimpleData>
					<SimpleData name="X">-6.46661</SimpleData>
					<SimpleData name="Y">107.444</SimpleData>
				</SchemaData>
			</ExtendedData>
			<Point>
				<coordinates>107.444095006661,-6.466614267109132,0</coordinates>
			</Point>
		</Placemark>
		<Placemark>
			<name>72+600</name>
			<styleUrl>#pointStyleMap</styleUrl>
			<Style id="inline">
				<IconStyle>
					<color>ffffffaa</color>
					<colorMode>normal</colorMode>
					<Icon>
						<href>http://maps.google.com/mapfiles/kml/pushpin/pink-pushpin.png</href>
					</Icon>
				</IconStyle>
				<LineStyle>
					<color>ffffffaa</color>
					<colorMode>normal</colorMode>
				</LineStyle>
				<PolyStyle>
					<color>ffffffaa</color>
					<colorMode>normal</colorMode>
				</PolyStyle>
			</Style>
			<ExtendedData>
				<SchemaData schemaUrl="#S_patok_heksa_MR_CPL_B__SSDD">
					<SimpleData name="KM">72+600</SimpleData>
					<SimpleData name="JALUR">B</SimpleData>
					<SimpleData name="X">-6.46822</SimpleData>
					<SimpleData name="Y">107.445</SimpleData>
				</SchemaData>
			</ExtendedData>
			<Point>
				<coordinates>107.444873598557,-6.468223488640281,0</coordinates>
			</Point>
		</Placemark>
		<Placemark>
			<name>72+800</name>
			<styleUrl>#pointStyleMap</styleUrl>
			<Style id="inline">
				<IconStyle>
					<color>ffffffaa</color>
					<colorMode>normal</colorMode>
					<Icon>
						<href>http://maps.google.com/mapfiles/kml/pushpin/pink-pushpin.png</href>
					</Icon>
				</IconStyle>
				<LineStyle>
					<color>ffffffaa</color>
					<colorMode>normal</colorMode>
				</LineStyle>
				<PolyStyle>
					<color>ffffffaa</color>
					<colorMode>normal</colorMode>
				</PolyStyle>
			</Style>
			<ExtendedData>
				<SchemaData schemaUrl="#S_patok_heksa_MR_CPL_B__SSDD">
					<SimpleData name="KM">72+800</SimpleData>
					<SimpleData name="JALUR">B</SimpleData>
					<SimpleData name="X">-6.46987</SimpleData>
					<SimpleData name="Y">107.446</SimpleData>
				</SchemaData>
			</ExtendedData>
			<Point>
				<coordinates>107.445549147421,-6.469867832723677,0</coordinates>
			</Point>
		</Placemark>
		<Placemark>
			<name>73+0</name>
			<styleUrl>#pointStyleMap</styleUrl>
			<Style id="inline">
				<IconStyle>
					<color>ffffffaa</color>
					<colorMode>normal</colorMode>
					<Icon>
						<href>http://maps.google.com/mapfiles/kml/pushpin/pink-pushpin.png</href>
					</Icon>
				</IconStyle>
				<LineStyle>
					<color>ffffffaa</color>
					<colorMode>normal</colorMode>
				</LineStyle>
				<PolyStyle>
					<color>ffffffaa</color>
					<colorMode>normal</colorMode>
				</PolyStyle>
			</Style>
			<ExtendedData>
				<SchemaData schemaUrl="#S_patok_heksa_MR_CPL_B__SSDD">
					<SimpleData name="KM">73+0</SimpleData>
					<SimpleData name="JALUR">B</SimpleData>
					<SimpleData name="X">-6.47157</SimpleData>
					<SimpleData name="Y">107.446</SimpleData>
				</SchemaData>
			</ExtendedData>
			<Point>
				<coordinates>107.446112498859,-6.471567927942541,0</coordinates>
			</Point>
		</Placemark>
		<Placemark>
			<name>73+200</name>
			<styleUrl>#pointStyleMap</styleUrl>
			<Style id="inline">
				<IconStyle>
					<color>ffffffaa</color>
					<colorMode>normal</colorMode>
					<Icon>
						<href>http://maps.google.com/mapfiles/kml/pushpin/pink-pushpin.png</href>
					</Icon>
				</IconStyle>
				<LineStyle>
					<color>ffffffaa</color>
					<colorMode>normal</colorMode>
				</LineStyle>
				<PolyStyle>
					<color>ffffffaa</color>
					<colorMode>normal</colorMode>
				</PolyStyle>
			</Style>
			<ExtendedData>
				<SchemaData schemaUrl="#S_patok_heksa_MR_CPL_B__SSDD">
					<SimpleData name="KM">73+200</SimpleData>
					<SimpleData name="JALUR">B</SimpleData>
					<SimpleData name="X">-6.47331</SimpleData>
					<SimpleData name="Y">107.447</SimpleData>
				</SchemaData>
			</ExtendedData>
			<Point>
				<coordinates>107.446568227338,-6.473311437658462,0</coordinates>
			</Point>
		</Placemark>
		<Placemark>
			<name>73+400</name>
			<styleUrl>#pointStyleMap</styleUrl>
			<Style id="inline">
				<IconStyle>
					<color>ffffffaa</color>
					<colorMode>normal</colorMode>
					<Icon>
						<href>http://maps.google.com/mapfiles/kml/pushpin/pink-pushpin.png</href>
					</Icon>
				</IconStyle>
				<LineStyle>
					<color>ffffffaa</color>
					<colorMode>normal</colorMode>
				</LineStyle>
				<PolyStyle>
					<color>ffffffaa</color>
					<colorMode>normal</colorMode>
				</PolyStyle>
			</Style>
			<ExtendedData>
				<SchemaData schemaUrl="#S_patok_heksa_MR_CPL_B__SSDD">
					<SimpleData name="KM">73+400</SimpleData>
					<SimpleData name="JALUR">B</SimpleData>
					<SimpleData name="X">-6.47511</SimpleData>
					<SimpleData name="Y">107.447</SimpleData>
				</SchemaData>
			</ExtendedData>
			<Point>
				<coordinates>107.4469172175,-6.475107125596007,0</coordinates>
			</Point>
		</Placemark>
		<Placemark>
			<name>73+600</name>
			<styleUrl>#pointStyleMap</styleUrl>
			<Style id="inline">
				<IconStyle>
					<color>ffffffaa</color>
					<colorMode>normal</colorMode>
					<Icon>
						<href>http://maps.google.com/mapfiles/kml/pushpin/pink-pushpin.png</href>
					</Icon>
				</IconStyle>
				<LineStyle>
					<color>ffffffaa</color>
					<colorMode>normal</colorMode>
				</LineStyle>
				<PolyStyle>
					<color>ffffffaa</color>
					<colorMode>normal</colorMode>
				</PolyStyle>
			</Style>
			<ExtendedData>
				<SchemaData schemaUrl="#S_patok_heksa_MR_CPL_B__SSDD">
					<SimpleData name="KM">73+600</SimpleData>
					<SimpleData name="JALUR">B</SimpleData>
					<SimpleData name="X">-6.47692</SimpleData>
					<SimpleData name="Y">107.447</SimpleData>
				</SchemaData>
			</ExtendedData>
			<Point>
				<coordinates>107.447133901706,-6.476918326895427,0</coordinates>
			</Point>
		</Placemark>
		<Placemark>
			<name>73+800</name>
			<styleUrl>#pointStyleMap</styleUrl>
			<Style id="inline">
				<IconStyle>
					<color>ffffffaa</color>
					<colorMode>normal</colorMode>
					<Icon>
						<href>http://maps.google.com/mapfiles/kml/pushpin/pink-pushpin.png</href>
					</Icon>
				</IconStyle>
				<LineStyle>
					<color>ffffffaa</color>
					<colorMode>normal</colorMode>
				</LineStyle>
				<PolyStyle>
					<color>ffffffaa</color>
					<colorMode>normal</colorMode>
				</PolyStyle>
			</Style>
			<ExtendedData>
				<SchemaData schemaUrl="#S_patok_heksa_MR_CPL_B__SSDD">
					<SimpleData name="KM">73+800</SimpleData>
					<SimpleData name="JALUR">B</SimpleData>
					<SimpleData name="X">-6.47874</SimpleData>
					<SimpleData name="Y">107.447</SimpleData>
				</SchemaData>
			</ExtendedData>
			<Point>
				<coordinates>107.447239653589,-6.478743503309692,0</coordinates>
			</Point>
		</Placemark>
		<Placemark>
			<name>74+0</name>
			<styleUrl>#pointStyleMap</styleUrl>
			<Style id="inline">
				<IconStyle>
					<color>ffffffaa</color>
					<colorMode>normal</colorMode>
					<Icon>
						<href>http://maps.google.com/mapfiles/kml/pushpin/pink-pushpin.png</href>
					</Icon>
				</IconStyle>
				<LineStyle>
					<color>ffffffaa</color>
					<colorMode>normal</colorMode>
				</LineStyle>
				<PolyStyle>
					<color>ffffffaa</color>
					<colorMode>normal</colorMode>
				</PolyStyle>
			</Style>
			<ExtendedData>
				<SchemaData schemaUrl="#S_patok_heksa_MR_CPL_B__SSDD">
					<SimpleData name="KM">74+0</SimpleData>
					<SimpleData name="JALUR">B</SimpleData>
					<SimpleData name="X">-6.48058</SimpleData>
					<SimpleData name="Y">107.447</SimpleData>
				</SchemaData>
			</ExtendedData>
			<Point>
				<coordinates>107.447208352607,-6.480581981045561,0</coordinates>
			</Point>
		</Placemark>
		<Placemark>
			<name>74+200</name>
			<styleUrl>#pointStyleMap</styleUrl>
			<Style id="inline">
				<IconStyle>
					<color>ffffffaa</color>
					<colorMode>normal</colorMode>
					<Icon>
						<href>http://maps.google.com/mapfiles/kml/pushpin/pink-pushpin.png</href>
					</Icon>
				</IconStyle>
				<LineStyle>
					<color>ffffffaa</color>
					<colorMode>normal</colorMode>
				</LineStyle>
				<PolyStyle>
					<color>ffffffaa</color>
					<colorMode>normal</colorMode>
				</PolyStyle>
			</Style>
			<ExtendedData>
				<SchemaData schemaUrl="#S_patok_heksa_MR_CPL_B__SSDD">
					<SimpleData name="KM">74+200</SimpleData>
					<SimpleData name="JALUR">B</SimpleData>
					<SimpleData name="X">-6.48236</SimpleData>
					<SimpleData name="Y">107.447</SimpleData>
				</SchemaData>
			</ExtendedData>
			<Point>
				<coordinates>107.447055262509,-6.482361509704171,0</coordinates>
			</Point>
		</Placemark>
		<Placemark>
			<name>74+400</name>
			<styleUrl>#pointStyleMap</styleUrl>
			<Style id="inline">
				<IconStyle>
					<color>ffffffaa</color>
					<colorMode>normal</colorMode>
					<Icon>
						<href>http://maps.google.com/mapfiles/kml/pushpin/pink-pushpin.png</href>
					</Icon>
				</IconStyle>
				<LineStyle>
					<color>ffffffaa</color>
					<colorMode>normal</colorMode>
				</LineStyle>
				<PolyStyle>
					<color>ffffffaa</color>
					<colorMode>normal</colorMode>
				</PolyStyle>
			</Style>
			<ExtendedData>
				<SchemaData schemaUrl="#S_patok_heksa_MR_CPL_B__SSDD">
					<SimpleData name="KM">74+400</SimpleData>
					<SimpleData name="JALUR">B</SimpleData>
					<SimpleData name="X">-6.48413</SimpleData>
					<SimpleData name="Y">107.447</SimpleData>
				</SchemaData>
			</ExtendedData>
			<Point>
				<coordinates>107.446776744187,-6.484134338484688,0</coordinates>
			</Point>
		</Placemark>
		<Placemark>
			<name>74+600</name>
			<styleUrl>#pointStyleMap</styleUrl>
			<Style id="inline">
				<IconStyle>
					<color>ffffffaa</color>
					<colorMode>normal</colorMode>
					<Icon>
						<href>http://maps.google.com/mapfiles/kml/pushpin/pink-pushpin.png</href>
					</Icon>
				</IconStyle>
				<LineStyle>
					<color>ffffffaa</color>
					<colorMode>normal</colorMode>
				</LineStyle>
				<PolyStyle>
					<color>ffffffaa</color>
					<colorMode>normal</colorMode>
				</PolyStyle>
			</Style>
			<ExtendedData>
				<SchemaData schemaUrl="#S_patok_heksa_MR_CPL_B__SSDD">
					<SimpleData name="KM">74+600</SimpleData>
					<SimpleData name="JALUR">B</SimpleData>
					<SimpleData name="X">-6.48581</SimpleData>
					<SimpleData name="Y">107.446</SimpleData>
				</SchemaData>
			</ExtendedData>
			<Point>
				<coordinates>107.446232383914,-6.485812722869502,0</coordinates>
			</Point>
		</Placemark>
		<Placemark>
			<name>74+800</name>
			<styleUrl>#pointStyleMap</styleUrl>
			<Style id="inline">
				<IconStyle>
					<color>ffffffaa</color>
					<colorMode>normal</colorMode>
					<Icon>
						<href>http://maps.google.com/mapfiles/kml/pushpin/pink-pushpin.png</href>
					</Icon>
				</IconStyle>
				<LineStyle>
					<color>ffffffaa</color>
					<colorMode>normal</colorMode>
				</LineStyle>
				<PolyStyle>
					<color>ffffffaa</color>
					<colorMode>normal</colorMode>
				</PolyStyle>
			</Style>
			<ExtendedData>
				<SchemaData schemaUrl="#S_patok_heksa_MR_CPL_B__SSDD">
					<SimpleData name="KM">74+800</SimpleData>
					<SimpleData name="JALUR">B</SimpleData>
					<SimpleData name="X">-6.48747</SimpleData>
					<SimpleData name="Y">107.445</SimpleData>
				</SchemaData>
			</ExtendedData>
			<Point>
				<coordinates>107.445464142294,-6.487470966666158,0</coordinates>
			</Point>
		</Placemark>
		<Placemark>
			<name>75+0</name>
			<styleUrl>#pointStyleMap</styleUrl>
			<Style id="inline">
				<IconStyle>
					<color>ffffffaa</color>
					<colorMode>normal</colorMode>
					<Icon>
						<href>http://maps.google.com/mapfiles/kml/pushpin/pink-pushpin.png</href>
					</Icon>
				</IconStyle>
				<LineStyle>
					<color>ffffffaa</color>
					<colorMode>normal</colorMode>
				</LineStyle>
				<PolyStyle>
					<color>ffffffaa</color>
					<colorMode>normal</colorMode>
				</PolyStyle>
			</Style>
			<ExtendedData>
				<SchemaData schemaUrl="#S_patok_heksa_MR_CPL_B__SSDD">
					<SimpleData name="KM">75+0</SimpleData>
					<SimpleData name="JALUR">B</SimpleData>
					<SimpleData name="X">-6.48918</SimpleData>
					<SimpleData name="Y">107.445</SimpleData>
				</SchemaData>
			</ExtendedData>
			<Point>
				<coordinates>107.444865799982,-6.489179442736114,0</coordinates>
			</Point>
		</Placemark>
		<Placemark>
			<name>75+200</name>
			<styleUrl>#pointStyleMap</styleUrl>
			<Style id="inline">
				<IconStyle>
					<color>ffffffaa</color>
					<colorMode>normal</colorMode>
					<Icon>
						<href>http://maps.google.com/mapfiles/kml/pushpin/pink-pushpin.png</href>
					</Icon>
				</IconStyle>
				<LineStyle>
					<color>ffffffaa</color>
					<colorMode>normal</colorMode>
				</LineStyle>
				<PolyStyle>
					<color>ffffffaa</color>
					<colorMode>normal</colorMode>
				</PolyStyle>
			</Style>
			<ExtendedData>
				<SchemaData schemaUrl="#S_patok_heksa_MR_CPL_B__SSDD">
					<SimpleData name="KM">75+200</SimpleData>
					<SimpleData name="JALUR">B</SimpleData>
					<SimpleData name="X">-6.49099</SimpleData>
					<SimpleData name="Y">107.444</SimpleData>
				</SchemaData>
			</ExtendedData>
			<Point>
				<coordinates>107.444451000023,-6.490986041386972,0</coordinates>
			</Point>
		</Placemark>
		<Placemark>
			<name>75+400</name>
			<styleUrl>#pointStyleMap</styleUrl>
			<Style id="inline">
				<IconStyle>
					<color>ffffffaa</color>
					<colorMode>normal</colorMode>
					<Icon>
						<href>http://maps.google.com/mapfiles/kml/pushpin/pink-pushpin.png</href>
					</Icon>
				</IconStyle>
				<LineStyle>
					<color>ffffffaa</color>
					<colorMode>normal</colorMode>
				</LineStyle>
				<PolyStyle>
					<color>ffffffaa</color>
					<colorMode>normal</colorMode>
				</PolyStyle>
			</Style>
			<ExtendedData>
				<SchemaData schemaUrl="#S_patok_heksa_MR_CPL_B__SSDD">
					<SimpleData name="KM">75+400</SimpleData>
					<SimpleData name="JALUR">B</SimpleData>
					<SimpleData name="X">-6.49278</SimpleData>
					<SimpleData name="Y">107.444</SimpleData>
				</SchemaData>
			</ExtendedData>
			<Point>
				<coordinates>107.444232439751,-6.492779073711008,0</coordinates>
			</Point>
		</Placemark>
		<Placemark>
			<name>75+600</name>
			<styleUrl>#pointStyleMap</styleUrl>
			<Style id="inline">
				<IconStyle>
					<color>ffffffaa</color>
					<colorMode>normal</colorMode>
					<Icon>
						<href>http://maps.google.com/mapfiles/kml/pushpin/pink-pushpin.png</href>
					</Icon>
				</IconStyle>
				<LineStyle>
					<color>ffffffaa</color>
					<colorMode>normal</colorMode>
				</LineStyle>
				<PolyStyle>
					<color>ffffffaa</color>
					<colorMode>normal</colorMode>
				</PolyStyle>
			</Style>
			<ExtendedData>
				<SchemaData schemaUrl="#S_patok_heksa_MR_CPL_B__SSDD">
					<SimpleData name="KM">75+600</SimpleData>
					<SimpleData name="JALUR">B</SimpleData>
					<SimpleData name="X">-6.49453</SimpleData>
					<SimpleData name="Y">107.444</SimpleData>
				</SchemaData>
			</ExtendedData>
			<Point>
				<coordinates>107.443792748788,-6.494531564126593,0</coordinates>
			</Point>
		</Placemark>
		<Placemark>
			<name>75+800</name>
			<styleUrl>#pointStyleMap</styleUrl>
			<Style id="inline">
				<IconStyle>
					<color>ffffffaa</color>
					<colorMode>normal</colorMode>
					<Icon>
						<href>http://maps.google.com/mapfiles/kml/pushpin/pink-pushpin.png</href>
					</Icon>
				</IconStyle>
				<LineStyle>
					<color>ffffffaa</color>
					<colorMode>normal</colorMode>
				</LineStyle>
				<PolyStyle>
					<color>ffffffaa</color>
					<colorMode>normal</colorMode>
				</PolyStyle>
			</Style>
			<ExtendedData>
				<SchemaData schemaUrl="#S_patok_heksa_MR_CPL_B__SSDD">
					<SimpleData name="KM">75+800</SimpleData>
					<SimpleData name="JALUR">B</SimpleData>
					<SimpleData name="X">-6.49616</SimpleData>
					<SimpleData name="Y">107.443</SimpleData>
				</SchemaData>
			</ExtendedData>
			<Point>
				<coordinates>107.443009116177,-6.496158688205886,0</coordinates>
			</Point>
		</Placemark>
		<Placemark>
			<name>76+0</name>
			<styleUrl>#pointStyleMap</styleUrl>
			<Style id="inline">
				<IconStyle>
					<color>ffffffaa</color>
					<colorMode>normal</colorMode>
					<Icon>
						<href>http://maps.google.com/mapfiles/kml/pushpin/pink-pushpin.png</href>
					</Icon>
				</IconStyle>
				<LineStyle>
					<color>ffffffaa</color>
					<colorMode>normal</colorMode>
				</LineStyle>
				<PolyStyle>
					<color>ffffffaa</color>
					<colorMode>normal</colorMode>
				</PolyStyle>
			</Style>
			<ExtendedData>
				<SchemaData schemaUrl="#S_patok_heksa_MR_CPL_B__SSDD">
					<SimpleData name="KM">76+0</SimpleData>
					<SimpleData name="JALUR">B</SimpleData>
					<SimpleData name="X">-6.49766</SimpleData>
					<SimpleData name="Y">107.442</SimpleData>
				</SchemaData>
			</ExtendedData>
			<Point>
				<coordinates>107.441924270101,-6.497664495145585,0</coordinates>
			</Point>
		</Placemark>
		<Placemark>
			<name>76+200</name>
			<styleUrl>#pointStyleMap</styleUrl>
			<Style id="inline">
				<IconStyle>
					<color>ffffffaa</color>
					<colorMode>normal</colorMode>
					<Icon>
						<href>http://maps.google.com/mapfiles/kml/pushpin/pink-pushpin.png</href>
					</Icon>
				</IconStyle>
				<LineStyle>
					<color>ffffffaa</color>
					<colorMode>normal</colorMode>
				</LineStyle>
				<PolyStyle>
					<color>ffffffaa</color>
					<colorMode>normal</colorMode>
				</PolyStyle>
			</Style>
			<ExtendedData>
				<SchemaData schemaUrl="#S_patok_heksa_MR_CPL_B__SSDD">
					<SimpleData name="KM">76+200</SimpleData>
					<SimpleData name="JALUR">B</SimpleData>
					<SimpleData name="X">-6.4992</SimpleData>
					<SimpleData name="Y">107.441</SimpleData>
				</SchemaData>
			</ExtendedData>
			<Point>
				<coordinates>107.440860350718,-6.49919615160325,0</coordinates>
			</Point>
		</Placemark>
		<Placemark>
			<name>76+400</name>
			<styleUrl>#pointStyleMap</styleUrl>
			<Style id="inline">
				<IconStyle>
					<color>ffffffaa</color>
					<colorMode>normal</colorMode>
					<Icon>
						<href>http://maps.google.com/mapfiles/kml/pushpin/pink-pushpin.png</href>
					</Icon>
				</IconStyle>
				<LineStyle>
					<color>ffffffaa</color>
					<colorMode>normal</colorMode>
				</LineStyle>
				<PolyStyle>
					<color>ffffffaa</color>
					<colorMode>normal</colorMode>
				</PolyStyle>
			</Style>
			<ExtendedData>
				<SchemaData schemaUrl="#S_patok_heksa_MR_CPL_B__SSDD">
					<SimpleData name="KM">76+400</SimpleData>
					<SimpleData name="JALUR">B</SimpleData>
					<SimpleData name="X">-6.50087</SimpleData>
					<SimpleData name="Y">107.44</SimpleData>
				</SchemaData>
			</ExtendedData>
			<Point>
				<coordinates>107.440011030109,-6.500867540352893,0</coordinates>
			</Point>
		</Placemark>
		<Placemark>
			<name>76+600</name>
			<styleUrl>#pointStyleMap</styleUrl>
			<Style id="inline">
				<IconStyle>
					<color>ffffffaa</color>
					<colorMode>normal</colorMode>
					<Icon>
						<href>http://maps.google.com/mapfiles/kml/pushpin/pink-pushpin.png</href>
					</Icon>
				</IconStyle>
				<LineStyle>
					<color>ffffffaa</color>
					<colorMode>normal</colorMode>
				</LineStyle>
				<PolyStyle>
					<color>ffffffaa</color>
					<colorMode>normal</colorMode>
				</PolyStyle>
			</Style>
			<ExtendedData>
				<SchemaData schemaUrl="#S_patok_heksa_MR_CPL_B__SSDD">
					<SimpleData name="KM">76+600</SimpleData>
					<SimpleData name="JALUR">B</SimpleData>
					<SimpleData name="X">-6.50261</SimpleData>
					<SimpleData name="Y">107.439</SimpleData>
				</SchemaData>
			</ExtendedData>
			<Point>
				<coordinates>107.439469104932,-6.502611145604753,0</coordinates>
			</Point>
		</Placemark>
		<Placemark>
			<name>76+800</name>
			<styleUrl>#pointStyleMap</styleUrl>
			<Style id="inline">
				<IconStyle>
					<color>ffffffaa</color>
					<colorMode>normal</colorMode>
					<Icon>
						<href>http://maps.google.com/mapfiles/kml/pushpin/pink-pushpin.png</href>
					</Icon>
				</IconStyle>
				<LineStyle>
					<color>ffffffaa</color>
					<colorMode>normal</colorMode>
				</LineStyle>
				<PolyStyle>
					<color>ffffffaa</color>
					<colorMode>normal</colorMode>
				</PolyStyle>
			</Style>
			<ExtendedData>
				<SchemaData schemaUrl="#S_patok_heksa_MR_CPL_B__SSDD">
					<SimpleData name="KM">76+800</SimpleData>
					<SimpleData name="JALUR">B</SimpleData>
					<SimpleData name="X">-6.50446</SimpleData>
					<SimpleData name="Y">107.439</SimpleData>
				</SchemaData>
			</ExtendedData>
			<Point>
				<coordinates>107.439223300397,-6.504455398996535,0</coordinates>
			</Point>
		</Placemark>
		<Placemark>
			<name>77+0</name>
			<styleUrl>#pointStyleMap</styleUrl>
			<Style id="inline">
				<IconStyle>
					<color>ffffffaa</color>
					<colorMode>normal</colorMode>
					<Icon>
						<href>http://maps.google.com/mapfiles/kml/pushpin/pink-pushpin.png</href>
					</Icon>
				</IconStyle>
				<LineStyle>
					<color>ffffffaa</color>
					<colorMode>normal</colorMode>
				</LineStyle>
				<PolyStyle>
					<color>ffffffaa</color>
					<colorMode>normal</colorMode>
				</PolyStyle>
			</Style>
			<ExtendedData>
				<SchemaData schemaUrl="#S_patok_heksa_MR_CPL_B__SSDD">
					<SimpleData name="KM">77+0</SimpleData>
					<SimpleData name="JALUR">B</SimpleData>
					<SimpleData name="X">-6.50625</SimpleData>
					<SimpleData name="Y">107.439</SimpleData>
				</SchemaData>
			</ExtendedData>
			<Point>
				<coordinates>107.439006545814,-6.506253597561747,0</coordinates>
			</Point>
		</Placemark>
		<Placemark>
			<name>77+200</name>
			<styleUrl>#pointStyleMap</styleUrl>
			<Style id="inline">
				<IconStyle>
					<color>ffffffaa</color>
					<colorMode>normal</colorMode>
					<Icon>
						<href>http://maps.google.com/mapfiles/kml/pushpin/pink-pushpin.png</href>
					</Icon>
				</IconStyle>
				<LineStyle>
					<color>ffffffaa</color>
					<colorMode>normal</colorMode>
				</LineStyle>
				<PolyStyle>
					<color>ffffffaa</color>
					<colorMode>normal</colorMode>
				</PolyStyle>
			</Style>
			<ExtendedData>
				<SchemaData schemaUrl="#S_patok_heksa_MR_CPL_B__SSDD">
					<SimpleData name="KM">77+200</SimpleData>
					<SimpleData name="JALUR">B</SimpleData>
					<SimpleData name="X">-6.50799</SimpleData>
					<SimpleData name="Y">107.438</SimpleData>
				</SchemaData>
			</ExtendedData>
			<Point>
				<coordinates>107.438453920912,-6.507985840323838,0</coordinates>
			</Point>
		</Placemark>
		<Placemark>
			<name>77+400</name>
			<styleUrl>#pointStyleMap</styleUrl>
			<Style id="inline">
				<IconStyle>
					<color>ffffffaa</color>
					<colorMode>normal</colorMode>
					<Icon>
						<href>http://maps.google.com/mapfiles/kml/pushpin/pink-pushpin.png</href>
					</Icon>
				</IconStyle>
				<LineStyle>
					<color>ffffffaa</color>
					<colorMode>normal</colorMode>
				</LineStyle>
				<PolyStyle>
					<color>ffffffaa</color>
					<colorMode>normal</colorMode>
				</PolyStyle>
			</Style>
			<ExtendedData>
				<SchemaData schemaUrl="#S_patok_heksa_MR_CPL_B__SSDD">
					<SimpleData name="KM">77+400</SimpleData>
					<SimpleData name="JALUR">B</SimpleData>
					<SimpleData name="X">-6.50956</SimpleData>
					<SimpleData name="Y">107.438</SimpleData>
				</SchemaData>
			</ExtendedData>
			<Point>
				<coordinates>107.437612124615,-6.509556079734975,0</coordinates>
			</Point>
		</Placemark>
		<Placemark>
			<name>77+600</name>
			<styleUrl>#pointStyleMap</styleUrl>
			<Style id="inline">
				<IconStyle>
					<color>ffffffaa</color>
					<colorMode>normal</colorMode>
					<Icon>
						<href>http://maps.google.com/mapfiles/kml/pushpin/pink-pushpin.png</href>
					</Icon>
				</IconStyle>
				<LineStyle>
					<color>ffffffaa</color>
					<colorMode>normal</colorMode>
				</LineStyle>
				<PolyStyle>
					<color>ffffffaa</color>
					<colorMode>normal</colorMode>
				</PolyStyle>
			</Style>
			<ExtendedData>
				<SchemaData schemaUrl="#S_patok_heksa_MR_CPL_B__SSDD">
					<SimpleData name="KM">77+600</SimpleData>
					<SimpleData name="JALUR">B</SimpleData>
					<SimpleData name="X">-6.51118</SimpleData>
					<SimpleData name="Y">107.437</SimpleData>
				</SchemaData>
			</ExtendedData>
			<Point>
				<coordinates>107.436771926794,-6.511183629798836,0</coordinates>
			</Point>
		</Placemark>
		<Placemark>
			<name>77+800</name>
			<styleUrl>#pointStyleMap</styleUrl>
			<Style id="inline">
				<IconStyle>
					<color>ffffffaa</color>
					<colorMode>normal</colorMode>
					<Icon>
						<href>http://maps.google.com/mapfiles/kml/pushpin/pink-pushpin.png</href>
					</Icon>
				</IconStyle>
				<LineStyle>
					<color>ffffffaa</color>
					<colorMode>normal</colorMode>
				</LineStyle>
				<PolyStyle>
					<color>ffffffaa</color>
					<colorMode>normal</colorMode>
				</PolyStyle>
			</Style>
			<ExtendedData>
				<SchemaData schemaUrl="#S_patok_heksa_MR_CPL_B__SSDD">
					<SimpleData name="KM">77+800</SimpleData>
					<SimpleData name="JALUR">B</SimpleData>
					<SimpleData name="X">-6.51293</SimpleData>
					<SimpleData name="Y">107.436</SimpleData>
				</SchemaData>
			</ExtendedData>
			<Point>
				<coordinates>107.436276419881,-6.512930235254261,0</coordinates>
			</Point>
		</Placemark>
		<Placemark>
			<name>78+0</name>
			<styleUrl>#pointStyleMap</styleUrl>
			<Style id="inline">
				<IconStyle>
					<color>ffffffaa</color>
					<colorMode>normal</colorMode>
					<Icon>
						<href>http://maps.google.com/mapfiles/kml/pushpin/pink-pushpin.png</href>
					</Icon>
				</IconStyle>
				<LineStyle>
					<color>ffffffaa</color>
					<colorMode>normal</colorMode>
				</LineStyle>
				<PolyStyle>
					<color>ffffffaa</color>
					<colorMode>normal</colorMode>
				</PolyStyle>
			</Style>
			<ExtendedData>
				<SchemaData schemaUrl="#S_patok_heksa_MR_CPL_B__SSDD">
					<SimpleData name="KM">78+0</SimpleData>
					<SimpleData name="JALUR">B</SimpleData>
					<SimpleData name="X">-6.51474</SimpleData>
					<SimpleData name="Y">107.436</SimpleData>
				</SchemaData>
			</ExtendedData>
			<Point>
				<coordinates>107.436123781916,-6.514737200288683,0</coordinates>
			</Point>
		</Placemark>
		<Placemark>
			<name>78+200</name>
			<styleUrl>#pointStyleMap</styleUrl>
			<Style id="inline">
				<IconStyle>
					<color>ffffffaa</color>
					<colorMode>normal</colorMode>
					<Icon>
						<href>http://maps.google.com/mapfiles/kml/pushpin/pink-pushpin.png</href>
					</Icon>
				</IconStyle>
				<LineStyle>
					<color>ffffffaa</color>
					<colorMode>normal</colorMode>
				</LineStyle>
				<PolyStyle>
					<color>ffffffaa</color>
					<colorMode>normal</colorMode>
				</PolyStyle>
			</Style>
			<ExtendedData>
				<SchemaData schemaUrl="#S_patok_heksa_MR_CPL_B__SSDD">
					<SimpleData name="KM">78+200</SimpleData>
					<SimpleData name="JALUR">B</SimpleData>
					<SimpleData name="X">-6.51653</SimpleData>
					<SimpleData name="Y">107.436</SimpleData>
				</SchemaData>
			</ExtendedData>
			<Point>
				<coordinates>107.436148235479,-6.516529467114653,0</coordinates>
			</Point>
		</Placemark>
		<Placemark>
			<name>78+400</name>
			<styleUrl>#pointStyleMap</styleUrl>
			<Style id="inline">
				<IconStyle>
					<color>ffffffaa</color>
					<colorMode>normal</colorMode>
					<Icon>
						<href>http://maps.google.com/mapfiles/kml/pushpin/pink-pushpin.png</href>
					</Icon>
				</IconStyle>
				<LineStyle>
					<color>ffffffaa</color>
					<colorMode>normal</colorMode>
				</LineStyle>
				<PolyStyle>
					<color>ffffffaa</color>
					<colorMode>normal</colorMode>
				</PolyStyle>
			</Style>
			<ExtendedData>
				<SchemaData schemaUrl="#S_patok_heksa_MR_CPL_B__SSDD">
					<SimpleData name="KM">78+400</SimpleData>
					<SimpleData name="JALUR">B</SimpleData>
					<SimpleData name="X">-6.51831</SimpleData>
					<SimpleData name="Y">107.436</SimpleData>
				</SchemaData>
			</ExtendedData>
			<Point>
				<coordinates>107.435945963967,-6.518305426535617,0</coordinates>
			</Point>
		</Placemark>
		<Placemark>
			<name>78+600</name>
			<styleUrl>#pointStyleMap</styleUrl>
			<Style id="inline">
				<IconStyle>
					<color>ffffffaa</color>
					<colorMode>normal</colorMode>
					<Icon>
						<href>http://maps.google.com/mapfiles/kml/pushpin/pink-pushpin.png</href>
					</Icon>
				</IconStyle>
				<LineStyle>
					<color>ffffffaa</color>
					<colorMode>normal</colorMode>
				</LineStyle>
				<PolyStyle>
					<color>ffffffaa</color>
					<colorMode>normal</colorMode>
				</PolyStyle>
			</Style>
			<ExtendedData>
				<SchemaData schemaUrl="#S_patok_heksa_MR_CPL_B__SSDD">
					<SimpleData name="KM">78+600</SimpleData>
					<SimpleData name="JALUR">B</SimpleData>
					<SimpleData name="X">-6.52004</SimpleData>
					<SimpleData name="Y">107.435</SimpleData>
				</SchemaData>
			</ExtendedData>
			<Point>
				<coordinates>107.435439668936,-6.520036368597122,0</coordinates>
			</Point>
		</Placemark>
		<Placemark>
			<name>78+800</name>
			<styleUrl>#pointStyleMap</styleUrl>
			<Style id="inline">
				<IconStyle>
					<color>ffffffaa</color>
					<colorMode>normal</colorMode>
					<Icon>
						<href>http://maps.google.com/mapfiles/kml/pushpin/pink-pushpin.png</href>
					</Icon>
				</IconStyle>
				<LineStyle>
					<color>ffffffaa</color>
					<colorMode>normal</colorMode>
				</LineStyle>
				<PolyStyle>
					<color>ffffffaa</color>
					<colorMode>normal</colorMode>
				</PolyStyle>
			</Style>
			<ExtendedData>
				<SchemaData schemaUrl="#S_patok_heksa_MR_CPL_B__SSDD">
					<SimpleData name="KM">78+800</SimpleData>
					<SimpleData name="JALUR">B</SimpleData>
					<SimpleData name="X">-6.52167</SimpleData>
					<SimpleData name="Y">107.435</SimpleData>
				</SchemaData>
			</ExtendedData>
			<Point>
				<coordinates>107.434659395734,-6.52166563938027,0</coordinates>
			</Point>
		</Placemark>
		<Placemark>
			<name>79+0</name>
			<styleUrl>#pointStyleMap</styleUrl>
			<Style id="inline">
				<IconStyle>
					<color>ffffffaa</color>
					<colorMode>normal</colorMode>
					<Icon>
						<href>http://maps.google.com/mapfiles/kml/pushpin/pink-pushpin.png</href>
					</Icon>
				</IconStyle>
				<LineStyle>
					<color>ffffffaa</color>
					<colorMode>normal</colorMode>
				</LineStyle>
				<PolyStyle>
					<color>ffffffaa</color>
					<colorMode>normal</colorMode>
				</PolyStyle>
			</Style>
			<ExtendedData>
				<SchemaData schemaUrl="#S_patok_heksa_MR_CPL_B__SSDD">
					<SimpleData name="KM">79+0</SimpleData>
					<SimpleData name="JALUR">B</SimpleData>
					<SimpleData name="X">-6.52322</SimpleData>
					<SimpleData name="Y">107.434</SimpleData>
				</SchemaData>
			</ExtendedData>
			<Point>
				<coordinates>107.433758703108,-6.52321605879828,0</coordinates>
			</Point>
		</Placemark>
		<Placemark>
			<name>79+200</name>
			<styleUrl>#pointStyleMap</styleUrl>
			<Style id="inline">
				<IconStyle>
					<color>ffffffaa</color>
					<colorMode>normal</colorMode>
					<Icon>
						<href>http://maps.google.com/mapfiles/kml/pushpin/pink-pushpin.png</href>
					</Icon>
				</IconStyle>
				<LineStyle>
					<color>ffffffaa</color>
					<colorMode>normal</colorMode>
				</LineStyle>
				<PolyStyle>
					<color>ffffffaa</color>
					<colorMode>normal</colorMode>
				</PolyStyle>
			</Style>
			<ExtendedData>
				<SchemaData schemaUrl="#S_patok_heksa_MR_CPL_B__SSDD">
					<SimpleData name="KM">79+200</SimpleData>
					<SimpleData name="JALUR">B</SimpleData>
					<SimpleData name="X">-6.52492</SimpleData>
					<SimpleData name="Y">107.433</SimpleData>
				</SchemaData>
			</ExtendedData>
			<Point>
				<coordinates>107.433030391742,-6.524919650878964,0</coordinates>
			</Point>
		</Placemark>
		<Placemark>
			<name>79+400</name>
			<styleUrl>#pointStyleMap</styleUrl>
			<Style id="inline">
				<IconStyle>
					<color>ffffffaa</color>
					<colorMode>normal</colorMode>
					<Icon>
						<href>http://maps.google.com/mapfiles/kml/pushpin/pink-pushpin.png</href>
					</Icon>
				</IconStyle>
				<LineStyle>
					<color>ffffffaa</color>
					<colorMode>normal</colorMode>
				</LineStyle>
				<PolyStyle>
					<color>ffffffaa</color>
					<colorMode>normal</colorMode>
				</PolyStyle>
			</Style>
			<ExtendedData>
				<SchemaData schemaUrl="#S_patok_heksa_MR_CPL_B__SSDD">
					<SimpleData name="KM">79+400</SimpleData>
					<SimpleData name="JALUR">B</SimpleData>
					<SimpleData name="X">-6.52669</SimpleData>
					<SimpleData name="Y">107.433</SimpleData>
				</SchemaData>
			</ExtendedData>
			<Point>
				<coordinates>107.432575269319,-6.52668987289198,0</coordinates>
			</Point>
		</Placemark>
		<Placemark>
			<name>79+600</name>
			<styleUrl>#pointStyleMap</styleUrl>
			<Style id="inline">
				<IconStyle>
					<color>ffffffaa</color>
					<colorMode>normal</colorMode>
					<Icon>
						<href>http://maps.google.com/mapfiles/kml/pushpin/pink-pushpin.png</href>
					</Icon>
				</IconStyle>
				<LineStyle>
					<color>ffffffaa</color>
					<colorMode>normal</colorMode>
				</LineStyle>
				<PolyStyle>
					<color>ffffffaa</color>
					<colorMode>normal</colorMode>
				</PolyStyle>
			</Style>
			<ExtendedData>
				<SchemaData schemaUrl="#S_patok_heksa_MR_CPL_B__SSDD">
					<SimpleData name="KM">79+600</SimpleData>
					<SimpleData name="JALUR">B</SimpleData>
					<SimpleData name="X">-6.52849</SimpleData>
					<SimpleData name="Y">107.432</SimpleData>
				</SchemaData>
			</ExtendedData>
			<Point>
				<coordinates>107.432380583784,-6.528488915388695,0</coordinates>
			</Point>
		</Placemark>
		<Placemark>
			<name>79+800</name>
			<styleUrl>#pointStyleMap</styleUrl>
			<Style id="inline">
				<IconStyle>
					<color>ffffffaa</color>
					<colorMode>normal</colorMode>
					<Icon>
						<href>http://maps.google.com/mapfiles/kml/pushpin/pink-pushpin.png</href>
					</Icon>
				</IconStyle>
				<LineStyle>
					<color>ffffffaa</color>
					<colorMode>normal</colorMode>
				</LineStyle>
				<PolyStyle>
					<color>ffffffaa</color>
					<colorMode>normal</colorMode>
				</PolyStyle>
			</Style>
			<ExtendedData>
				<SchemaData schemaUrl="#S_patok_heksa_MR_CPL_B__SSDD">
					<SimpleData name="KM">79+800</SimpleData>
					<SimpleData name="JALUR">B</SimpleData>
					<SimpleData name="X">-6.5303</SimpleData>
					<SimpleData name="Y">107.432</SimpleData>
				</SchemaData>
			</ExtendedData>
			<Point>
				<coordinates>107.432363161389,-6.530301998041068,0</coordinates>
			</Point>
		</Placemark>
		<Placemark>
			<name>80+0</name>
			<styleUrl>#pointStyleMap</styleUrl>
			<Style id="inline">
				<IconStyle>
					<color>ffffffaa</color>
					<colorMode>normal</colorMode>
					<Icon>
						<href>http://maps.google.com/mapfiles/kml/pushpin/pink-pushpin.png</href>
					</Icon>
				</IconStyle>
				<LineStyle>
					<color>ffffffaa</color>
					<colorMode>normal</colorMode>
				</LineStyle>
				<PolyStyle>
					<color>ffffffaa</color>
					<colorMode>normal</colorMode>
				</PolyStyle>
			</Style>
			<ExtendedData>
				<SchemaData schemaUrl="#S_patok_heksa_MR_CPL_B__SSDD">
					<SimpleData name="KM">80+0</SimpleData>
					<SimpleData name="JALUR">B</SimpleData>
					<SimpleData name="X">-6.5321</SimpleData>
					<SimpleData name="Y">107.432</SimpleData>
				</SchemaData>
			</ExtendedData>
			<Point>
				<coordinates>107.432321831201,-6.532095732538443,0</coordinates>
			</Point>
		</Placemark>
		<Placemark>
			<name>80+200</name>
			<styleUrl>#pointStyleMap</styleUrl>
			<Style id="inline">
				<IconStyle>
					<color>ffffffaa</color>
					<colorMode>normal</colorMode>
					<Icon>
						<href>http://maps.google.com/mapfiles/kml/pushpin/pink-pushpin.png</href>
					</Icon>
				</IconStyle>
				<LineStyle>
					<color>ffffffaa</color>
					<colorMode>normal</colorMode>
				</LineStyle>
				<PolyStyle>
					<color>ffffffaa</color>
					<colorMode>normal</colorMode>
				</PolyStyle>
			</Style>
			<ExtendedData>
				<SchemaData schemaUrl="#S_patok_heksa_MR_CPL_B__SSDD">
					<SimpleData name="KM">80+200</SimpleData>
					<SimpleData name="JALUR">B</SimpleData>
					<SimpleData name="X">-6.5339</SimpleData>
					<SimpleData name="Y">107.432</SimpleData>
				</SchemaData>
			</ExtendedData>
			<Point>
				<coordinates>107.432179517565,-6.533898091304478,0</coordinates>
			</Point>
		</Placemark>
		<Placemark>
			<name>80+400</name>
			<styleUrl>#pointStyleMap</styleUrl>
			<Style id="inline">
				<IconStyle>
					<color>ffffffaa</color>
					<colorMode>normal</colorMode>
					<Icon>
						<href>http://maps.google.com/mapfiles/kml/pushpin/pink-pushpin.png</href>
					</Icon>
				</IconStyle>
				<LineStyle>
					<color>ffffffaa</color>
					<colorMode>normal</colorMode>
				</LineStyle>
				<PolyStyle>
					<color>ffffffaa</color>
					<colorMode>normal</colorMode>
				</PolyStyle>
			</Style>
			<ExtendedData>
				<SchemaData schemaUrl="#S_patok_heksa_MR_CPL_B__SSDD">
					<SimpleData name="KM">80+400</SimpleData>
					<SimpleData name="JALUR">B</SimpleData>
					<SimpleData name="X">-6.53568</SimpleData>
					<SimpleData name="Y">107.432</SimpleData>
				</SchemaData>
			</ExtendedData>
			<Point>
				<coordinates>107.432002625024,-6.535683796075369,0</coordinates>
			</Point>
		</Placemark>
		<Placemark>
			<name>80+600</name>
			<styleUrl>#pointStyleMap</styleUrl>
			<Style id="inline">
				<IconStyle>
					<color>ffffffaa</color>
					<colorMode>normal</colorMode>
					<Icon>
						<href>http://maps.google.com/mapfiles/kml/pushpin/pink-pushpin.png</href>
					</Icon>
				</IconStyle>
				<LineStyle>
					<color>ffffffaa</color>
					<colorMode>normal</colorMode>
				</LineStyle>
				<PolyStyle>
					<color>ffffffaa</color>
					<colorMode>normal</colorMode>
				</PolyStyle>
			</Style>
			<ExtendedData>
				<SchemaData schemaUrl="#S_patok_heksa_MR_CPL_B__SSDD">
					<SimpleData name="KM">80+600</SimpleData>
					<SimpleData name="JALUR">B</SimpleData>
					<SimpleData name="X">-6.53748</SimpleData>
					<SimpleData name="Y">107.432</SimpleData>
				</SchemaData>
			</ExtendedData>
			<Point>
				<coordinates>107.431856396958,-6.537482085203237,0</coordinates>
			</Point>
		</Placemark>
		<Placemark>
			<name>80+800</name>
			<styleUrl>#pointStyleMap</styleUrl>
			<Style id="inline">
				<IconStyle>
					<color>ffffffaa</color>
					<colorMode>normal</colorMode>
					<Icon>
						<href>http://maps.google.com/mapfiles/kml/pushpin/pink-pushpin.png</href>
					</Icon>
				</IconStyle>
				<LineStyle>
					<color>ffffffaa</color>
					<colorMode>normal</colorMode>
				</LineStyle>
				<PolyStyle>
					<color>ffffffaa</color>
					<colorMode>normal</colorMode>
				</PolyStyle>
			</Style>
			<ExtendedData>
				<SchemaData schemaUrl="#S_patok_heksa_MR_CPL_B__SSDD">
					<SimpleData name="KM">80+800</SimpleData>
					<SimpleData name="JALUR">B</SimpleData>
					<SimpleData name="X">-6.53927</SimpleData>
					<SimpleData name="Y">107.432</SimpleData>
				</SchemaData>
			</ExtendedData>
			<Point>
				<coordinates>107.431746760173,-6.539266814618932,0</coordinates>
			</Point>
		</Placemark>
		<Placemark>
			<name>81+0</name>
			<styleUrl>#pointStyleMap</styleUrl>
			<Style id="inline">
				<IconStyle>
					<color>ffffffaa</color>
					<colorMode>normal</colorMode>
					<Icon>
						<href>http://maps.google.com/mapfiles/kml/pushpin/pink-pushpin.png</href>
					</Icon>
				</IconStyle>
				<LineStyle>
					<color>ffffffaa</color>
					<colorMode>normal</colorMode>
				</LineStyle>
				<PolyStyle>
					<color>ffffffaa</color>
					<colorMode>normal</colorMode>
				</PolyStyle>
			</Style>
			<ExtendedData>
				<SchemaData schemaUrl="#S_patok_heksa_MR_CPL_B__SSDD">
					<SimpleData name="KM">81+0</SimpleData>
					<SimpleData name="JALUR">B</SimpleData>
					<SimpleData name="X">-6.54103</SimpleData>
					<SimpleData name="Y">107.431</SimpleData>
				</SchemaData>
			</ExtendedData>
			<Point>
				<coordinates>107.431493425641,-6.541034567869333,0</coordinates>
			</Point>
		</Placemark>
		<Placemark>
			<name>81+200</name>
			<styleUrl>#pointStyleMap</styleUrl>
			<Style id="inline">
				<IconStyle>
					<color>ffffffaa</color>
					<colorMode>normal</colorMode>
					<Icon>
						<href>http://maps.google.com/mapfiles/kml/pushpin/pink-pushpin.png</href>
					</Icon>
				</IconStyle>
				<LineStyle>
					<color>ffffffaa</color>
					<colorMode>normal</colorMode>
				</LineStyle>
				<PolyStyle>
					<color>ffffffaa</color>
					<colorMode>normal</colorMode>
				</PolyStyle>
			</Style>
			<ExtendedData>
				<SchemaData schemaUrl="#S_patok_heksa_MR_CPL_B__SSDD">
					<SimpleData name="KM">81+200</SimpleData>
					<SimpleData name="JALUR">B</SimpleData>
					<SimpleData name="X">-6.54268</SimpleData>
					<SimpleData name="Y">107.431</SimpleData>
				</SchemaData>
			</ExtendedData>
			<Point>
				<coordinates>107.430821901055,-6.542678259913746,0</coordinates>
			</Point>
		</Placemark>
		<Placemark>
			<name>81+400</name>
			<styleUrl>#pointStyleMap</styleUrl>
			<Style id="inline">
				<IconStyle>
					<color>ffffffaa</color>
					<colorMode>normal</colorMode>
					<Icon>
						<href>http://maps.google.com/mapfiles/kml/pushpin/pink-pushpin.png</href>
					</Icon>
				</IconStyle>
				<LineStyle>
					<color>ffffffaa</color>
					<colorMode>normal</colorMode>
				</LineStyle>
				<PolyStyle>
					<color>ffffffaa</color>
					<colorMode>normal</colorMode>
				</PolyStyle>
			</Style>
			<ExtendedData>
				<SchemaData schemaUrl="#S_patok_heksa_MR_CPL_B__SSDD">
					<SimpleData name="KM">81+400</SimpleData>
					<SimpleData name="JALUR">B</SimpleData>
					<SimpleData name="X">-6.54423</SimpleData>
					<SimpleData name="Y">107.43</SimpleData>
				</SchemaData>
			</ExtendedData>
			<Point>
				<coordinates>107.42985732272,-6.544231154801206,0</coordinates>
			</Point>
		</Placemark>
		<Placemark>
			<name>81+600</name>
			<styleUrl>#pointStyleMap</styleUrl>
			<Style id="inline">
				<IconStyle>
					<color>ffffffaa</color>
					<colorMode>normal</colorMode>
					<Icon>
						<href>http://maps.google.com/mapfiles/kml/pushpin/pink-pushpin.png</href>
					</Icon>
				</IconStyle>
				<LineStyle>
					<color>ffffffaa</color>
					<colorMode>normal</colorMode>
				</LineStyle>
				<PolyStyle>
					<color>ffffffaa</color>
					<colorMode>normal</colorMode>
				</PolyStyle>
			</Style>
			<ExtendedData>
				<SchemaData schemaUrl="#S_patok_heksa_MR_CPL_B__SSDD">
					<SimpleData name="KM">81+600</SimpleData>
					<SimpleData name="JALUR">B</SimpleData>
					<SimpleData name="X">-6.54573</SimpleData>
					<SimpleData name="Y">107.429</SimpleData>
				</SchemaData>
			</ExtendedData>
			<Point>
				<coordinates>107.428850483025,-6.545731928498761,0</coordinates>
			</Point>
		</Placemark>
		<Placemark>
			<name>81+800</name>
			<styleUrl>#pointStyleMap</styleUrl>
			<Style id="inline">
				<IconStyle>
					<color>ffffffaa</color>
					<colorMode>normal</colorMode>
					<Icon>
						<href>http://maps.google.com/mapfiles/kml/pushpin/pink-pushpin.png</href>
					</Icon>
				</IconStyle>
				<LineStyle>
					<color>ffffffaa</color>
					<colorMode>normal</colorMode>
				</LineStyle>
				<PolyStyle>
					<color>ffffffaa</color>
					<colorMode>normal</colorMode>
				</PolyStyle>
			</Style>
			<ExtendedData>
				<SchemaData schemaUrl="#S_patok_heksa_MR_CPL_B__SSDD">
					<SimpleData name="KM">81+800</SimpleData>
					<SimpleData name="JALUR">B</SimpleData>
					<SimpleData name="X">-6.54732</SimpleData>
					<SimpleData name="Y">107.428</SimpleData>
				</SchemaData>
			</ExtendedData>
			<Point>
				<coordinates>107.427919596327,-6.547318000287707,0</coordinates>
			</Point>
		</Placemark>
		<Placemark>
			<name>82+0</name>
			<styleUrl>#pointStyleMap</styleUrl>
			<Style id="inline">
				<IconStyle>
					<color>ffffffaa</color>
					<colorMode>normal</colorMode>
					<Icon>
						<href>http://maps.google.com/mapfiles/kml/pushpin/pink-pushpin.png</href>
					</Icon>
				</IconStyle>
				<LineStyle>
					<color>ffffffaa</color>
					<colorMode>normal</colorMode>
				</LineStyle>
				<PolyStyle>
					<color>ffffffaa</color>
					<colorMode>normal</colorMode>
				</PolyStyle>
			</Style>
			<ExtendedData>
				<SchemaData schemaUrl="#S_patok_heksa_MR_CPL_B__SSDD">
					<SimpleData name="KM">82+0</SimpleData>
					<SimpleData name="JALUR">B</SimpleData>
					<SimpleData name="X">-6.54897</SimpleData>
					<SimpleData name="Y">107.427</SimpleData>
				</SchemaData>
			</ExtendedData>
			<Point>
				<coordinates>107.42712973952,-6.548974190145424,0</coordinates>
			</Point>
		</Placemark>
		<Placemark>
			<name>82+200</name>
			<styleUrl>#pointStyleMap</styleUrl>
			<Style id="inline">
				<IconStyle>
					<color>ffffffaa</color>
					<colorMode>normal</colorMode>
					<Icon>
						<href>http://maps.google.com/mapfiles/kml/pushpin/pink-pushpin.png</href>
					</Icon>
				</IconStyle>
				<LineStyle>
					<color>ffffffaa</color>
					<colorMode>normal</colorMode>
				</LineStyle>
				<PolyStyle>
					<color>ffffffaa</color>
					<colorMode>normal</colorMode>
				</PolyStyle>
			</Style>
			<ExtendedData>
				<SchemaData schemaUrl="#S_patok_heksa_MR_CPL_B__SSDD">
					<SimpleData name="KM">82+200</SimpleData>
					<SimpleData name="JALUR">B</SimpleData>
					<SimpleData name="X">-6.55062</SimpleData>
					<SimpleData name="Y">107.426</SimpleData>
				</SchemaData>
			</ExtendedData>
			<Point>
				<coordinates>107.426498434062,-6.550617802389951,0</coordinates>
			</Point>
		</Placemark>
		<Placemark>
			<name>82+400</name>
			<styleUrl>#pointStyleMap</styleUrl>
			<Style id="inline">
				<IconStyle>
					<color>ffffffaa</color>
					<colorMode>normal</colorMode>
					<Icon>
						<href>http://maps.google.com/mapfiles/kml/pushpin/pink-pushpin.png</href>
					</Icon>
				</IconStyle>
				<LineStyle>
					<color>ffffffaa</color>
					<colorMode>normal</colorMode>
				</LineStyle>
				<PolyStyle>
					<color>ffffffaa</color>
					<colorMode>normal</colorMode>
				</PolyStyle>
			</Style>
			<ExtendedData>
				<SchemaData schemaUrl="#S_patok_heksa_MR_CPL_B__SSDD">
					<SimpleData name="KM">82+400</SimpleData>
					<SimpleData name="JALUR">B</SimpleData>
					<SimpleData name="X">-6.55238</SimpleData>
					<SimpleData name="Y">107.426</SimpleData>
				</SchemaData>
			</ExtendedData>
			<Point>
				<coordinates>107.425958040124,-6.552382549202833,0</coordinates>
			</Point>
		</Placemark>
		<Placemark>
			<name>82+600</name>
			<styleUrl>#pointStyleMap</styleUrl>
			<Style id="inline">
				<IconStyle>
					<color>ffffffaa</color>
					<colorMode>normal</colorMode>
					<Icon>
						<href>http://maps.google.com/mapfiles/kml/pushpin/pink-pushpin.png</href>
					</Icon>
				</IconStyle>
				<LineStyle>
					<color>ffffffaa</color>
					<colorMode>normal</colorMode>
				</LineStyle>
				<PolyStyle>
					<color>ffffffaa</color>
					<colorMode>normal</colorMode>
				</PolyStyle>
			</Style>
			<ExtendedData>
				<SchemaData schemaUrl="#S_patok_heksa_MR_CPL_B__SSDD">
					<SimpleData name="KM">82+600</SimpleData>
					<SimpleData name="JALUR">B</SimpleData>
					<SimpleData name="X">-6.55415</SimpleData>
					<SimpleData name="Y">107.426</SimpleData>
				</SchemaData>
			</ExtendedData>
			<Point>
				<coordinates>107.425587614705,-6.554151982690324,0</coordinates>
			</Point>
		</Placemark>
		<Placemark>
			<name>82+800</name>
			<styleUrl>#pointStyleMap</styleUrl>
			<Style id="inline">
				<IconStyle>
					<color>ffffffaa</color>
					<colorMode>normal</colorMode>
					<Icon>
						<href>http://maps.google.com/mapfiles/kml/pushpin/pink-pushpin.png</href>
					</Icon>
				</IconStyle>
				<LineStyle>
					<color>ffffffaa</color>
					<colorMode>normal</colorMode>
				</LineStyle>
				<PolyStyle>
					<color>ffffffaa</color>
					<colorMode>normal</colorMode>
				</PolyStyle>
			</Style>
			<ExtendedData>
				<SchemaData schemaUrl="#S_patok_heksa_MR_CPL_B__SSDD">
					<SimpleData name="KM">82+800</SimpleData>
					<SimpleData name="JALUR">B</SimpleData>
					<SimpleData name="X">-6.55596</SimpleData>
					<SimpleData name="Y">107.425</SimpleData>
				</SchemaData>
			</ExtendedData>
			<Point>
				<coordinates>107.425328024017,-6.555962622291696,0</coordinates>
			</Point>
		</Placemark>
		<Placemark>
			<name>83+0</name>
			<styleUrl>#pointStyleMap</styleUrl>
			<Style id="inline">
				<IconStyle>
					<color>ffffffaa</color>
					<colorMode>normal</colorMode>
					<Icon>
						<href>http://maps.google.com/mapfiles/kml/pushpin/pink-pushpin.png</href>
					</Icon>
				</IconStyle>
				<LineStyle>
					<color>ffffffaa</color>
					<colorMode>normal</colorMode>
				</LineStyle>
				<PolyStyle>
					<color>ffffffaa</color>
					<colorMode>normal</colorMode>
				</PolyStyle>
			</Style>
			<ExtendedData>
				<SchemaData schemaUrl="#S_patok_heksa_MR_CPL_B__SSDD">
					<SimpleData name="KM">83+0</SimpleData>
					<SimpleData name="JALUR">B</SimpleData>
					<SimpleData name="X">-6.55774</SimpleData>
					<SimpleData name="Y">107.425</SimpleData>
				</SchemaData>
			</ExtendedData>
			<Point>
				<coordinates>107.425111155658,-6.557739096858946,0</coordinates>
			</Point>
		</Placemark>
		<Placemark>
			<name>83+200</name>
			<styleUrl>#pointStyleMap</styleUrl>
			<Style id="inline">
				<IconStyle>
					<color>ffffffaa</color>
					<colorMode>normal</colorMode>
					<Icon>
						<href>http://maps.google.com/mapfiles/kml/pushpin/pink-pushpin.png</href>
					</Icon>
				</IconStyle>
				<LineStyle>
					<color>ffffffaa</color>
					<colorMode>normal</colorMode>
				</LineStyle>
				<PolyStyle>
					<color>ffffffaa</color>
					<colorMode>normal</colorMode>
				</PolyStyle>
			</Style>
			<ExtendedData>
				<SchemaData schemaUrl="#S_patok_heksa_MR_CPL_B__SSDD">
					<SimpleData name="KM">83+200</SimpleData>
					<SimpleData name="JALUR">B</SimpleData>
					<SimpleData name="X">-6.55955</SimpleData>
					<SimpleData name="Y">107.425</SimpleData>
				</SchemaData>
			</ExtendedData>
			<Point>
				<coordinates>107.424931517673,-6.559549456524882,0</coordinates>
			</Point>
		</Placemark>
		<Placemark>
			<name>83+400</name>
			<styleUrl>#pointStyleMap</styleUrl>
			<Style id="inline">
				<IconStyle>
					<color>ffffffaa</color>
					<colorMode>normal</colorMode>
					<Icon>
						<href>http://maps.google.com/mapfiles/kml/pushpin/pink-pushpin.png</href>
					</Icon>
				</IconStyle>
				<LineStyle>
					<color>ffffffaa</color>
					<colorMode>normal</colorMode>
				</LineStyle>
				<PolyStyle>
					<color>ffffffaa</color>
					<colorMode>normal</colorMode>
				</PolyStyle>
			</Style>
			<ExtendedData>
				<SchemaData schemaUrl="#S_patok_heksa_MR_CPL_B__SSDD">
					<SimpleData name="KM">83+400</SimpleData>
					<SimpleData name="JALUR">B</SimpleData>
					<SimpleData name="X">-6.56136</SimpleData>
					<SimpleData name="Y">107.425</SimpleData>
				</SchemaData>
			</ExtendedData>
			<Point>
				<coordinates>107.424984114597,-6.561355744324196,0</coordinates>
			</Point>
		</Placemark>
		<Placemark>
			<name>83+600</name>
			<styleUrl>#pointStyleMap</styleUrl>
			<Style id="inline">
				<IconStyle>
					<color>ffffffaa</color>
					<colorMode>normal</colorMode>
					<Icon>
						<href>http://maps.google.com/mapfiles/kml/pushpin/pink-pushpin.png</href>
					</Icon>
				</IconStyle>
				<LineStyle>
					<color>ffffffaa</color>
					<colorMode>normal</colorMode>
				</LineStyle>
				<PolyStyle>
					<color>ffffffaa</color>
					<colorMode>normal</colorMode>
				</PolyStyle>
			</Style>
			<ExtendedData>
				<SchemaData schemaUrl="#S_patok_heksa_MR_CPL_B__SSDD">
					<SimpleData name="KM">83+600</SimpleData>
					<SimpleData name="JALUR">B</SimpleData>
					<SimpleData name="X">-6.56318</SimpleData>
					<SimpleData name="Y">107.425</SimpleData>
				</SchemaData>
			</ExtendedData>
			<Point>
				<coordinates>107.425285561851,-6.563182272674943,0</coordinates>
			</Point>
		</Placemark>
		<Placemark>
			<name>83+800</name>
			<styleUrl>#pointStyleMap</styleUrl>
			<Style id="inline">
				<IconStyle>
					<color>ffffffaa</color>
					<colorMode>normal</colorMode>
					<Icon>
						<href>http://maps.google.com/mapfiles/kml/pushpin/pink-pushpin.png</href>
					</Icon>
				</IconStyle>
				<LineStyle>
					<color>ffffffaa</color>
					<colorMode>normal</colorMode>
				</LineStyle>
				<PolyStyle>
					<color>ffffffaa</color>
					<colorMode>normal</colorMode>
				</PolyStyle>
			</Style>
			<ExtendedData>
				<SchemaData schemaUrl="#S_patok_heksa_MR_CPL_B__SSDD">
					<SimpleData name="KM">83+800</SimpleData>
					<SimpleData name="JALUR">B</SimpleData>
					<SimpleData name="X">-6.56489</SimpleData>
					<SimpleData name="Y">107.426</SimpleData>
				</SchemaData>
			</ExtendedData>
			<Point>
				<coordinates>107.425814477684,-6.564889610851021,0</coordinates>
			</Point>
		</Placemark>
		<Placemark>
			<name>84+0</name>
			<styleUrl>#pointStyleMap</styleUrl>
			<Style id="inline">
				<IconStyle>
					<color>ffffffaa</color>
					<colorMode>normal</colorMode>
					<Icon>
						<href>http://maps.google.com/mapfiles/kml/pushpin/pink-pushpin.png</href>
					</Icon>
				</IconStyle>
				<LineStyle>
					<color>ffffffaa</color>
					<colorMode>normal</colorMode>
				</LineStyle>
				<PolyStyle>
					<color>ffffffaa</color>
					<colorMode>normal</colorMode>
				</PolyStyle>
			</Style>
			<ExtendedData>
				<SchemaData schemaUrl="#S_patok_heksa_MR_CPL_B__SSDD">
					<SimpleData name="KM">84+0</SimpleData>
					<SimpleData name="JALUR">B</SimpleData>
					<SimpleData name="X">-6.56658</SimpleData>
					<SimpleData name="Y">107.427</SimpleData>
				</SchemaData>
			</ExtendedData>
			<Point>
				<coordinates>107.426590579585,-6.566580639836161,0</coordinates>
			</Point>
		</Placemark>
		<Placemark>
			<name>84+200</name>
			<styleUrl>#pointStyleMap</styleUrl>
			<Style id="inline">
				<IconStyle>
					<color>ffffffaa</color>
					<colorMode>normal</colorMode>
					<Icon>
						<href>http://maps.google.com/mapfiles/kml/pushpin/pink-pushpin.png</href>
					</Icon>
				</IconStyle>
				<LineStyle>
					<color>ffffffaa</color>
					<colorMode>normal</colorMode>
				</LineStyle>
				<PolyStyle>
					<color>ffffffaa</color>
					<colorMode>normal</colorMode>
				</PolyStyle>
			</Style>
			<ExtendedData>
				<SchemaData schemaUrl="#S_patok_heksa_MR_CPL_B__SSDD">
					<SimpleData name="KM">84+200</SimpleData>
					<SimpleData name="JALUR">B</SimpleData>
					<SimpleData name="X">-6.56813</SimpleData>
					<SimpleData name="Y">107.428</SimpleData>
				</SchemaData>
			</ExtendedData>
			<Point>
				<coordinates>107.427568818194,-6.568128967475961,0</coordinates>
			</Point>
		</Placemark>
		<Placemark>
			<name>84+400</name>
			<styleUrl>#pointStyleMap</styleUrl>
			<Style id="inline">
				<IconStyle>
					<color>ffffffaa</color>
					<colorMode>normal</colorMode>
					<Icon>
						<href>http://maps.google.com/mapfiles/kml/pushpin/pink-pushpin.png</href>
					</Icon>
				</IconStyle>
				<LineStyle>
					<color>ffffffaa</color>
					<colorMode>normal</colorMode>
				</LineStyle>
				<PolyStyle>
					<color>ffffffaa</color>
					<colorMode>normal</colorMode>
				</PolyStyle>
			</Style>
			<ExtendedData>
				<SchemaData schemaUrl="#S_patok_heksa_MR_CPL_B__SSDD">
					<SimpleData name="KM">84+400</SimpleData>
					<SimpleData name="JALUR">B</SimpleData>
					<SimpleData name="X">-6.56956</SimpleData>
					<SimpleData name="Y">107.429</SimpleData>
				</SchemaData>
			</ExtendedData>
			<Point>
				<coordinates>107.428762431426,-6.569563375745185,0</coordinates>
			</Point>
		</Placemark>
		<Placemark>
			<name>84+600</name>
			<styleUrl>#pointStyleMap</styleUrl>
			<Style id="inline">
				<IconStyle>
					<color>ffffffaa</color>
					<colorMode>normal</colorMode>
					<Icon>
						<href>http://maps.google.com/mapfiles/kml/pushpin/pink-pushpin.png</href>
					</Icon>
				</IconStyle>
				<LineStyle>
					<color>ffffffaa</color>
					<colorMode>normal</colorMode>
				</LineStyle>
				<PolyStyle>
					<color>ffffffaa</color>
					<colorMode>normal</colorMode>
				</PolyStyle>
			</Style>
			<ExtendedData>
				<SchemaData schemaUrl="#S_patok_heksa_MR_CPL_B__SSDD">
					<SimpleData name="KM">84+600</SimpleData>
					<SimpleData name="JALUR">B</SimpleData>
					<SimpleData name="X">-6.5708</SimpleData>
					<SimpleData name="Y">107.43</SimpleData>
				</SchemaData>
			</ExtendedData>
			<Point>
				<coordinates>107.430103037522,-6.570801791267176,0</coordinates>
			</Point>
		</Placemark>
		<Placemark>
			<name>84+800</name>
			<styleUrl>#pointStyleMap</styleUrl>
			<Style id="inline">
				<IconStyle>
					<color>ffffffaa</color>
					<colorMode>normal</colorMode>
					<Icon>
						<href>http://maps.google.com/mapfiles/kml/pushpin/pink-pushpin.png</href>
					</Icon>
				</IconStyle>
				<LineStyle>
					<color>ffffffaa</color>
					<colorMode>normal</colorMode>
				</LineStyle>
				<PolyStyle>
					<color>ffffffaa</color>
					<colorMode>normal</colorMode>
				</PolyStyle>
			</Style>
			<ExtendedData>
				<SchemaData schemaUrl="#S_patok_heksa_MR_CPL_B__SSDD">
					<SimpleData name="KM">84+800</SimpleData>
					<SimpleData name="JALUR">B</SimpleData>
					<SimpleData name="X">-6.57196</SimpleData>
					<SimpleData name="Y">107.432</SimpleData>
				</SchemaData>
			</ExtendedData>
			<Point>
				<coordinates>107.43151937685,-6.571962088900529,0</coordinates>
			</Point>
		</Placemark>
		<Placemark>
			<name>85+0</name>
			<styleUrl>#pointStyleMap</styleUrl>
			<Style id="inline">
				<IconStyle>
					<color>ffffffaa</color>
					<colorMode>normal</colorMode>
					<Icon>
						<href>http://maps.google.com/mapfiles/kml/pushpin/pink-pushpin.png</href>
					</Icon>
				</IconStyle>
				<LineStyle>
					<color>ffffffaa</color>
					<colorMode>normal</colorMode>
				</LineStyle>
				<PolyStyle>
					<color>ffffffaa</color>
					<colorMode>normal</colorMode>
				</PolyStyle>
			</Style>
			<ExtendedData>
				<SchemaData schemaUrl="#S_patok_heksa_MR_CPL_B__SSDD">
					<SimpleData name="KM">85+0</SimpleData>
					<SimpleData name="JALUR">B</SimpleData>
					<SimpleData name="X">-6.57322</SimpleData>
					<SimpleData name="Y">107.433</SimpleData>
				</SchemaData>
			</ExtendedData>
			<Point>
				<coordinates>107.432759150688,-6.573217192144005,0</coordinates>
			</Point>
		</Placemark>
		<Placemark>
			<name>85+200</name>
			<styleUrl>#pointStyleMap</styleUrl>
			<Style id="inline">
				<IconStyle>
					<color>ffffffaa</color>
					<colorMode>normal</colorMode>
					<Icon>
						<href>http://maps.google.com/mapfiles/kml/pushpin/pink-pushpin.png</href>
					</Icon>
				</IconStyle>
				<LineStyle>
					<color>ffffffaa</color>
					<colorMode>normal</colorMode>
				</LineStyle>
				<PolyStyle>
					<color>ffffffaa</color>
					<colorMode>normal</colorMode>
				</PolyStyle>
			</Style>
			<ExtendedData>
				<SchemaData schemaUrl="#S_patok_heksa_MR_CPL_B__SSDD">
					<SimpleData name="KM">85+200</SimpleData>
					<SimpleData name="JALUR">B</SimpleData>
					<SimpleData name="X">-6.57472</SimpleData>
					<SimpleData name="Y">107.434</SimpleData>
				</SchemaData>
			</ExtendedData>
			<Point>
				<coordinates>107.433673282734,-6.574723618296705,0</coordinates>
			</Point>
		</Placemark>
		<Placemark>
			<name>85+400</name>
			<styleUrl>#pointStyleMap</styleUrl>
			<Style id="inline">
				<IconStyle>
					<color>ffffffaa</color>
					<colorMode>normal</colorMode>
					<Icon>
						<href>http://maps.google.com/mapfiles/kml/pushpin/pink-pushpin.png</href>
					</Icon>
				</IconStyle>
				<LineStyle>
					<color>ffffffaa</color>
					<colorMode>normal</colorMode>
				</LineStyle>
				<PolyStyle>
					<color>ffffffaa</color>
					<colorMode>normal</colorMode>
				</PolyStyle>
			</Style>
			<ExtendedData>
				<SchemaData schemaUrl="#S_patok_heksa_MR_CPL_B__SSDD">
					<SimpleData name="KM">85+400</SimpleData>
					<SimpleData name="JALUR">B</SimpleData>
					<SimpleData name="X">-6.57637</SimpleData>
					<SimpleData name="Y">107.434</SimpleData>
				</SchemaData>
			</ExtendedData>
			<Point>
				<coordinates>107.434205640846,-6.576369330800778,0</coordinates>
			</Point>
		</Placemark>
		<Placemark>
			<name>85+600</name>
			<styleUrl>#pointStyleMap</styleUrl>
			<Style id="inline">
				<IconStyle>
					<color>ffffffaa</color>
					<colorMode>normal</colorMode>
					<Icon>
						<href>http://maps.google.com/mapfiles/kml/pushpin/pink-pushpin.png</href>
					</Icon>
				</IconStyle>
				<LineStyle>
					<color>ffffffaa</color>
					<colorMode>normal</colorMode>
				</LineStyle>
				<PolyStyle>
					<color>ffffffaa</color>
					<colorMode>normal</colorMode>
				</PolyStyle>
			</Style>
			<ExtendedData>
				<SchemaData schemaUrl="#S_patok_heksa_MR_CPL_B__SSDD">
					<SimpleData name="KM">85+600</SimpleData>
					<SimpleData name="JALUR">B</SimpleData>
					<SimpleData name="X">-6.57819</SimpleData>
					<SimpleData name="Y">107.434</SimpleData>
				</SchemaData>
			</ExtendedData>
			<Point>
				<coordinates>107.434339654607,-6.57819053063176,0</coordinates>
			</Point>
		</Placemark>
		<Placemark>
			<name>85+800</name>
			<styleUrl>#pointStyleMap</styleUrl>
			<Style id="inline">
				<IconStyle>
					<color>ffffffaa</color>
					<colorMode>normal</colorMode>
					<Icon>
						<href>http://maps.google.com/mapfiles/kml/pushpin/pink-pushpin.png</href>
					</Icon>
				</IconStyle>
				<LineStyle>
					<color>ffffffaa</color>
					<colorMode>normal</colorMode>
				</LineStyle>
				<PolyStyle>
					<color>ffffffaa</color>
					<colorMode>normal</colorMode>
				</PolyStyle>
			</Style>
			<ExtendedData>
				<SchemaData schemaUrl="#S_patok_heksa_MR_CPL_B__SSDD">
					<SimpleData name="KM">85+800</SimpleData>
					<SimpleData name="JALUR">B</SimpleData>
					<SimpleData name="X">-6.57991</SimpleData>
					<SimpleData name="Y">107.434</SimpleData>
				</SchemaData>
			</ExtendedData>
			<Point>
				<coordinates>107.434042660362,-6.579910873225401,0</coordinates>
			</Point>
		</Placemark>
		<Placemark>
			<name>86+0</name>
			<styleUrl>#pointStyleMap</styleUrl>
			<Style id="inline">
				<IconStyle>
					<color>ffffffaa</color>
					<colorMode>normal</colorMode>
					<Icon>
						<href>http://maps.google.com/mapfiles/kml/pushpin/pink-pushpin.png</href>
					</Icon>
				</IconStyle>
				<LineStyle>
					<color>ffffffaa</color>
					<colorMode>normal</colorMode>
				</LineStyle>
				<PolyStyle>
					<color>ffffffaa</color>
					<colorMode>normal</colorMode>
				</PolyStyle>
			</Style>
			<ExtendedData>
				<SchemaData schemaUrl="#S_patok_heksa_MR_CPL_B__SSDD">
					<SimpleData name="KM">86+0</SimpleData>
					<SimpleData name="JALUR">B</SimpleData>
					<SimpleData name="X">-6.58158</SimpleData>
					<SimpleData name="Y">107.433</SimpleData>
				</SchemaData>
			</ExtendedData>
			<Point>
				<coordinates>107.433385359877,-6.581577516009443,0</coordinates>
			</Point>
		</Placemark>
		<Placemark>
			<name>86+200</name>
			<styleUrl>#pointStyleMap</styleUrl>
			<Style id="inline">
				<IconStyle>
					<color>ffffffaa</color>
					<colorMode>normal</colorMode>
					<Icon>
						<href>http://maps.google.com/mapfiles/kml/pushpin/pink-pushpin.png</href>
					</Icon>
				</IconStyle>
				<LineStyle>
					<color>ffffffaa</color>
					<colorMode>normal</colorMode>
				</LineStyle>
				<PolyStyle>
					<color>ffffffaa</color>
					<colorMode>normal</colorMode>
				</PolyStyle>
			</Style>
			<ExtendedData>
				<SchemaData schemaUrl="#S_patok_heksa_MR_CPL_B__SSDD">
					<SimpleData name="KM">86+200</SimpleData>
					<SimpleData name="JALUR">B</SimpleData>
					<SimpleData name="X">-6.58326</SimpleData>
					<SimpleData name="Y">107.433</SimpleData>
				</SchemaData>
			</ExtendedData>
			<Point>
				<coordinates>107.432666299094,-6.583255073782118,0</coordinates>
			</Point>
		</Placemark>
		<Placemark>
			<name>86+400</name>
			<styleUrl>#pointStyleMap</styleUrl>
			<Style id="inline">
				<IconStyle>
					<color>ffffffaa</color>
					<colorMode>normal</colorMode>
					<Icon>
						<href>http://maps.google.com/mapfiles/kml/pushpin/pink-pushpin.png</href>
					</Icon>
				</IconStyle>
				<LineStyle>
					<color>ffffffaa</color>
					<colorMode>normal</colorMode>
				</LineStyle>
				<PolyStyle>
					<color>ffffffaa</color>
					<colorMode>normal</colorMode>
				</PolyStyle>
			</Style>
			<ExtendedData>
				<SchemaData schemaUrl="#S_patok_heksa_MR_CPL_B__SSDD">
					<SimpleData name="KM">86+400</SimpleData>
					<SimpleData name="JALUR">B</SimpleData>
					<SimpleData name="X">-6.58497</SimpleData>
					<SimpleData name="Y">107.432</SimpleData>
				</SchemaData>
			</ExtendedData>
			<Point>
				<coordinates>107.432026967233,-6.584967049729123,0</coordinates>
			</Point>
		</Placemark>
		<Placemark>
			<name>86+600</name>
			<styleUrl>#pointStyleMap</styleUrl>
			<Style id="inline">
				<IconStyle>
					<color>ffffffaa</color>
					<colorMode>normal</colorMode>
					<Icon>
						<href>http://maps.google.com/mapfiles/kml/pushpin/pink-pushpin.png</href>
					</Icon>
				</IconStyle>
				<LineStyle>
					<color>ffffffaa</color>
					<colorMode>normal</colorMode>
				</LineStyle>
				<PolyStyle>
					<color>ffffffaa</color>
					<colorMode>normal</colorMode>
				</PolyStyle>
			</Style>
			<ExtendedData>
				<SchemaData schemaUrl="#S_patok_heksa_MR_CPL_B__SSDD">
					<SimpleData name="KM">86+600</SimpleData>
					<SimpleData name="JALUR">B</SimpleData>
					<SimpleData name="X">-6.5867</SimpleData>
					<SimpleData name="Y">107.431</SimpleData>
				</SchemaData>
			</ExtendedData>
			<Point>
				<coordinates>107.431487158781,-6.586700584211025,0</coordinates>
			</Point>
		</Placemark>
		<Placemark>
			<name>86+800</name>
			<styleUrl>#pointStyleMap</styleUrl>
			<Style id="inline">
				<IconStyle>
					<color>ffffffaa</color>
					<colorMode>normal</colorMode>
					<Icon>
						<href>http://maps.google.com/mapfiles/kml/pushpin/pink-pushpin.png</href>
					</Icon>
				</IconStyle>
				<LineStyle>
					<color>ffffffaa</color>
					<colorMode>normal</colorMode>
				</LineStyle>
				<PolyStyle>
					<color>ffffffaa</color>
					<colorMode>normal</colorMode>
				</PolyStyle>
			</Style>
			<ExtendedData>
				<SchemaData schemaUrl="#S_patok_heksa_MR_CPL_B__SSDD">
					<SimpleData name="KM">86+800</SimpleData>
					<SimpleData name="JALUR">B</SimpleData>
					<SimpleData name="X">-6.58845</SimpleData>
					<SimpleData name="Y">107.431</SimpleData>
				</SchemaData>
			</ExtendedData>
			<Point>
				<coordinates>107.431045855474,-6.588449169890856,0</coordinates>
			</Point>
		</Placemark>
		<Placemark>
			<name>87+0</name>
			<styleUrl>#pointStyleMap</styleUrl>
			<Style id="inline">
				<IconStyle>
					<color>ffffffaa</color>
					<colorMode>normal</colorMode>
					<Icon>
						<href>http://maps.google.com/mapfiles/kml/pushpin/pink-pushpin.png</href>
					</Icon>
				</IconStyle>
				<LineStyle>
					<color>ffffffaa</color>
					<colorMode>normal</colorMode>
				</LineStyle>
				<PolyStyle>
					<color>ffffffaa</color>
					<colorMode>normal</colorMode>
				</PolyStyle>
			</Style>
			<ExtendedData>
				<SchemaData schemaUrl="#S_patok_heksa_MR_CPL_B__SSDD">
					<SimpleData name="KM">87+0</SimpleData>
					<SimpleData name="JALUR">B</SimpleData>
					<SimpleData name="X">-6.59024</SimpleData>
					<SimpleData name="Y">107.431</SimpleData>
				</SchemaData>
			</ExtendedData>
			<Point>
				<coordinates>107.430669040712,-6.590235557553889,0</coordinates>
			</Point>
		</Placemark>
		<Placemark>
			<name>87+200</name>
			<styleUrl>#pointStyleMap</styleUrl>
			<Style id="inline">
				<IconStyle>
					<color>ffffffaa</color>
					<colorMode>normal</colorMode>
					<Icon>
						<href>http://maps.google.com/mapfiles/kml/pushpin/pink-pushpin.png</href>
					</Icon>
				</IconStyle>
				<LineStyle>
					<color>ffffffaa</color>
					<colorMode>normal</colorMode>
				</LineStyle>
				<PolyStyle>
					<color>ffffffaa</color>
					<colorMode>normal</colorMode>
				</PolyStyle>
			</Style>
			<ExtendedData>
				<SchemaData schemaUrl="#S_patok_heksa_MR_CPL_B__SSDD">
					<SimpleData name="KM">87+200</SimpleData>
					<SimpleData name="JALUR">B</SimpleData>
					<SimpleData name="X">-6.59202</SimpleData>
					<SimpleData name="Y">107.43</SimpleData>
				</SchemaData>
			</ExtendedData>
			<Point>
				<coordinates>107.430354635372,-6.59201789551515,0</coordinates>
			</Point>
		</Placemark>
		<Placemark>
			<name>87+400</name>
			<styleUrl>#pointStyleMap</styleUrl>
			<Style id="inline">
				<IconStyle>
					<color>ffffffaa</color>
					<colorMode>normal</colorMode>
					<Icon>
						<href>http://maps.google.com/mapfiles/kml/pushpin/pink-pushpin.png</href>
					</Icon>
				</IconStyle>
				<LineStyle>
					<color>ffffffaa</color>
					<colorMode>normal</colorMode>
				</LineStyle>
				<PolyStyle>
					<color>ffffffaa</color>
					<colorMode>normal</colorMode>
				</PolyStyle>
			</Style>
			<ExtendedData>
				<SchemaData schemaUrl="#S_patok_heksa_MR_CPL_B__SSDD">
					<SimpleData name="KM">87+400</SimpleData>
					<SimpleData name="JALUR">B</SimpleData>
					<SimpleData name="X">-6.59376</SimpleData>
					<SimpleData name="Y">107.43</SimpleData>
				</SchemaData>
			</ExtendedData>
			<Point>
				<coordinates>107.429908140355,-6.593758005432909,0</coordinates>
			</Point>
		</Placemark>
		<Placemark>
			<name>87+600</name>
			<styleUrl>#pointStyleMap</styleUrl>
			<Style id="inline">
				<IconStyle>
					<color>ffffffaa</color>
					<colorMode>normal</colorMode>
					<Icon>
						<href>http://maps.google.com/mapfiles/kml/pushpin/pink-pushpin.png</href>
					</Icon>
				</IconStyle>
				<LineStyle>
					<color>ffffffaa</color>
					<colorMode>normal</colorMode>
				</LineStyle>
				<PolyStyle>
					<color>ffffffaa</color>
					<colorMode>normal</colorMode>
				</PolyStyle>
			</Style>
			<ExtendedData>
				<SchemaData schemaUrl="#S_patok_heksa_MR_CPL_B__SSDD">
					<SimpleData name="KM">87+600</SimpleData>
					<SimpleData name="JALUR">B</SimpleData>
					<SimpleData name="X">-6.59547</SimpleData>
					<SimpleData name="Y">107.429</SimpleData>
				</SchemaData>
			</ExtendedData>
			<Point>
				<coordinates>107.42934613375,-6.595465522645072,0</coordinates>
			</Point>
		</Placemark>
		<Placemark>
			<name>87+800</name>
			<styleUrl>#pointStyleMap</styleUrl>
			<Style id="inline">
				<IconStyle>
					<color>ffffffaa</color>
					<colorMode>normal</colorMode>
					<Icon>
						<href>http://maps.google.com/mapfiles/kml/pushpin/pink-pushpin.png</href>
					</Icon>
				</IconStyle>
				<LineStyle>
					<color>ffffffaa</color>
					<colorMode>normal</colorMode>
				</LineStyle>
				<PolyStyle>
					<color>ffffffaa</color>
					<colorMode>normal</colorMode>
				</PolyStyle>
			</Style>
			<ExtendedData>
				<SchemaData schemaUrl="#S_patok_heksa_MR_CPL_B__SSDD">
					<SimpleData name="KM">87+800</SimpleData>
					<SimpleData name="JALUR">B</SimpleData>
					<SimpleData name="X">-6.5971</SimpleData>
					<SimpleData name="Y">107.429</SimpleData>
				</SchemaData>
			</ExtendedData>
			<Point>
				<coordinates>107.428664242568,-6.597099454902226,0</coordinates>
			</Point>
		</Placemark>
		<Placemark>
			<name>88+0</name>
			<styleUrl>#pointStyleMap</styleUrl>
			<Style id="inline">
				<IconStyle>
					<color>ffffffaa</color>
					<colorMode>normal</colorMode>
					<Icon>
						<href>http://maps.google.com/mapfiles/kml/pushpin/pink-pushpin.png</href>
					</Icon>
				</IconStyle>
				<LineStyle>
					<color>ffffffaa</color>
					<colorMode>normal</colorMode>
				</LineStyle>
				<PolyStyle>
					<color>ffffffaa</color>
					<colorMode>normal</colorMode>
				</PolyStyle>
			</Style>
			<ExtendedData>
				<SchemaData schemaUrl="#S_patok_heksa_MR_CPL_B__SSDD">
					<SimpleData name="KM">88+0</SimpleData>
					<SimpleData name="JALUR">B</SimpleData>
					<SimpleData name="X">-6.59871</SimpleData>
					<SimpleData name="Y">107.428</SimpleData>
				</SchemaData>
			</ExtendedData>
			<Point>
				<coordinates>107.427870405213,-6.598711369363435,0</coordinates>
			</Point>
		</Placemark>
		<Placemark>
			<name>88+200</name>
			<styleUrl>#pointStyleMap</styleUrl>
			<Style id="inline">
				<IconStyle>
					<color>ffffffaa</color>
					<colorMode>normal</colorMode>
					<Icon>
						<href>http://maps.google.com/mapfiles/kml/pushpin/pink-pushpin.png</href>
					</Icon>
				</IconStyle>
				<LineStyle>
					<color>ffffffaa</color>
					<colorMode>normal</colorMode>
				</LineStyle>
				<PolyStyle>
					<color>ffffffaa</color>
					<colorMode>normal</colorMode>
				</PolyStyle>
			</Style>
			<ExtendedData>
				<SchemaData schemaUrl="#S_patok_heksa_MR_CPL_B__SSDD">
					<SimpleData name="KM">88+200</SimpleData>
					<SimpleData name="JALUR">B</SimpleData>
					<SimpleData name="X">-6.60029</SimpleData>
					<SimpleData name="Y">107.427</SimpleData>
				</SchemaData>
			</ExtendedData>
			<Point>
				<coordinates>107.426985541101,-6.600291094954533,0</coordinates>
			</Point>
		</Placemark>
		<Placemark>
			<name>88+400</name>
			<styleUrl>#pointStyleMap</styleUrl>
			<Style id="inline">
				<IconStyle>
					<color>ffffffaa</color>
					<colorMode>normal</colorMode>
					<Icon>
						<href>http://maps.google.com/mapfiles/kml/pushpin/pink-pushpin.png</href>
					</Icon>
				</IconStyle>
				<LineStyle>
					<color>ffffffaa</color>
					<colorMode>normal</colorMode>
				</LineStyle>
				<PolyStyle>
					<color>ffffffaa</color>
					<colorMode>normal</colorMode>
				</PolyStyle>
			</Style>
			<ExtendedData>
				<SchemaData schemaUrl="#S_patok_heksa_MR_CPL_B__SSDD">
					<SimpleData name="KM">88+400</SimpleData>
					<SimpleData name="JALUR">B</SimpleData>
					<SimpleData name="X">-6.60186</SimpleData>
					<SimpleData name="Y">107.426</SimpleData>
				</SchemaData>
			</ExtendedData>
			<Point>
				<coordinates>107.426113361619,-6.601858500275628,0</coordinates>
			</Point>
		</Placemark>
		<Placemark>
			<name>88+600</name>
			<styleUrl>#pointStyleMap</styleUrl>
			<Style id="inline">
				<IconStyle>
					<color>ffffffaa</color>
					<colorMode>normal</colorMode>
					<Icon>
						<href>http://maps.google.com/mapfiles/kml/pushpin/pink-pushpin.png</href>
					</Icon>
				</IconStyle>
				<LineStyle>
					<color>ffffffaa</color>
					<colorMode>normal</colorMode>
				</LineStyle>
				<PolyStyle>
					<color>ffffffaa</color>
					<colorMode>normal</colorMode>
				</PolyStyle>
			</Style>
			<ExtendedData>
				<SchemaData schemaUrl="#S_patok_heksa_MR_CPL_B__SSDD">
					<SimpleData name="KM">88+600</SimpleData>
					<SimpleData name="JALUR">B</SimpleData>
					<SimpleData name="X">-6.60341</SimpleData>
					<SimpleData name="Y">107.425</SimpleData>
				</SchemaData>
			</ExtendedData>
			<Point>
				<coordinates>107.425157372875,-6.603410075644113,0</coordinates>
			</Point>
		</Placemark>
		<Placemark>
			<name>88+800</name>
			<styleUrl>#pointStyleMap</styleUrl>
			<Style id="inline">
				<IconStyle>
					<color>ffffffaa</color>
					<colorMode>normal</colorMode>
					<Icon>
						<href>http://maps.google.com/mapfiles/kml/pushpin/pink-pushpin.png</href>
					</Icon>
				</IconStyle>
				<LineStyle>
					<color>ffffffaa</color>
					<colorMode>normal</colorMode>
				</LineStyle>
				<PolyStyle>
					<color>ffffffaa</color>
					<colorMode>normal</colorMode>
				</PolyStyle>
			</Style>
			<ExtendedData>
				<SchemaData schemaUrl="#S_patok_heksa_MR_CPL_B__SSDD">
					<SimpleData name="KM">88+800</SimpleData>
					<SimpleData name="JALUR">B</SimpleData>
					<SimpleData name="X">-6.60487</SimpleData>
					<SimpleData name="Y">107.424</SimpleData>
				</SchemaData>
			</ExtendedData>
			<Point>
				<coordinates>107.424179307555,-6.604869809845328,0</coordinates>
			</Point>
		</Placemark>
		<Placemark>
			<name>89+0</name>
			<styleUrl>#pointStyleMap</styleUrl>
			<Style id="inline">
				<IconStyle>
					<color>ffffffaa</color>
					<colorMode>normal</colorMode>
					<Icon>
						<href>http://maps.google.com/mapfiles/kml/pushpin/pink-pushpin.png</href>
					</Icon>
				</IconStyle>
				<LineStyle>
					<color>ffffffaa</color>
					<colorMode>normal</colorMode>
				</LineStyle>
				<PolyStyle>
					<color>ffffffaa</color>
					<colorMode>normal</colorMode>
				</PolyStyle>
			</Style>
			<ExtendedData>
				<SchemaData schemaUrl="#S_patok_heksa_MR_CPL_B__SSDD">
					<SimpleData name="KM">89+0</SimpleData>
					<SimpleData name="JALUR">B</SimpleData>
					<SimpleData name="X">-6.60636</SimpleData>
					<SimpleData name="Y">107.423</SimpleData>
				</SchemaData>
			</ExtendedData>
			<Point>
				<coordinates>107.423148266135,-6.606357097663171,0</coordinates>
			</Point>
		</Placemark>
		<Placemark>
			<name>89+200</name>
			<styleUrl>#pointStyleMap</styleUrl>
			<Style id="inline">
				<IconStyle>
					<color>ffffffaa</color>
					<colorMode>normal</colorMode>
					<Icon>
						<href>http://maps.google.com/mapfiles/kml/pushpin/pink-pushpin.png</href>
					</Icon>
				</IconStyle>
				<LineStyle>
					<color>ffffffaa</color>
					<colorMode>normal</colorMode>
				</LineStyle>
				<PolyStyle>
					<color>ffffffaa</color>
					<colorMode>normal</colorMode>
				</PolyStyle>
			</Style>
			<ExtendedData>
				<SchemaData schemaUrl="#S_patok_heksa_MR_CPL_B__SSDD">
					<SimpleData name="KM">89+200</SimpleData>
					<SimpleData name="JALUR">B</SimpleData>
					<SimpleData name="X">-6.60792</SimpleData>
					<SimpleData name="Y">107.422</SimpleData>
				</SchemaData>
			</ExtendedData>
			<Point>
				<coordinates>107.422224547626,-6.607920561253744,0</coordinates>
			</Point>
		</Placemark>
		<Placemark>
			<name>89+400</name>
			<styleUrl>#pointStyleMap</styleUrl>
			<Style id="inline">
				<IconStyle>
					<color>ffffffaa</color>
					<colorMode>normal</colorMode>
					<Icon>
						<href>http://maps.google.com/mapfiles/kml/pushpin/pink-pushpin.png</href>
					</Icon>
				</IconStyle>
				<LineStyle>
					<color>ffffffaa</color>
					<colorMode>normal</colorMode>
				</LineStyle>
				<PolyStyle>
					<color>ffffffaa</color>
					<colorMode>normal</colorMode>
				</PolyStyle>
			</Style>
			<ExtendedData>
				<SchemaData schemaUrl="#S_patok_heksa_MR_CPL_B__SSDD">
					<SimpleData name="KM">89+400</SimpleData>
					<SimpleData name="JALUR">B</SimpleData>
					<SimpleData name="X">-6.60978</SimpleData>
					<SimpleData name="Y">107.422</SimpleData>
				</SchemaData>
			</ExtendedData>
			<Point>
				<coordinates>107.421603734747,-6.609777848797025,0</coordinates>
			</Point>
		</Placemark>
		<Placemark>
			<name>89+600</name>
			<styleUrl>#pointStyleMap</styleUrl>
			<Style id="inline">
				<IconStyle>
					<color>ffffffaa</color>
					<colorMode>normal</colorMode>
					<Icon>
						<href>http://maps.google.com/mapfiles/kml/pushpin/pink-pushpin.png</href>
					</Icon>
				</IconStyle>
				<LineStyle>
					<color>ffffffaa</color>
					<colorMode>normal</colorMode>
				</LineStyle>
				<PolyStyle>
					<color>ffffffaa</color>
					<colorMode>normal</colorMode>
				</PolyStyle>
			</Style>
			<ExtendedData>
				<SchemaData schemaUrl="#S_patok_heksa_MR_CPL_B__SSDD">
					<SimpleData name="KM">89+600</SimpleData>
					<SimpleData name="JALUR">B</SimpleData>
					<SimpleData name="X">-6.61146</SimpleData>
					<SimpleData name="Y">107.421</SimpleData>
				</SchemaData>
			</ExtendedData>
			<Point>
				<coordinates>107.421390626269,-6.611455047101764,0</coordinates>
			</Point>
		</Placemark>
		<Placemark>
			<name>89+800</name>
			<styleUrl>#pointStyleMap</styleUrl>
			<Style id="inline">
				<IconStyle>
					<color>ffffffaa</color>
					<colorMode>normal</colorMode>
					<Icon>
						<href>http://maps.google.com/mapfiles/kml/pushpin/pink-pushpin.png</href>
					</Icon>
				</IconStyle>
				<LineStyle>
					<color>ffffffaa</color>
					<colorMode>normal</colorMode>
				</LineStyle>
				<PolyStyle>
					<color>ffffffaa</color>
					<colorMode>normal</colorMode>
				</PolyStyle>
			</Style>
			<ExtendedData>
				<SchemaData schemaUrl="#S_patok_heksa_MR_CPL_B__SSDD">
					<SimpleData name="KM">89+800</SimpleData>
					<SimpleData name="JALUR">B</SimpleData>
					<SimpleData name="X">-6.6133</SimpleData>
					<SimpleData name="Y">107.422</SimpleData>
				</SchemaData>
			</ExtendedData>
			<Point>
				<coordinates>107.421530181855,-6.613296413992709,0</coordinates>
			</Point>
		</Placemark>
		<Placemark>
			<name>90+0</name>
			<styleUrl>#pointStyleMap</styleUrl>
			<Style id="inline">
				<IconStyle>
					<color>ffffffaa</color>
					<colorMode>normal</colorMode>
					<Icon>
						<href>http://maps.google.com/mapfiles/kml/pushpin/pink-pushpin.png</href>
					</Icon>
				</IconStyle>
				<LineStyle>
					<color>ffffffaa</color>
					<colorMode>normal</colorMode>
				</LineStyle>
				<PolyStyle>
					<color>ffffffaa</color>
					<colorMode>normal</colorMode>
				</PolyStyle>
			</Style>
			<ExtendedData>
				<SchemaData schemaUrl="#S_patok_heksa_MR_CPL_B__SSDD">
					<SimpleData name="KM">90+0</SimpleData>
					<SimpleData name="JALUR">B</SimpleData>
					<SimpleData name="X">-6.61505</SimpleData>
					<SimpleData name="Y">107.422</SimpleData>
				</SchemaData>
			</ExtendedData>
			<Point>
				<coordinates>107.421878037149,-6.615052371483721,0</coordinates>
			</Point>
		</Placemark>
		<Placemark>
			<name>90+200</name>
			<styleUrl>#pointStyleMap</styleUrl>
			<Style id="inline">
				<IconStyle>
					<color>ffffffaa</color>
					<colorMode>normal</colorMode>
					<Icon>
						<href>http://maps.google.com/mapfiles/kml/pushpin/pink-pushpin.png</href>
					</Icon>
				</IconStyle>
				<LineStyle>
					<color>ffffffaa</color>
					<colorMode>normal</colorMode>
				</LineStyle>
				<PolyStyle>
					<color>ffffffaa</color>
					<colorMode>normal</colorMode>
				</PolyStyle>
			</Style>
			<ExtendedData>
				<SchemaData schemaUrl="#S_patok_heksa_MR_CPL_B__SSDD">
					<SimpleData name="KM">90+200</SimpleData>
					<SimpleData name="JALUR">B</SimpleData>
					<SimpleData name="X">-6.61685</SimpleData>
					<SimpleData name="Y">107.422</SimpleData>
				</SchemaData>
			</ExtendedData>
			<Point>
				<coordinates>107.422153709909,-6.616845621941927,0</coordinates>
			</Point>
		</Placemark>
		<Placemark>
			<name>90+400</name>
			<styleUrl>#pointStyleMap</styleUrl>
			<Style id="inline">
				<IconStyle>
					<color>ffffffaa</color>
					<colorMode>normal</colorMode>
					<Icon>
						<href>http://maps.google.com/mapfiles/kml/pushpin/pink-pushpin.png</href>
					</Icon>
				</IconStyle>
				<LineStyle>
					<color>ffffffaa</color>
					<colorMode>normal</colorMode>
				</LineStyle>
				<PolyStyle>
					<color>ffffffaa</color>
					<colorMode>normal</colorMode>
				</PolyStyle>
			</Style>
			<ExtendedData>
				<SchemaData schemaUrl="#S_patok_heksa_MR_CPL_B__SSDD">
					<SimpleData name="KM">90+400</SimpleData>
					<SimpleData name="JALUR">B</SimpleData>
					<SimpleData name="X">-6.61865</SimpleData>
					<SimpleData name="Y">107.422</SimpleData>
				</SchemaData>
			</ExtendedData>
			<Point>
				<coordinates>107.422313393324,-6.618652813427666,0</coordinates>
			</Point>
		</Placemark>
		<Placemark>
			<name>90+600</name>
			<styleUrl>#pointStyleMap</styleUrl>
			<Style id="inline">
				<IconStyle>
					<color>ffffffaa</color>
					<colorMode>normal</colorMode>
					<Icon>
						<href>http://maps.google.com/mapfiles/kml/pushpin/pink-pushpin.png</href>
					</Icon>
				</IconStyle>
				<LineStyle>
					<color>ffffffaa</color>
					<colorMode>normal</colorMode>
				</LineStyle>
				<PolyStyle>
					<color>ffffffaa</color>
					<colorMode>normal</colorMode>
				</PolyStyle>
			</Style>
			<ExtendedData>
				<SchemaData schemaUrl="#S_patok_heksa_MR_CPL_B__SSDD">
					<SimpleData name="KM">90+600</SimpleData>
					<SimpleData name="JALUR">B</SimpleData>
					<SimpleData name="X">-6.62044</SimpleData>
					<SimpleData name="Y">107.422</SimpleData>
				</SchemaData>
			</ExtendedData>
			<Point>
				<coordinates>107.422360853927,-6.62043880616215,0</coordinates>
			</Point>
		</Placemark>
		<Placemark>
			<name>90+800</name>
			<styleUrl>#pointStyleMap</styleUrl>
			<Style id="inline">
				<IconStyle>
					<color>ffffffaa</color>
					<colorMode>normal</colorMode>
					<Icon>
						<href>http://maps.google.com/mapfiles/kml/pushpin/pink-pushpin.png</href>
					</Icon>
				</IconStyle>
				<LineStyle>
					<color>ffffffaa</color>
					<colorMode>normal</colorMode>
				</LineStyle>
				<PolyStyle>
					<color>ffffffaa</color>
					<colorMode>normal</colorMode>
				</PolyStyle>
			</Style>
			<ExtendedData>
				<SchemaData schemaUrl="#S_patok_heksa_MR_CPL_B__SSDD">
					<SimpleData name="KM">90+800</SimpleData>
					<SimpleData name="JALUR">B</SimpleData>
					<SimpleData name="X">-6.62225</SimpleData>
					<SimpleData name="Y">107.422</SimpleData>
				</SchemaData>
			</ExtendedData>
			<Point>
				<coordinates>107.422438304384,-6.622249835734997,0</coordinates>
			</Point>
		</Placemark>
		<Placemark>
			<name>91+0</name>
			<styleUrl>#pointStyleMap</styleUrl>
			<Style id="inline">
				<IconStyle>
					<color>ffffffaa</color>
					<colorMode>normal</colorMode>
					<Icon>
						<href>http://maps.google.com/mapfiles/kml/pushpin/pink-pushpin.png</href>
					</Icon>
				</IconStyle>
				<LineStyle>
					<color>ffffffaa</color>
					<colorMode>normal</colorMode>
				</LineStyle>
				<PolyStyle>
					<color>ffffffaa</color>
					<colorMode>normal</colorMode>
				</PolyStyle>
			</Style>
			<ExtendedData>
				<SchemaData schemaUrl="#S_patok_heksa_MR_CPL_B__SSDD">
					<SimpleData name="KM">91+0</SimpleData>
					<SimpleData name="JALUR">B</SimpleData>
					<SimpleData name="X">-6.62414</SimpleData>
					<SimpleData name="Y">107.423</SimpleData>
				</SchemaData>
			</ExtendedData>
			<Point>
				<coordinates>107.42262355557,-6.62414352990689,0</coordinates>
			</Point>
		</Placemark>
		<Placemark>
			<name>91+200</name>
			<styleUrl>#pointStyleMap</styleUrl>
			<Style id="inline">
				<IconStyle>
					<color>ffffffaa</color>
					<colorMode>normal</colorMode>
					<Icon>
						<href>http://maps.google.com/mapfiles/kml/pushpin/pink-pushpin.png</href>
					</Icon>
				</IconStyle>
				<LineStyle>
					<color>ffffffaa</color>
					<colorMode>normal</colorMode>
				</LineStyle>
				<PolyStyle>
					<color>ffffffaa</color>
					<colorMode>normal</colorMode>
				</PolyStyle>
			</Style>
			<ExtendedData>
				<SchemaData schemaUrl="#S_patok_heksa_MR_CPL_B__SSDD">
					<SimpleData name="KM">91+200</SimpleData>
					<SimpleData name="JALUR">B</SimpleData>
					<SimpleData name="X">-6.62585</SimpleData>
					<SimpleData name="Y">107.423</SimpleData>
				</SchemaData>
			</ExtendedData>
			<Point>
				<coordinates>107.422876158992,-6.625851281208222,0</coordinates>
			</Point>
		</Placemark>
		<Placemark>
			<name>91+400</name>
			<styleUrl>#pointStyleMap</styleUrl>
			<Style id="inline">
				<IconStyle>
					<color>ffffffaa</color>
					<colorMode>normal</colorMode>
					<Icon>
						<href>http://maps.google.com/mapfiles/kml/pushpin/pink-pushpin.png</href>
					</Icon>
				</IconStyle>
				<LineStyle>
					<color>ffffffaa</color>
					<colorMode>normal</colorMode>
				</LineStyle>
				<PolyStyle>
					<color>ffffffaa</color>
					<colorMode>normal</colorMode>
				</PolyStyle>
			</Style>
			<ExtendedData>
				<SchemaData schemaUrl="#S_patok_heksa_MR_CPL_B__SSDD">
					<SimpleData name="KM">91+400</SimpleData>
					<SimpleData name="JALUR">B</SimpleData>
					<SimpleData name="X">-6.62764</SimpleData>
					<SimpleData name="Y">107.423</SimpleData>
				</SchemaData>
			</ExtendedData>
			<Point>
				<coordinates>107.423246331302,-6.627638438070679,0</coordinates>
			</Point>
		</Placemark>
		<Placemark>
			<name>91+600</name>
			<styleUrl>#pointStyleMap</styleUrl>
			<Style id="inline">
				<IconStyle>
					<color>ffffffaa</color>
					<colorMode>normal</colorMode>
					<Icon>
						<href>http://maps.google.com/mapfiles/kml/pushpin/pink-pushpin.png</href>
					</Icon>
				</IconStyle>
				<LineStyle>
					<color>ffffffaa</color>
					<colorMode>normal</colorMode>
				</LineStyle>
				<PolyStyle>
					<color>ffffffaa</color>
					<colorMode>normal</colorMode>
				</PolyStyle>
			</Style>
			<ExtendedData>
				<SchemaData schemaUrl="#S_patok_heksa_MR_CPL_B__SSDD">
					<SimpleData name="KM">91+600</SimpleData>
					<SimpleData name="JALUR">B</SimpleData>
					<SimpleData name="X">-6.62939</SimpleData>
					<SimpleData name="Y">107.424</SimpleData>
				</SchemaData>
			</ExtendedData>
			<Point>
				<coordinates>107.4237044979,-6.629386299207085,0</coordinates>
			</Point>
		</Placemark>
		<Placemark>
			<name>91+800</name>
			<styleUrl>#pointStyleMap</styleUrl>
			<Style id="inline">
				<IconStyle>
					<color>ffffffaa</color>
					<colorMode>normal</colorMode>
					<Icon>
						<href>http://maps.google.com/mapfiles/kml/pushpin/pink-pushpin.png</href>
					</Icon>
				</IconStyle>
				<LineStyle>
					<color>ffffffaa</color>
					<colorMode>normal</colorMode>
				</LineStyle>
				<PolyStyle>
					<color>ffffffaa</color>
					<colorMode>normal</colorMode>
				</PolyStyle>
			</Style>
			<ExtendedData>
				<SchemaData schemaUrl="#S_patok_heksa_MR_CPL_B__SSDD">
					<SimpleData name="KM">91+800</SimpleData>
					<SimpleData name="JALUR">B</SimpleData>
					<SimpleData name="X">-6.63113</SimpleData>
					<SimpleData name="Y">107.424</SimpleData>
				</SchemaData>
			</ExtendedData>
			<Point>
				<coordinates>107.424251153209,-6.631128407739057,0</coordinates>
			</Point>
		</Placemark>
		<Placemark>
			<name>92+0</name>
			<styleUrl>#pointStyleMap</styleUrl>
			<Style id="inline">
				<IconStyle>
					<color>ffffffaa</color>
					<colorMode>normal</colorMode>
					<Icon>
						<href>http://maps.google.com/mapfiles/kml/pushpin/pink-pushpin.png</href>
					</Icon>
				</IconStyle>
				<LineStyle>
					<color>ffffffaa</color>
					<colorMode>normal</colorMode>
				</LineStyle>
				<PolyStyle>
					<color>ffffffaa</color>
					<colorMode>normal</colorMode>
				</PolyStyle>
			</Style>
			<ExtendedData>
				<SchemaData schemaUrl="#S_patok_heksa_MR_CPL_B__SSDD">
					<SimpleData name="KM">92+0</SimpleData>
					<SimpleData name="JALUR">B</SimpleData>
					<SimpleData name="X">-6.63289</SimpleData>
					<SimpleData name="Y">107.425</SimpleData>
				</SchemaData>
			</ExtendedData>
			<Point>
				<coordinates>107.4246655116,-6.63289110246432,0</coordinates>
			</Point>
		</Placemark>
		<Placemark>
			<name>92+200</name>
			<styleUrl>#pointStyleMap</styleUrl>
			<Style id="inline">
				<IconStyle>
					<color>ffffffaa</color>
					<colorMode>normal</colorMode>
					<Icon>
						<href>http://maps.google.com/mapfiles/kml/pushpin/pink-pushpin.png</href>
					</Icon>
				</IconStyle>
				<LineStyle>
					<color>ffffffaa</color>
					<colorMode>normal</colorMode>
				</LineStyle>
				<PolyStyle>
					<color>ffffffaa</color>
					<colorMode>normal</colorMode>
				</PolyStyle>
			</Style>
			<ExtendedData>
				<SchemaData schemaUrl="#S_patok_heksa_MR_CPL_B__SSDD">
					<SimpleData name="KM">92+200</SimpleData>
					<SimpleData name="JALUR">B</SimpleData>
					<SimpleData name="X">-6.63472</SimpleData>
					<SimpleData name="Y">107.425</SimpleData>
				</SchemaData>
			</ExtendedData>
			<Point>
				<coordinates>107.424842345944,-6.634715273708758,0</coordinates>
			</Point>
		</Placemark>
		<Placemark>
			<name>92+400</name>
			<styleUrl>#pointStyleMap</styleUrl>
			<Style id="inline">
				<IconStyle>
					<color>ffffffaa</color>
					<colorMode>normal</colorMode>
					<Icon>
						<href>http://maps.google.com/mapfiles/kml/pushpin/pink-pushpin.png</href>
					</Icon>
				</IconStyle>
				<LineStyle>
					<color>ffffffaa</color>
					<colorMode>normal</colorMode>
				</LineStyle>
				<PolyStyle>
					<color>ffffffaa</color>
					<colorMode>normal</colorMode>
				</PolyStyle>
			</Style>
			<ExtendedData>
				<SchemaData schemaUrl="#S_patok_heksa_MR_CPL_B__SSDD">
					<SimpleData name="KM">92+400</SimpleData>
					<SimpleData name="JALUR">B</SimpleData>
					<SimpleData name="X">-6.63662</SimpleData>
					<SimpleData name="Y">107.426</SimpleData>
				</SchemaData>
			</ExtendedData>
			<Point>
				<coordinates>107.425700778016,-6.636617297770329,0</coordinates>
			</Point>
		</Placemark>
		<Placemark>
			<name>92+600</name>
			<styleUrl>#pointStyleMap</styleUrl>
			<Style id="inline">
				<IconStyle>
					<color>ffffffaa</color>
					<colorMode>normal</colorMode>
					<Icon>
						<href>http://maps.google.com/mapfiles/kml/pushpin/pink-pushpin.png</href>
					</Icon>
				</IconStyle>
				<LineStyle>
					<color>ffffffaa</color>
					<colorMode>normal</colorMode>
				</LineStyle>
				<PolyStyle>
					<color>ffffffaa</color>
					<colorMode>normal</colorMode>
				</PolyStyle>
			</Style>
			<ExtendedData>
				<SchemaData schemaUrl="#S_patok_heksa_MR_CPL_B__SSDD">
					<SimpleData name="KM">92+600</SimpleData>
					<SimpleData name="JALUR">B</SimpleData>
					<SimpleData name="X">-6.63782</SimpleData>
					<SimpleData name="Y">107.427</SimpleData>
				</SchemaData>
			</ExtendedData>
			<Point>
				<coordinates>107.427034272985,-6.637816317171634,0</coordinates>
			</Point>
		</Placemark>
		<Placemark>
			<name>92+800</name>
			<styleUrl>#pointStyleMap</styleUrl>
			<Style id="inline">
				<IconStyle>
					<color>ffffffaa</color>
					<colorMode>normal</colorMode>
					<Icon>
						<href>http://maps.google.com/mapfiles/kml/pushpin/pink-pushpin.png</href>
					</Icon>
				</IconStyle>
				<LineStyle>
					<color>ffffffaa</color>
					<colorMode>normal</colorMode>
				</LineStyle>
				<PolyStyle>
					<color>ffffffaa</color>
					<colorMode>normal</colorMode>
				</PolyStyle>
			</Style>
			<ExtendedData>
				<SchemaData schemaUrl="#S_patok_heksa_MR_CPL_B__SSDD">
					<SimpleData name="KM">92+800</SimpleData>
					<SimpleData name="JALUR">B</SimpleData>
					<SimpleData name="X">-6.63933</SimpleData>
					<SimpleData name="Y">107.428</SimpleData>
				</SchemaData>
			</ExtendedData>
			<Point>
				<coordinates>107.428075549783,-6.639329106971124,0</coordinates>
			</Point>
		</Placemark>
		<Placemark>
			<name>93+0</name>
			<styleUrl>#pointStyleMap</styleUrl>
			<Style id="inline">
				<IconStyle>
					<color>ffffffaa</color>
					<colorMode>normal</colorMode>
					<Icon>
						<href>http://maps.google.com/mapfiles/kml/pushpin/pink-pushpin.png</href>
					</Icon>
				</IconStyle>
				<LineStyle>
					<color>ffffffaa</color>
					<colorMode>normal</colorMode>
				</LineStyle>
				<PolyStyle>
					<color>ffffffaa</color>
					<colorMode>normal</colorMode>
				</PolyStyle>
			</Style>
			<ExtendedData>
				<SchemaData schemaUrl="#S_patok_heksa_MR_CPL_B__SSDD">
					<SimpleData name="KM">93+0</SimpleData>
					<SimpleData name="JALUR">B</SimpleData>
					<SimpleData name="X">-6.641</SimpleData>
					<SimpleData name="Y">107.429</SimpleData>
				</SchemaData>
			</ExtendedData>
			<Point>
				<coordinates>107.428557054292,-6.640997703109663,0</coordinates>
			</Point>
		</Placemark>
		<Placemark>
			<name>93+200</name>
			<styleUrl>#pointStyleMap</styleUrl>
			<Style id="inline">
				<IconStyle>
					<color>ffffffaa</color>
					<colorMode>normal</colorMode>
					<Icon>
						<href>http://maps.google.com/mapfiles/kml/pushpin/pink-pushpin.png</href>
					</Icon>
				</IconStyle>
				<LineStyle>
					<color>ffffffaa</color>
					<colorMode>normal</colorMode>
				</LineStyle>
				<PolyStyle>
					<color>ffffffaa</color>
					<colorMode>normal</colorMode>
				</PolyStyle>
			</Style>
			<ExtendedData>
				<SchemaData schemaUrl="#S_patok_heksa_MR_CPL_B__SSDD">
					<SimpleData name="KM">93+200</SimpleData>
					<SimpleData name="JALUR">B</SimpleData>
					<SimpleData name="X">-6.64277</SimpleData>
					<SimpleData name="Y">107.429</SimpleData>
				</SchemaData>
			</ExtendedData>
			<Point>
				<coordinates>107.42891073373,-6.642766422061904,0</coordinates>
			</Point>
		</Placemark>
		<Placemark>
			<name>93+400</name>
			<styleUrl>#pointStyleMap</styleUrl>
			<Style id="inline">
				<IconStyle>
					<color>ffffffaa</color>
					<colorMode>normal</colorMode>
					<Icon>
						<href>http://maps.google.com/mapfiles/kml/pushpin/pink-pushpin.png</href>
					</Icon>
				</IconStyle>
				<LineStyle>
					<color>ffffffaa</color>
					<colorMode>normal</colorMode>
				</LineStyle>
				<PolyStyle>
					<color>ffffffaa</color>
					<colorMode>normal</colorMode>
				</PolyStyle>
			</Style>
			<ExtendedData>
				<SchemaData schemaUrl="#S_patok_heksa_MR_CPL_B__SSDD">
					<SimpleData name="KM">93+400</SimpleData>
					<SimpleData name="JALUR">B</SimpleData>
					<SimpleData name="X">-6.64454</SimpleData>
					<SimpleData name="Y">107.429</SimpleData>
				</SchemaData>
			</ExtendedData>
			<Point>
				<coordinates>107.428922680607,-6.644537060534866,0</coordinates>
			</Point>
		</Placemark>
		<Placemark>
			<name>93+600</name>
			<styleUrl>#pointStyleMap</styleUrl>
			<Style id="inline">
				<IconStyle>
					<color>ffffffaa</color>
					<colorMode>normal</colorMode>
					<Icon>
						<href>http://maps.google.com/mapfiles/kml/pushpin/pink-pushpin.png</href>
					</Icon>
				</IconStyle>
				<LineStyle>
					<color>ffffffaa</color>
					<colorMode>normal</colorMode>
				</LineStyle>
				<PolyStyle>
					<color>ffffffaa</color>
					<colorMode>normal</colorMode>
				</PolyStyle>
			</Style>
			<ExtendedData>
				<SchemaData schemaUrl="#S_patok_heksa_MR_CPL_B__SSDD">
					<SimpleData name="KM">93+600</SimpleData>
					<SimpleData name="JALUR">B</SimpleData>
					<SimpleData name="X">-6.64629</SimpleData>
					<SimpleData name="Y">107.429</SimpleData>
				</SchemaData>
			</ExtendedData>
			<Point>
				<coordinates>107.428555381316,-6.646294313127763,0</coordinates>
			</Point>
		</Placemark>
		<Placemark>
			<name>93+800</name>
			<styleUrl>#pointStyleMap</styleUrl>
			<Style id="inline">
				<IconStyle>
					<color>ffffffaa</color>
					<colorMode>normal</colorMode>
					<Icon>
						<href>http://maps.google.com/mapfiles/kml/pushpin/pink-pushpin.png</href>
					</Icon>
				</IconStyle>
				<LineStyle>
					<color>ffffffaa</color>
					<colorMode>normal</colorMode>
				</LineStyle>
				<PolyStyle>
					<color>ffffffaa</color>
					<colorMode>normal</colorMode>
				</PolyStyle>
			</Style>
			<ExtendedData>
				<SchemaData schemaUrl="#S_patok_heksa_MR_CPL_B__SSDD">
					<SimpleData name="KM">93+800</SimpleData>
					<SimpleData name="JALUR">B</SimpleData>
					<SimpleData name="X">-6.64794</SimpleData>
					<SimpleData name="Y">107.428</SimpleData>
				</SchemaData>
			</ExtendedData>
			<Point>
				<coordinates>107.427883796459,-6.647941479086573,0</coordinates>
			</Point>
		</Placemark>
		<Placemark>
			<name>94+0</name>
			<styleUrl>#pointStyleMap</styleUrl>
			<Style id="inline">
				<IconStyle>
					<color>ffffffaa</color>
					<colorMode>normal</colorMode>
					<Icon>
						<href>http://maps.google.com/mapfiles/kml/pushpin/pink-pushpin.png</href>
					</Icon>
				</IconStyle>
				<LineStyle>
					<color>ffffffaa</color>
					<colorMode>normal</colorMode>
				</LineStyle>
				<PolyStyle>
					<color>ffffffaa</color>
					<colorMode>normal</colorMode>
				</PolyStyle>
			</Style>
			<ExtendedData>
				<SchemaData schemaUrl="#S_patok_heksa_MR_CPL_B__SSDD">
					<SimpleData name="KM">94+0</SimpleData>
					<SimpleData name="JALUR">B</SimpleData>
					<SimpleData name="X">-6.64956</SimpleData>
					<SimpleData name="Y">107.427</SimpleData>
				</SchemaData>
			</ExtendedData>
			<Point>
				<coordinates>107.427101788898,-6.649555957040699,0</coordinates>
			</Point>
		</Placemark>
		<Placemark>
			<name>94+200</name>
			<styleUrl>#pointStyleMap</styleUrl>
			<Style id="inline">
				<IconStyle>
					<color>ffffffaa</color>
					<colorMode>normal</colorMode>
					<Icon>
						<href>http://maps.google.com/mapfiles/kml/pushpin/pink-pushpin.png</href>
					</Icon>
				</IconStyle>
				<LineStyle>
					<color>ffffffaa</color>
					<colorMode>normal</colorMode>
				</LineStyle>
				<PolyStyle>
					<color>ffffffaa</color>
					<colorMode>normal</colorMode>
				</PolyStyle>
			</Style>
			<ExtendedData>
				<SchemaData schemaUrl="#S_patok_heksa_MR_CPL_B__SSDD">
					<SimpleData name="KM">94+200</SimpleData>
					<SimpleData name="JALUR">B</SimpleData>
					<SimpleData name="X">-6.65134</SimpleData>
					<SimpleData name="Y">107.427</SimpleData>
				</SchemaData>
			</ExtendedData>
			<Point>
				<coordinates>107.426743984613,-6.651343861817287,0</coordinates>
			</Point>
		</Placemark>
		<Placemark>
			<name>94+400</name>
			<styleUrl>#pointStyleMap</styleUrl>
			<Style id="inline">
				<IconStyle>
					<color>ffffffaa</color>
					<colorMode>normal</colorMode>
					<Icon>
						<href>http://maps.google.com/mapfiles/kml/pushpin/pink-pushpin.png</href>
					</Icon>
				</IconStyle>
				<LineStyle>
					<color>ffffffaa</color>
					<colorMode>normal</colorMode>
				</LineStyle>
				<PolyStyle>
					<color>ffffffaa</color>
					<colorMode>normal</colorMode>
				</PolyStyle>
			</Style>
			<ExtendedData>
				<SchemaData schemaUrl="#S_patok_heksa_MR_CPL_B__SSDD">
					<SimpleData name="KM">94+400</SimpleData>
					<SimpleData name="JALUR">B</SimpleData>
					<SimpleData name="X">-6.65331</SimpleData>
					<SimpleData name="Y">107.427</SimpleData>
				</SchemaData>
			</ExtendedData>
			<Point>
				<coordinates>107.427076222431,-6.653307239554778,0</coordinates>
			</Point>
		</Placemark>
		<Placemark>
			<name>94+600</name>
			<styleUrl>#pointStyleMap</styleUrl>
			<Style id="inline">
				<IconStyle>
					<color>ffffffaa</color>
					<colorMode>normal</colorMode>
					<Icon>
						<href>http://maps.google.com/mapfiles/kml/pushpin/pink-pushpin.png</href>
					</Icon>
				</IconStyle>
				<LineStyle>
					<color>ffffffaa</color>
					<colorMode>normal</colorMode>
				</LineStyle>
				<PolyStyle>
					<color>ffffffaa</color>
					<colorMode>normal</colorMode>
				</PolyStyle>
			</Style>
			<ExtendedData>
				<SchemaData schemaUrl="#S_patok_heksa_MR_CPL_B__SSDD">
					<SimpleData name="KM">94+600</SimpleData>
					<SimpleData name="JALUR">B</SimpleData>
					<SimpleData name="X">-6.65479</SimpleData>
					<SimpleData name="Y">107.428</SimpleData>
				</SchemaData>
			</ExtendedData>
			<Point>
				<coordinates>107.427998023475,-6.654785814106532,0</coordinates>
			</Point>
		</Placemark>
		<Placemark>
			<name>94+800</name>
			<styleUrl>#pointStyleMap</styleUrl>
			<Style id="inline">
				<IconStyle>
					<color>ffffffaa</color>
					<colorMode>normal</colorMode>
					<Icon>
						<href>http://maps.google.com/mapfiles/kml/pushpin/pink-pushpin.png</href>
					</Icon>
				</IconStyle>
				<LineStyle>
					<color>ffffffaa</color>
					<colorMode>normal</colorMode>
				</LineStyle>
				<PolyStyle>
					<color>ffffffaa</color>
					<colorMode>normal</colorMode>
				</PolyStyle>
			</Style>
			<ExtendedData>
				<SchemaData schemaUrl="#S_patok_heksa_MR_CPL_B__SSDD">
					<SimpleData name="KM">94+800</SimpleData>
					<SimpleData name="JALUR">B</SimpleData>
					<SimpleData name="X">-6.65595</SimpleData>
					<SimpleData name="Y">107.429</SimpleData>
				</SchemaData>
			</ExtendedData>
			<Point>
				<coordinates>107.429487606769,-6.655945144557471,0</coordinates>
			</Point>
		</Placemark>
		<Placemark>
			<name>95+0</name>
			<styleUrl>#pointStyleMap</styleUrl>
			<Style id="inline">
				<IconStyle>
					<color>ffffffaa</color>
					<colorMode>normal</colorMode>
					<Icon>
						<href>http://maps.google.com/mapfiles/kml/pushpin/pink-pushpin.png</href>
					</Icon>
				</IconStyle>
				<LineStyle>
					<color>ffffffaa</color>
					<colorMode>normal</colorMode>
				</LineStyle>
				<PolyStyle>
					<color>ffffffaa</color>
					<colorMode>normal</colorMode>
				</PolyStyle>
			</Style>
			<ExtendedData>
				<SchemaData schemaUrl="#S_patok_heksa_MR_CPL_B__SSDD">
					<SimpleData name="KM">95+0</SimpleData>
					<SimpleData name="JALUR">B</SimpleData>
					<SimpleData name="X">-6.65652</SimpleData>
					<SimpleData name="Y">107.431</SimpleData>
				</SchemaData>
			</ExtendedData>
			<Point>
				<coordinates>107.431274942521,-6.6565223599182,0</coordinates>
			</Point>
		</Placemark>
		<Placemark>
			<name>95+200</name>
			<styleUrl>#pointStyleMap</styleUrl>
			<Style id="inline">
				<IconStyle>
					<color>ffffffaa</color>
					<colorMode>normal</colorMode>
					<Icon>
						<href>http://maps.google.com/mapfiles/kml/pushpin/pink-pushpin.png</href>
					</Icon>
				</IconStyle>
				<LineStyle>
					<color>ffffffaa</color>
					<colorMode>normal</colorMode>
				</LineStyle>
				<PolyStyle>
					<color>ffffffaa</color>
					<colorMode>normal</colorMode>
				</PolyStyle>
			</Style>
			<ExtendedData>
				<SchemaData schemaUrl="#S_patok_heksa_MR_CPL_B__SSDD">
					<SimpleData name="KM">95+200</SimpleData>
					<SimpleData name="JALUR">B</SimpleData>
					<SimpleData name="X">-6.65703</SimpleData>
					<SimpleData name="Y">107.433</SimpleData>
				</SchemaData>
			</ExtendedData>
			<Point>
				<coordinates>107.433044367006,-6.657027093406844,0</coordinates>
			</Point>
		</Placemark>
		<Placemark>
			<name>95+400</name>
			<styleUrl>#pointStyleMap</styleUrl>
			<Style id="inline">
				<IconStyle>
					<color>ffffffaa</color>
					<colorMode>normal</colorMode>
					<Icon>
						<href>http://maps.google.com/mapfiles/kml/pushpin/pink-pushpin.png</href>
					</Icon>
				</IconStyle>
				<LineStyle>
					<color>ffffffaa</color>
					<colorMode>normal</colorMode>
				</LineStyle>
				<PolyStyle>
					<color>ffffffaa</color>
					<colorMode>normal</colorMode>
				</PolyStyle>
			</Style>
			<ExtendedData>
				<SchemaData schemaUrl="#S_patok_heksa_MR_CPL_B__SSDD">
					<SimpleData name="KM">95+400</SimpleData>
					<SimpleData name="JALUR">B</SimpleData>
					<SimpleData name="X">-6.6578</SimpleData>
					<SimpleData name="Y">107.435</SimpleData>
				</SchemaData>
			</ExtendedData>
			<Point>
				<coordinates>107.434606311499,-6.657803607484483,0</coordinates>
			</Point>
		</Placemark>
		<Placemark>
			<name>95+600</name>
			<styleUrl>#pointStyleMap</styleUrl>
			<Style id="inline">
				<IconStyle>
					<color>ffffffaa</color>
					<colorMode>normal</colorMode>
					<Icon>
						<href>http://maps.google.com/mapfiles/kml/pushpin/pink-pushpin.png</href>
					</Icon>
				</IconStyle>
				<LineStyle>
					<color>ffffffaa</color>
					<colorMode>normal</colorMode>
				</LineStyle>
				<PolyStyle>
					<color>ffffffaa</color>
					<colorMode>normal</colorMode>
				</PolyStyle>
			</Style>
			<ExtendedData>
				<SchemaData schemaUrl="#S_patok_heksa_MR_CPL_B__SSDD">
					<SimpleData name="KM">95+600</SimpleData>
					<SimpleData name="JALUR">B</SimpleData>
					<SimpleData name="X">-6.65893</SimpleData>
					<SimpleData name="Y">107.436</SimpleData>
				</SchemaData>
			</ExtendedData>
			<Point>
				<coordinates>107.436044907748,-6.658932731634342,0</coordinates>
			</Point>
		</Placemark>
		<Placemark>
			<name>95+800</name>
			<styleUrl>#pointStyleMap</styleUrl>
			<Style id="inline">
				<IconStyle>
					<color>ffffffaa</color>
					<colorMode>normal</colorMode>
					<Icon>
						<href>http://maps.google.com/mapfiles/kml/pushpin/pink-pushpin.png</href>
					</Icon>
				</IconStyle>
				<LineStyle>
					<color>ffffffaa</color>
					<colorMode>normal</colorMode>
				</LineStyle>
				<PolyStyle>
					<color>ffffffaa</color>
					<colorMode>normal</colorMode>
				</PolyStyle>
			</Style>
			<ExtendedData>
				<SchemaData schemaUrl="#S_patok_heksa_MR_CPL_B__SSDD">
					<SimpleData name="KM">95+800</SimpleData>
					<SimpleData name="JALUR">B</SimpleData>
					<SimpleData name="X">-6.66019</SimpleData>
					<SimpleData name="Y">107.437</SimpleData>
				</SchemaData>
			</ExtendedData>
			<Point>
				<coordinates>107.437302153118,-6.660189344307219,0</coordinates>
			</Point>
		</Placemark>
		<Placemark>
			<name>96+0</name>
			<styleUrl>#pointStyleMap</styleUrl>
			<Style id="inline">
				<IconStyle>
					<color>ffffffaa</color>
					<colorMode>normal</colorMode>
					<Icon>
						<href>http://maps.google.com/mapfiles/kml/pushpin/pink-pushpin.png</href>
					</Icon>
				</IconStyle>
				<LineStyle>
					<color>ffffffaa</color>
					<colorMode>normal</colorMode>
				</LineStyle>
				<PolyStyle>
					<color>ffffffaa</color>
					<colorMode>normal</colorMode>
				</PolyStyle>
			</Style>
			<ExtendedData>
				<SchemaData schemaUrl="#S_patok_heksa_MR_CPL_B__SSDD">
					<SimpleData name="KM">96+0</SimpleData>
					<SimpleData name="JALUR">B</SimpleData>
					<SimpleData name="X">-6.66145</SimpleData>
					<SimpleData name="Y">107.439</SimpleData>
				</SchemaData>
			</ExtendedData>
			<Point>
				<coordinates>107.438589476164,-6.661454730607941,0</coordinates>
			</Point>
		</Placemark>
		<Placemark>
			<name>96+200</name>
			<styleUrl>#pointStyleMap</styleUrl>
			<Style id="inline">
				<IconStyle>
					<color>ffffffaa</color>
					<colorMode>normal</colorMode>
					<Icon>
						<href>http://maps.google.com/mapfiles/kml/pushpin/pink-pushpin.png</href>
					</Icon>
				</IconStyle>
				<LineStyle>
					<color>ffffffaa</color>
					<colorMode>normal</colorMode>
				</LineStyle>
				<PolyStyle>
					<color>ffffffaa</color>
					<colorMode>normal</colorMode>
				</PolyStyle>
			</Style>
			<ExtendedData>
				<SchemaData schemaUrl="#S_patok_heksa_MR_CPL_B__SSDD">
					<SimpleData name="KM">96+200</SimpleData>
					<SimpleData name="JALUR">B</SimpleData>
					<SimpleData name="X">-6.66279</SimpleData>
					<SimpleData name="Y">107.44</SimpleData>
				</SchemaData>
			</ExtendedData>
			<Point>
				<coordinates>107.43986231906,-6.662787442250764,0</coordinates>
			</Point>
		</Placemark>
		<Placemark>
			<name>96+400</name>
			<styleUrl>#pointStyleMap</styleUrl>
			<Style id="inline">
				<IconStyle>
					<color>ffffffaa</color>
					<colorMode>normal</colorMode>
					<Icon>
						<href>http://maps.google.com/mapfiles/kml/pushpin/pink-pushpin.png</href>
					</Icon>
				</IconStyle>
				<LineStyle>
					<color>ffffffaa</color>
					<colorMode>normal</colorMode>
				</LineStyle>
				<PolyStyle>
					<color>ffffffaa</color>
					<colorMode>normal</colorMode>
				</PolyStyle>
			</Style>
			<ExtendedData>
				<SchemaData schemaUrl="#S_patok_heksa_MR_CPL_B__SSDD">
					<SimpleData name="KM">96+400</SimpleData>
					<SimpleData name="JALUR">B</SimpleData>
					<SimpleData name="X">-6.66413</SimpleData>
					<SimpleData name="Y">107.441</SimpleData>
				</SchemaData>
			</ExtendedData>
			<Point>
				<coordinates>107.441109367048,-6.664125452479857,0</coordinates>
			</Point>
		</Placemark>
		<Placemark>
			<name>96+600</name>
			<styleUrl>#pointStyleMap</styleUrl>
			<Style id="inline">
				<IconStyle>
					<color>ffffffaa</color>
					<colorMode>normal</colorMode>
					<Icon>
						<href>http://maps.google.com/mapfiles/kml/pushpin/pink-pushpin.png</href>
					</Icon>
				</IconStyle>
				<LineStyle>
					<color>ffffffaa</color>
					<colorMode>normal</colorMode>
				</LineStyle>
				<PolyStyle>
					<color>ffffffaa</color>
					<colorMode>normal</colorMode>
				</PolyStyle>
			</Style>
			<ExtendedData>
				<SchemaData schemaUrl="#S_patok_heksa_MR_CPL_B__SSDD">
					<SimpleData name="KM">96+600</SimpleData>
					<SimpleData name="JALUR">B</SimpleData>
					<SimpleData name="X">-6.66569</SimpleData>
					<SimpleData name="Y">107.442</SimpleData>
				</SchemaData>
			</ExtendedData>
			<Point>
				<coordinates>107.441885928983,-6.66568937756611,0</coordinates>
			</Point>
		</Placemark>
		<Placemark>
			<name>96+800</name>
			<styleUrl>#pointStyleMap</styleUrl>
			<Style id="inline">
				<IconStyle>
					<color>ffffffaa</color>
					<colorMode>normal</colorMode>
					<Icon>
						<href>http://maps.google.com/mapfiles/kml/pushpin/pink-pushpin.png</href>
					</Icon>
				</IconStyle>
				<LineStyle>
					<color>ffffffaa</color>
					<colorMode>normal</colorMode>
				</LineStyle>
				<PolyStyle>
					<color>ffffffaa</color>
					<colorMode>normal</colorMode>
				</PolyStyle>
			</Style>
			<ExtendedData>
				<SchemaData schemaUrl="#S_patok_heksa_MR_CPL_B__SSDD">
					<SimpleData name="KM">96+800</SimpleData>
					<SimpleData name="JALUR">B</SimpleData>
					<SimpleData name="X">-6.66742</SimpleData>
					<SimpleData name="Y">107.442</SimpleData>
				</SchemaData>
			</ExtendedData>
			<Point>
				<coordinates>107.442108047981,-6.667419105789085,0</coordinates>
			</Point>
		</Placemark>
		<Placemark>
			<name>97+0</name>
			<styleUrl>#pointStyleMap</styleUrl>
			<Style id="inline">
				<IconStyle>
					<color>ffffffaa</color>
					<colorMode>normal</colorMode>
					<Icon>
						<href>http://maps.google.com/mapfiles/kml/pushpin/pink-pushpin.png</href>
					</Icon>
				</IconStyle>
				<LineStyle>
					<color>ffffffaa</color>
					<colorMode>normal</colorMode>
				</LineStyle>
				<PolyStyle>
					<color>ffffffaa</color>
					<colorMode>normal</colorMode>
				</PolyStyle>
			</Style>
			<ExtendedData>
				<SchemaData schemaUrl="#S_patok_heksa_MR_CPL_B__SSDD">
					<SimpleData name="KM">97+0</SimpleData>
					<SimpleData name="JALUR">B</SimpleData>
					<SimpleData name="X">-6.66918</SimpleData>
					<SimpleData name="Y">107.442</SimpleData>
				</SchemaData>
			</ExtendedData>
			<Point>
				<coordinates>107.441756435049,-6.669181434612,0</coordinates>
			</Point>
		</Placemark>
		<Placemark>
			<name>97+200</name>
			<styleUrl>#pointStyleMap</styleUrl>
			<Style id="inline">
				<IconStyle>
					<color>ffffffaa</color>
					<colorMode>normal</colorMode>
					<Icon>
						<href>http://maps.google.com/mapfiles/kml/pushpin/pink-pushpin.png</href>
					</Icon>
				</IconStyle>
				<LineStyle>
					<color>ffffffaa</color>
					<colorMode>normal</colorMode>
				</LineStyle>
				<PolyStyle>
					<color>ffffffaa</color>
					<colorMode>normal</colorMode>
				</PolyStyle>
			</Style>
			<ExtendedData>
				<SchemaData schemaUrl="#S_patok_heksa_MR_CPL_B__SSDD">
					<SimpleData name="KM">97+200</SimpleData>
					<SimpleData name="JALUR">B</SimpleData>
					<SimpleData name="X">-6.67081</SimpleData>
					<SimpleData name="Y">107.441</SimpleData>
				</SchemaData>
			</ExtendedData>
			<Point>
				<coordinates>107.441015687081,-6.670810993548888,0</coordinates>
			</Point>
		</Placemark>
		<Placemark>
			<name>97+400</name>
			<styleUrl>#pointStyleMap</styleUrl>
			<Style id="inline">
				<IconStyle>
					<color>ffffffaa</color>
					<colorMode>normal</colorMode>
					<Icon>
						<href>http://maps.google.com/mapfiles/kml/pushpin/pink-pushpin.png</href>
					</Icon>
				</IconStyle>
				<LineStyle>
					<color>ffffffaa</color>
					<colorMode>normal</colorMode>
				</LineStyle>
				<PolyStyle>
					<color>ffffffaa</color>
					<colorMode>normal</colorMode>
				</PolyStyle>
			</Style>
			<ExtendedData>
				<SchemaData schemaUrl="#S_patok_heksa_MR_CPL_B__SSDD">
					<SimpleData name="KM">97+400</SimpleData>
					<SimpleData name="JALUR">B</SimpleData>
					<SimpleData name="X">-6.67254</SimpleData>
					<SimpleData name="Y">107.44</SimpleData>
				</SchemaData>
			</ExtendedData>
			<Point>
				<coordinates>107.440277737023,-6.672535986817754,0</coordinates>
			</Point>
		</Placemark>
		<Placemark>
			<name>97+600</name>
			<styleUrl>#pointStyleMap</styleUrl>
			<Style id="inline">
				<IconStyle>
					<color>ffffffaa</color>
					<colorMode>normal</colorMode>
					<Icon>
						<href>http://maps.google.com/mapfiles/kml/pushpin/pink-pushpin.png</href>
					</Icon>
				</IconStyle>
				<LineStyle>
					<color>ffffffaa</color>
					<colorMode>normal</colorMode>
				</LineStyle>
				<PolyStyle>
					<color>ffffffaa</color>
					<colorMode>normal</colorMode>
				</PolyStyle>
			</Style>
			<ExtendedData>
				<SchemaData schemaUrl="#S_patok_heksa_MR_CPL_B__SSDD">
					<SimpleData name="KM">97+600</SimpleData>
					<SimpleData name="JALUR">B</SimpleData>
					<SimpleData name="X">-6.6743</SimpleData>
					<SimpleData name="Y">107.44</SimpleData>
				</SchemaData>
			</ExtendedData>
			<Point>
				<coordinates>107.439757693241,-6.6742989765683,0</coordinates>
			</Point>
		</Placemark>
		<Placemark>
			<name>97+800</name>
			<styleUrl>#pointStyleMap</styleUrl>
			<Style id="inline">
				<IconStyle>
					<color>ffffffaa</color>
					<colorMode>normal</colorMode>
					<Icon>
						<href>http://maps.google.com/mapfiles/kml/pushpin/pink-pushpin.png</href>
					</Icon>
				</IconStyle>
				<LineStyle>
					<color>ffffffaa</color>
					<colorMode>normal</colorMode>
				</LineStyle>
				<PolyStyle>
					<color>ffffffaa</color>
					<colorMode>normal</colorMode>
				</PolyStyle>
			</Style>
			<ExtendedData>
				<SchemaData schemaUrl="#S_patok_heksa_MR_CPL_B__SSDD">
					<SimpleData name="KM">97+800</SimpleData>
					<SimpleData name="JALUR">B</SimpleData>
					<SimpleData name="X">-6.67605</SimpleData>
					<SimpleData name="Y">107.439</SimpleData>
				</SchemaData>
			</ExtendedData>
			<Point>
				<coordinates>107.439366463711,-6.676054193349699,0</coordinates>
			</Point>
		</Placemark>
		<Placemark>
			<name>98+0</name>
			<styleUrl>#pointStyleMap</styleUrl>
			<Style id="inline">
				<IconStyle>
					<color>ffffffaa</color>
					<colorMode>normal</colorMode>
					<Icon>
						<href>http://maps.google.com/mapfiles/kml/pushpin/pink-pushpin.png</href>
					</Icon>
				</IconStyle>
				<LineStyle>
					<color>ffffffaa</color>
					<colorMode>normal</colorMode>
				</LineStyle>
				<PolyStyle>
					<color>ffffffaa</color>
					<colorMode>normal</colorMode>
				</PolyStyle>
			</Style>
			<ExtendedData>
				<SchemaData schemaUrl="#S_patok_heksa_MR_CPL_B__SSDD">
					<SimpleData name="KM">98+0</SimpleData>
					<SimpleData name="JALUR">B</SimpleData>
					<SimpleData name="X">-6.67791</SimpleData>
					<SimpleData name="Y">107.439</SimpleData>
				</SchemaData>
			</ExtendedData>
			<Point>
				<coordinates>107.439096014487,-6.677913328593292,0</coordinates>
			</Point>
		</Placemark>
		<Placemark>
			<name>98+200</name>
			<styleUrl>#pointStyleMap</styleUrl>
			<Style id="inline">
				<IconStyle>
					<color>ffffffaa</color>
					<colorMode>normal</colorMode>
					<Icon>
						<href>http://maps.google.com/mapfiles/kml/pushpin/pink-pushpin.png</href>
					</Icon>
				</IconStyle>
				<LineStyle>
					<color>ffffffaa</color>
					<colorMode>normal</colorMode>
				</LineStyle>
				<PolyStyle>
					<color>ffffffaa</color>
					<colorMode>normal</colorMode>
				</PolyStyle>
			</Style>
			<ExtendedData>
				<SchemaData schemaUrl="#S_patok_heksa_MR_CPL_B__SSDD">
					<SimpleData name="KM">98+200</SimpleData>
					<SimpleData name="JALUR">B</SimpleData>
					<SimpleData name="X">-6.67969</SimpleData>
					<SimpleData name="Y">107.439</SimpleData>
				</SchemaData>
			</ExtendedData>
			<Point>
				<coordinates>107.438814961514,-6.679690053381027,0</coordinates>
			</Point>
		</Placemark>
		<Placemark>
			<name>98+400</name>
			<styleUrl>#pointStyleMap</styleUrl>
			<Style id="inline">
				<IconStyle>
					<color>ffffffaa</color>
					<colorMode>normal</colorMode>
					<Icon>
						<href>http://maps.google.com/mapfiles/kml/pushpin/pink-pushpin.png</href>
					</Icon>
				</IconStyle>
				<LineStyle>
					<color>ffffffaa</color>
					<colorMode>normal</colorMode>
				</LineStyle>
				<PolyStyle>
					<color>ffffffaa</color>
					<colorMode>normal</colorMode>
				</PolyStyle>
			</Style>
			<ExtendedData>
				<SchemaData schemaUrl="#S_patok_heksa_MR_CPL_B__SSDD">
					<SimpleData name="KM">98+400</SimpleData>
					<SimpleData name="JALUR">B</SimpleData>
					<SimpleData name="X">-6.68144</SimpleData>
					<SimpleData name="Y">107.438</SimpleData>
				</SchemaData>
			</ExtendedData>
			<Point>
				<coordinates>107.438235735589,-6.681443003039695,0</coordinates>
			</Point>
		</Placemark>
		<Placemark>
			<name>98+600</name>
			<styleUrl>#pointStyleMap</styleUrl>
			<Style id="inline">
				<IconStyle>
					<color>ffffffaa</color>
					<colorMode>normal</colorMode>
					<Icon>
						<href>http://maps.google.com/mapfiles/kml/pushpin/pink-pushpin.png</href>
					</Icon>
				</IconStyle>
				<LineStyle>
					<color>ffffffaa</color>
					<colorMode>normal</colorMode>
				</LineStyle>
				<PolyStyle>
					<color>ffffffaa</color>
					<colorMode>normal</colorMode>
				</PolyStyle>
			</Style>
			<ExtendedData>
				<SchemaData schemaUrl="#S_patok_heksa_MR_CPL_B__SSDD">
					<SimpleData name="KM">98+600</SimpleData>
					<SimpleData name="JALUR">B</SimpleData>
					<SimpleData name="X">-6.68317</SimpleData>
					<SimpleData name="Y">107.438</SimpleData>
				</SchemaData>
			</ExtendedData>
			<Point>
				<coordinates>107.437567268176,-6.683170435820893,0</coordinates>
			</Point>
		</Placemark>
		<Placemark>
			<name>98+800</name>
			<styleUrl>#pointStyleMap</styleUrl>
			<Style id="inline">
				<IconStyle>
					<color>ffffffaa</color>
					<colorMode>normal</colorMode>
					<Icon>
						<href>http://maps.google.com/mapfiles/kml/pushpin/pink-pushpin.png</href>
					</Icon>
				</IconStyle>
				<LineStyle>
					<color>ffffffaa</color>
					<colorMode>normal</colorMode>
				</LineStyle>
				<PolyStyle>
					<color>ffffffaa</color>
					<colorMode>normal</colorMode>
				</PolyStyle>
			</Style>
			<ExtendedData>
				<SchemaData schemaUrl="#S_patok_heksa_MR_CPL_B__SSDD">
					<SimpleData name="KM">98+800</SimpleData>
					<SimpleData name="JALUR">B</SimpleData>
					<SimpleData name="X">-6.68494</SimpleData>
					<SimpleData name="Y">107.437</SimpleData>
				</SchemaData>
			</ExtendedData>
			<Point>
				<coordinates>107.436960089296,-6.684943812327795,0</coordinates>
			</Point>
		</Placemark>
		<Placemark>
			<name>99+0</name>
			<styleUrl>#pointStyleMap</styleUrl>
			<Style id="inline">
				<IconStyle>
					<color>ffffffaa</color>
					<colorMode>normal</colorMode>
					<Icon>
						<href>http://maps.google.com/mapfiles/kml/pushpin/pink-pushpin.png</href>
					</Icon>
				</IconStyle>
				<LineStyle>
					<color>ffffffaa</color>
					<colorMode>normal</colorMode>
				</LineStyle>
				<PolyStyle>
					<color>ffffffaa</color>
					<colorMode>normal</colorMode>
				</PolyStyle>
			</Style>
			<ExtendedData>
				<SchemaData schemaUrl="#S_patok_heksa_MR_CPL_B__SSDD">
					<SimpleData name="KM">99+0</SimpleData>
					<SimpleData name="JALUR">B</SimpleData>
					<SimpleData name="X">-6.68671</SimpleData>
					<SimpleData name="Y">107.436</SimpleData>
				</SchemaData>
			</ExtendedData>
			<Point>
				<coordinates>107.436496946365,-6.686713207911965,0</coordinates>
			</Point>
		</Placemark>
		<Placemark>
			<name>99+200</name>
			<styleUrl>#pointStyleMap</styleUrl>
			<Style id="inline">
				<IconStyle>
					<color>ffffffaa</color>
					<colorMode>normal</colorMode>
					<Icon>
						<href>http://maps.google.com/mapfiles/kml/pushpin/pink-pushpin.png</href>
					</Icon>
				</IconStyle>
				<LineStyle>
					<color>ffffffaa</color>
					<colorMode>normal</colorMode>
				</LineStyle>
				<PolyStyle>
					<color>ffffffaa</color>
					<colorMode>normal</colorMode>
				</PolyStyle>
			</Style>
			<ExtendedData>
				<SchemaData schemaUrl="#S_patok_heksa_MR_CPL_B__SSDD">
					<SimpleData name="KM">99+200</SimpleData>
					<SimpleData name="JALUR">B</SimpleData>
					<SimpleData name="X">-6.68855</SimpleData>
					<SimpleData name="Y">107.436</SimpleData>
				</SchemaData>
			</ExtendedData>
			<Point>
				<coordinates>107.436096801557,-6.688553903548698,0</coordinates>
			</Point>
		</Placemark>
		<Placemark>
			<name>99+400</name>
			<styleUrl>#pointStyleMap</styleUrl>
			<Style id="inline">
				<IconStyle>
					<color>ffffffaa</color>
					<colorMode>normal</colorMode>
					<Icon>
						<href>http://maps.google.com/mapfiles/kml/pushpin/pink-pushpin.png</href>
					</Icon>
				</IconStyle>
				<LineStyle>
					<color>ffffffaa</color>
					<colorMode>normal</colorMode>
				</LineStyle>
				<PolyStyle>
					<color>ffffffaa</color>
					<colorMode>normal</colorMode>
				</PolyStyle>
			</Style>
			<ExtendedData>
				<SchemaData schemaUrl="#S_patok_heksa_MR_CPL_B__SSDD">
					<SimpleData name="KM">99+400</SimpleData>
					<SimpleData name="JALUR">B</SimpleData>
					<SimpleData name="X">-6.69034</SimpleData>
					<SimpleData name="Y">107.436</SimpleData>
				</SchemaData>
			</ExtendedData>
			<Point>
				<coordinates>107.435727805444,-6.690343815261803,0</coordinates>
			</Point>
		</Placemark>
		<Placemark>
			<name>99+600</name>
			<styleUrl>#pointStyleMap</styleUrl>
			<Style id="inline">
				<IconStyle>
					<color>ffffffaa</color>
					<colorMode>normal</colorMode>
					<Icon>
						<href>http://maps.google.com/mapfiles/kml/pushpin/pink-pushpin.png</href>
					</Icon>
				</IconStyle>
				<LineStyle>
					<color>ffffffaa</color>
					<colorMode>normal</colorMode>
				</LineStyle>
				<PolyStyle>
					<color>ffffffaa</color>
					<colorMode>normal</colorMode>
				</PolyStyle>
			</Style>
			<ExtendedData>
				<SchemaData schemaUrl="#S_patok_heksa_MR_CPL_B__SSDD">
					<SimpleData name="KM">99+600</SimpleData>
					<SimpleData name="JALUR">B</SimpleData>
					<SimpleData name="X">-6.69215</SimpleData>
					<SimpleData name="Y">107.435</SimpleData>
				</SchemaData>
			</ExtendedData>
			<Point>
				<coordinates>107.435375669726,-6.692145975187353,0</coordinates>
			</Point>
		</Placemark>
		<Placemark>
			<name>99+800</name>
			<styleUrl>#pointStyleMap</styleUrl>
			<Style id="inline">
				<IconStyle>
					<color>ffffffaa</color>
					<colorMode>normal</colorMode>
					<Icon>
						<href>http://maps.google.com/mapfiles/kml/pushpin/pink-pushpin.png</href>
					</Icon>
				</IconStyle>
				<LineStyle>
					<color>ffffffaa</color>
					<colorMode>normal</colorMode>
				</LineStyle>
				<PolyStyle>
					<color>ffffffaa</color>
					<colorMode>normal</colorMode>
				</PolyStyle>
			</Style>
			<ExtendedData>
				<SchemaData schemaUrl="#S_patok_heksa_MR_CPL_B__SSDD">
					<SimpleData name="KM">99+800</SimpleData>
					<SimpleData name="JALUR">B</SimpleData>
					<SimpleData name="X">-6.69391</SimpleData>
					<SimpleData name="Y">107.435</SimpleData>
				</SchemaData>
			</ExtendedData>
			<Point>
				<coordinates>107.435003067469,-6.693912459345343,0</coordinates>
			</Point>
		</Placemark>
		<Placemark>
			<name>100+0</name>
			<styleUrl>#pointStyleMap</styleUrl>
			<Style id="inline">
				<IconStyle>
					<color>ffffffaa</color>
					<colorMode>normal</colorMode>
					<Icon>
						<href>http://maps.google.com/mapfiles/kml/pushpin/pink-pushpin.png</href>
					</Icon>
				</IconStyle>
				<LineStyle>
					<color>ffffffaa</color>
					<colorMode>normal</colorMode>
				</LineStyle>
				<PolyStyle>
					<color>ffffffaa</color>
					<colorMode>normal</colorMode>
				</PolyStyle>
			</Style>
			<ExtendedData>
				<SchemaData schemaUrl="#S_patok_heksa_MR_CPL_B__SSDD">
					<SimpleData name="KM">100+0</SimpleData>
					<SimpleData name="JALUR">B</SimpleData>
					<SimpleData name="X">-6.69574</SimpleData>
					<SimpleData name="Y">107.435</SimpleData>
				</SchemaData>
			</ExtendedData>
			<Point>
				<coordinates>107.434657867013,-6.695735553253021,0</coordinates>
			</Point>
		</Placemark>
		<Placemark>
			<name>100+200</name>
			<styleUrl>#pointStyleMap</styleUrl>
			<Style id="inline">
				<IconStyle>
					<color>ffffffaa</color>
					<colorMode>normal</colorMode>
					<Icon>
						<href>http://maps.google.com/mapfiles/kml/pushpin/pink-pushpin.png</href>
					</Icon>
				</IconStyle>
				<LineStyle>
					<color>ffffffaa</color>
					<colorMode>normal</colorMode>
				</LineStyle>
				<PolyStyle>
					<color>ffffffaa</color>
					<colorMode>normal</colorMode>
				</PolyStyle>
			</Style>
			<ExtendedData>
				<SchemaData schemaUrl="#S_patok_heksa_MR_CPL_B__SSDD">
					<SimpleData name="KM">100+200</SimpleData>
					<SimpleData name="JALUR">B</SimpleData>
					<SimpleData name="X">-6.69752</SimpleData>
					<SimpleData name="Y">107.434</SimpleData>
				</SchemaData>
			</ExtendedData>
			<Point>
				<coordinates>107.434317286256,-6.697524272390829,0</coordinates>
			</Point>
		</Placemark>
		<Placemark>
			<name>100+400</name>
			<styleUrl>#pointStyleMap</styleUrl>
			<Style id="inline">
				<IconStyle>
					<color>ffffffaa</color>
					<colorMode>normal</colorMode>
					<Icon>
						<href>http://maps.google.com/mapfiles/kml/pushpin/pink-pushpin.png</href>
					</Icon>
				</IconStyle>
				<LineStyle>
					<color>ffffffaa</color>
					<colorMode>normal</colorMode>
				</LineStyle>
				<PolyStyle>
					<color>ffffffaa</color>
					<colorMode>normal</colorMode>
				</PolyStyle>
			</Style>
			<ExtendedData>
				<SchemaData schemaUrl="#S_patok_heksa_MR_CPL_B__SSDD">
					<SimpleData name="KM">100+400</SimpleData>
					<SimpleData name="JALUR">B</SimpleData>
					<SimpleData name="X">-6.69927</SimpleData>
					<SimpleData name="Y">107.434</SimpleData>
				</SchemaData>
			</ExtendedData>
			<Point>
				<coordinates>107.433922850317,-6.699267960422333,0</coordinates>
			</Point>
		</Placemark>
		<Placemark>
			<name>100+600</name>
			<styleUrl>#pointStyleMap</styleUrl>
			<Style id="inline">
				<IconStyle>
					<color>ffffffaa</color>
					<colorMode>normal</colorMode>
					<Icon>
						<href>http://maps.google.com/mapfiles/kml/pushpin/pink-pushpin.png</href>
					</Icon>
				</IconStyle>
				<LineStyle>
					<color>ffffffaa</color>
					<colorMode>normal</colorMode>
				</LineStyle>
				<PolyStyle>
					<color>ffffffaa</color>
					<colorMode>normal</colorMode>
				</PolyStyle>
			</Style>
			<ExtendedData>
				<SchemaData schemaUrl="#S_patok_heksa_MR_CPL_B__SSDD">
					<SimpleData name="KM">100+600</SimpleData>
					<SimpleData name="JALUR">B</SimpleData>
					<SimpleData name="X">-6.70103</SimpleData>
					<SimpleData name="Y">107.433</SimpleData>
				</SchemaData>
			</ExtendedData>
			<Point>
				<coordinates>107.433413955801,-6.701028652788017,0</coordinates>
			</Point>
		</Placemark>
		<Placemark>
			<name>100+800</name>
			<styleUrl>#pointStyleMap</styleUrl>
			<Style id="inline">
				<IconStyle>
					<color>ffffffaa</color>
					<colorMode>normal</colorMode>
					<Icon>
						<href>http://maps.google.com/mapfiles/kml/pushpin/pink-pushpin.png</href>
					</Icon>
				</IconStyle>
				<LineStyle>
					<color>ffffffaa</color>
					<colorMode>normal</colorMode>
				</LineStyle>
				<PolyStyle>
					<color>ffffffaa</color>
					<colorMode>normal</colorMode>
				</PolyStyle>
			</Style>
			<ExtendedData>
				<SchemaData schemaUrl="#S_patok_heksa_MR_CPL_B__SSDD">
					<SimpleData name="KM">100+800</SimpleData>
					<SimpleData name="JALUR">B</SimpleData>
					<SimpleData name="X">-6.70271</SimpleData>
					<SimpleData name="Y">107.433</SimpleData>
				</SchemaData>
			</ExtendedData>
			<Point>
				<coordinates>107.432768806313,-6.702710796204457,0</coordinates>
			</Point>
		</Placemark>
		<Placemark>
			<name>101+0</name>
			<styleUrl>#pointStyleMap</styleUrl>
			<Style id="inline">
				<IconStyle>
					<color>ffffffaa</color>
					<colorMode>normal</colorMode>
					<Icon>
						<href>http://maps.google.com/mapfiles/kml/pushpin/pink-pushpin.png</href>
					</Icon>
				</IconStyle>
				<LineStyle>
					<color>ffffffaa</color>
					<colorMode>normal</colorMode>
				</LineStyle>
				<PolyStyle>
					<color>ffffffaa</color>
					<colorMode>normal</colorMode>
				</PolyStyle>
			</Style>
			<ExtendedData>
				<SchemaData schemaUrl="#S_patok_heksa_MR_CPL_B__SSDD">
					<SimpleData name="KM">101+0</SimpleData>
					<SimpleData name="JALUR">B</SimpleData>
					<SimpleData name="X">-6.70441</SimpleData>
					<SimpleData name="Y">107.432</SimpleData>
				</SchemaData>
			</ExtendedData>
			<Point>
				<coordinates>107.432134988352,-6.704413306402017,0</coordinates>
			</Point>
		</Placemark>
		<Placemark>
			<name>101+200</name>
			<styleUrl>#pointStyleMap</styleUrl>
			<Style id="inline">
				<IconStyle>
					<color>ffffffaa</color>
					<colorMode>normal</colorMode>
					<Icon>
						<href>http://maps.google.com/mapfiles/kml/pushpin/pink-pushpin.png</href>
					</Icon>
				</IconStyle>
				<LineStyle>
					<color>ffffffaa</color>
					<colorMode>normal</colorMode>
				</LineStyle>
				<PolyStyle>
					<color>ffffffaa</color>
					<colorMode>normal</colorMode>
				</PolyStyle>
			</Style>
			<ExtendedData>
				<SchemaData schemaUrl="#S_patok_heksa_MR_CPL_B__SSDD">
					<SimpleData name="KM">101+200</SimpleData>
					<SimpleData name="JALUR">B</SimpleData>
					<SimpleData name="X">-6.70621</SimpleData>
					<SimpleData name="Y">107.432</SimpleData>
				</SchemaData>
			</ExtendedData>
			<Point>
				<coordinates>107.431711074315,-6.706211185953153,0</coordinates>
			</Point>
		</Placemark>
		<Placemark>
			<name>101+400</name>
			<styleUrl>#pointStyleMap</styleUrl>
			<Style id="inline">
				<IconStyle>
					<color>ffffffaa</color>
					<colorMode>normal</colorMode>
					<Icon>
						<href>http://maps.google.com/mapfiles/kml/pushpin/pink-pushpin.png</href>
					</Icon>
				</IconStyle>
				<LineStyle>
					<color>ffffffaa</color>
					<colorMode>normal</colorMode>
				</LineStyle>
				<PolyStyle>
					<color>ffffffaa</color>
					<colorMode>normal</colorMode>
				</PolyStyle>
			</Style>
			<ExtendedData>
				<SchemaData schemaUrl="#S_patok_heksa_MR_CPL_B__SSDD">
					<SimpleData name="KM">101+400</SimpleData>
					<SimpleData name="JALUR">B</SimpleData>
					<SimpleData name="X">-6.70808</SimpleData>
					<SimpleData name="Y">107.432</SimpleData>
				</SchemaData>
			</ExtendedData>
			<Point>
				<coordinates>107.431503662883,-6.708075874157378,0</coordinates>
			</Point>
		</Placemark>
		<Placemark>
			<name>101+600</name>
			<styleUrl>#pointStyleMap</styleUrl>
			<Style id="inline">
				<IconStyle>
					<color>ffffffaa</color>
					<colorMode>normal</colorMode>
					<Icon>
						<href>http://maps.google.com/mapfiles/kml/pushpin/pink-pushpin.png</href>
					</Icon>
				</IconStyle>
				<LineStyle>
					<color>ffffffaa</color>
					<colorMode>normal</colorMode>
				</LineStyle>
				<PolyStyle>
					<color>ffffffaa</color>
					<colorMode>normal</colorMode>
				</PolyStyle>
			</Style>
			<ExtendedData>
				<SchemaData schemaUrl="#S_patok_heksa_MR_CPL_B__SSDD">
					<SimpleData name="KM">101+600</SimpleData>
					<SimpleData name="JALUR">B</SimpleData>
					<SimpleData name="X">-6.70988</SimpleData>
					<SimpleData name="Y">107.432</SimpleData>
				</SchemaData>
			</ExtendedData>
			<Point>
				<coordinates>107.431597443688,-6.709884040534884,0</coordinates>
			</Point>
		</Placemark>
		<Placemark>
			<name>101+800</name>
			<styleUrl>#pointStyleMap</styleUrl>
			<Style id="inline">
				<IconStyle>
					<color>ffffffaa</color>
					<colorMode>normal</colorMode>
					<Icon>
						<href>http://maps.google.com/mapfiles/kml/pushpin/pink-pushpin.png</href>
					</Icon>
				</IconStyle>
				<LineStyle>
					<color>ffffffaa</color>
					<colorMode>normal</colorMode>
				</LineStyle>
				<PolyStyle>
					<color>ffffffaa</color>
					<colorMode>normal</colorMode>
				</PolyStyle>
			</Style>
			<ExtendedData>
				<SchemaData schemaUrl="#S_patok_heksa_MR_CPL_B__SSDD">
					<SimpleData name="KM">101+800</SimpleData>
					<SimpleData name="JALUR">B</SimpleData>
					<SimpleData name="X">-6.71167</SimpleData>
					<SimpleData name="Y">107.432</SimpleData>
				</SchemaData>
			</ExtendedData>
			<Point>
				<coordinates>107.431831766582,-6.711668302739668,0</coordinates>
			</Point>
		</Placemark>
		<Placemark>
			<name>102+0</name>
			<styleUrl>#pointStyleMap</styleUrl>
			<Style id="inline">
				<IconStyle>
					<color>ffffffaa</color>
					<colorMode>normal</colorMode>
					<Icon>
						<href>http://maps.google.com/mapfiles/kml/pushpin/pink-pushpin.png</href>
					</Icon>
				</IconStyle>
				<LineStyle>
					<color>ffffffaa</color>
					<colorMode>normal</colorMode>
				</LineStyle>
				<PolyStyle>
					<color>ffffffaa</color>
					<colorMode>normal</colorMode>
				</PolyStyle>
			</Style>
			<ExtendedData>
				<SchemaData schemaUrl="#S_patok_heksa_MR_CPL_B__SSDD">
					<SimpleData name="KM">102+0</SimpleData>
					<SimpleData name="JALUR">B</SimpleData>
					<SimpleData name="X">-6.71347</SimpleData>
					<SimpleData name="Y">107.432</SimpleData>
				</SchemaData>
			</ExtendedData>
			<Point>
				<coordinates>107.432084495678,-6.713474183672621,0</coordinates>
			</Point>
		</Placemark>
		<Placemark>
			<name>102+200</name>
			<styleUrl>#pointStyleMap</styleUrl>
			<Style id="inline">
				<IconStyle>
					<color>ffffffaa</color>
					<colorMode>normal</colorMode>
					<Icon>
						<href>http://maps.google.com/mapfiles/kml/pushpin/pink-pushpin.png</href>
					</Icon>
				</IconStyle>
				<LineStyle>
					<color>ffffffaa</color>
					<colorMode>normal</colorMode>
				</LineStyle>
				<PolyStyle>
					<color>ffffffaa</color>
					<colorMode>normal</colorMode>
				</PolyStyle>
			</Style>
			<ExtendedData>
				<SchemaData schemaUrl="#S_patok_heksa_MR_CPL_B__SSDD">
					<SimpleData name="KM">102+200</SimpleData>
					<SimpleData name="JALUR">B</SimpleData>
					<SimpleData name="X">-6.71527</SimpleData>
					<SimpleData name="Y">107.432</SimpleData>
				</SchemaData>
			</ExtendedData>
			<Point>
				<coordinates>107.432378257172,-6.715270553902069,0</coordinates>
			</Point>
		</Placemark>
		<Placemark>
			<name>102+400</name>
			<styleUrl>#pointStyleMap</styleUrl>
			<Style id="inline">
				<IconStyle>
					<color>ffffffaa</color>
					<colorMode>normal</colorMode>
					<Icon>
						<href>http://maps.google.com/mapfiles/kml/pushpin/pink-pushpin.png</href>
					</Icon>
				</IconStyle>
				<LineStyle>
					<color>ffffffaa</color>
					<colorMode>normal</colorMode>
				</LineStyle>
				<PolyStyle>
					<color>ffffffaa</color>
					<colorMode>normal</colorMode>
				</PolyStyle>
			</Style>
			<ExtendedData>
				<SchemaData schemaUrl="#S_patok_heksa_MR_CPL_B__SSDD">
					<SimpleData name="KM">102+400</SimpleData>
					<SimpleData name="JALUR">B</SimpleData>
					<SimpleData name="X">-6.71707</SimpleData>
					<SimpleData name="Y">107.433</SimpleData>
				</SchemaData>
			</ExtendedData>
			<Point>
				<coordinates>107.43263959426,-6.717074224975226,0</coordinates>
			</Point>
		</Placemark>
		<Placemark>
			<name>102+600</name>
			<styleUrl>#pointStyleMap</styleUrl>
			<Style id="inline">
				<IconStyle>
					<color>ffffffaa</color>
					<colorMode>normal</colorMode>
					<Icon>
						<href>http://maps.google.com/mapfiles/kml/pushpin/pink-pushpin.png</href>
					</Icon>
				</IconStyle>
				<LineStyle>
					<color>ffffffaa</color>
					<colorMode>normal</colorMode>
				</LineStyle>
				<PolyStyle>
					<color>ffffffaa</color>
					<colorMode>normal</colorMode>
				</PolyStyle>
			</Style>
			<ExtendedData>
				<SchemaData schemaUrl="#S_patok_heksa_MR_CPL_B__SSDD">
					<SimpleData name="KM">102+600</SimpleData>
					<SimpleData name="JALUR">B</SimpleData>
					<SimpleData name="X">-6.71884</SimpleData>
					<SimpleData name="Y">107.433</SimpleData>
				</SchemaData>
			</ExtendedData>
			<Point>
				<coordinates>107.432968443326,-6.718842439026864,0</coordinates>
			</Point>
		</Placemark>
		<Placemark>
			<name>102+800</name>
			<styleUrl>#pointStyleMap</styleUrl>
			<Style id="inline">
				<IconStyle>
					<color>ffffffaa</color>
					<colorMode>normal</colorMode>
					<Icon>
						<href>http://maps.google.com/mapfiles/kml/pushpin/pink-pushpin.png</href>
					</Icon>
				</IconStyle>
				<LineStyle>
					<color>ffffffaa</color>
					<colorMode>normal</colorMode>
				</LineStyle>
				<PolyStyle>
					<color>ffffffaa</color>
					<colorMode>normal</colorMode>
				</PolyStyle>
			</Style>
			<ExtendedData>
				<SchemaData schemaUrl="#S_patok_heksa_MR_CPL_B__SSDD">
					<SimpleData name="KM">102+800</SimpleData>
					<SimpleData name="JALUR">B</SimpleData>
					<SimpleData name="X">-6.72065</SimpleData>
					<SimpleData name="Y">107.433</SimpleData>
				</SchemaData>
			</ExtendedData>
			<Point>
				<coordinates>107.433394597995,-6.720650076815358,0</coordinates>
			</Point>
		</Placemark>
		<Placemark>
			<name>103+0</name>
			<styleUrl>#pointStyleMap</styleUrl>
			<Style id="inline">
				<IconStyle>
					<color>ffffffaa</color>
					<colorMode>normal</colorMode>
					<Icon>
						<href>http://maps.google.com/mapfiles/kml/pushpin/pink-pushpin.png</href>
					</Icon>
				</IconStyle>
				<LineStyle>
					<color>ffffffaa</color>
					<colorMode>normal</colorMode>
				</LineStyle>
				<PolyStyle>
					<color>ffffffaa</color>
					<colorMode>normal</colorMode>
				</PolyStyle>
			</Style>
			<ExtendedData>
				<SchemaData schemaUrl="#S_patok_heksa_MR_CPL_B__SSDD">
					<SimpleData name="KM">103+0</SimpleData>
					<SimpleData name="JALUR">B</SimpleData>
					<SimpleData name="X">-6.72239</SimpleData>
					<SimpleData name="Y">107.434</SimpleData>
				</SchemaData>
			</ExtendedData>
			<Point>
				<coordinates>107.433881004389,-6.722389091311383,0</coordinates>
			</Point>
		</Placemark>
		<Placemark>
			<name>103+200</name>
			<styleUrl>#pointStyleMap</styleUrl>
			<Style id="inline">
				<IconStyle>
					<color>ffffffaa</color>
					<colorMode>normal</colorMode>
					<Icon>
						<href>http://maps.google.com/mapfiles/kml/pushpin/pink-pushpin.png</href>
					</Icon>
				</IconStyle>
				<LineStyle>
					<color>ffffffaa</color>
					<colorMode>normal</colorMode>
				</LineStyle>
				<PolyStyle>
					<color>ffffffaa</color>
					<colorMode>normal</colorMode>
				</PolyStyle>
			</Style>
			<ExtendedData>
				<SchemaData schemaUrl="#S_patok_heksa_MR_CPL_B__SSDD">
					<SimpleData name="KM">103+200</SimpleData>
					<SimpleData name="JALUR">B</SimpleData>
					<SimpleData name="X">-6.72412</SimpleData>
					<SimpleData name="Y">107.434</SimpleData>
				</SchemaData>
			</ExtendedData>
			<Point>
				<coordinates>107.434399998577,-6.724123952528346,0</coordinates>
			</Point>
		</Placemark>
		<Placemark>
			<name>103+400</name>
			<styleUrl>#pointStyleMap</styleUrl>
			<Style id="inline">
				<IconStyle>
					<color>ffffffaa</color>
					<colorMode>normal</colorMode>
					<Icon>
						<href>http://maps.google.com/mapfiles/kml/pushpin/pink-pushpin.png</href>
					</Icon>
				</IconStyle>
				<LineStyle>
					<color>ffffffaa</color>
					<colorMode>normal</colorMode>
				</LineStyle>
				<PolyStyle>
					<color>ffffffaa</color>
					<colorMode>normal</colorMode>
				</PolyStyle>
			</Style>
			<ExtendedData>
				<SchemaData schemaUrl="#S_patok_heksa_MR_CPL_B__SSDD">
					<SimpleData name="KM">103+400</SimpleData>
					<SimpleData name="JALUR">B</SimpleData>
					<SimpleData name="X">-6.72584</SimpleData>
					<SimpleData name="Y">107.435</SimpleData>
				</SchemaData>
			</ExtendedData>
			<Point>
				<coordinates>107.435020541128,-6.725836649575352,0</coordinates>
			</Point>
		</Placemark>
		<Placemark>
			<name>103+600</name>
			<styleUrl>#pointStyleMap</styleUrl>
			<Style id="inline">
				<IconStyle>
					<color>ffffffaa</color>
					<colorMode>normal</colorMode>
					<Icon>
						<href>http://maps.google.com/mapfiles/kml/pushpin/pink-pushpin.png</href>
					</Icon>
				</IconStyle>
				<LineStyle>
					<color>ffffffaa</color>
					<colorMode>normal</colorMode>
				</LineStyle>
				<PolyStyle>
					<color>ffffffaa</color>
					<colorMode>normal</colorMode>
				</PolyStyle>
			</Style>
			<ExtendedData>
				<SchemaData schemaUrl="#S_patok_heksa_MR_CPL_B__SSDD">
					<SimpleData name="KM">103+600</SimpleData>
					<SimpleData name="JALUR">B</SimpleData>
					<SimpleData name="X">-6.72753</SimpleData>
					<SimpleData name="Y">107.436</SimpleData>
				</SchemaData>
			</ExtendedData>
			<Point>
				<coordinates>107.435669166008,-6.727527754452185,0</coordinates>
			</Point>
		</Placemark>
		<Placemark>
			<name>103+800</name>
			<styleUrl>#pointStyleMap</styleUrl>
			<Style id="inline">
				<IconStyle>
					<color>ffffffaa</color>
					<colorMode>normal</colorMode>
					<Icon>
						<href>http://maps.google.com/mapfiles/kml/pushpin/pink-pushpin.png</href>
					</Icon>
				</IconStyle>
				<LineStyle>
					<color>ffffffaa</color>
					<colorMode>normal</colorMode>
				</LineStyle>
				<PolyStyle>
					<color>ffffffaa</color>
					<colorMode>normal</colorMode>
				</PolyStyle>
			</Style>
			<ExtendedData>
				<SchemaData schemaUrl="#S_patok_heksa_MR_CPL_B__SSDD">
					<SimpleData name="KM">103+800</SimpleData>
					<SimpleData name="JALUR">B</SimpleData>
					<SimpleData name="X">-6.72919</SimpleData>
					<SimpleData name="Y">107.436</SimpleData>
				</SchemaData>
			</ExtendedData>
			<Point>
				<coordinates>107.436395327078,-6.729187517179243,0</coordinates>
			</Point>
		</Placemark>
		<Placemark>
			<name>104+0</name>
			<styleUrl>#pointStyleMap</styleUrl>
			<Style id="inline">
				<IconStyle>
					<color>ffffffaa</color>
					<colorMode>normal</colorMode>
					<Icon>
						<href>http://maps.google.com/mapfiles/kml/pushpin/pink-pushpin.png</href>
					</Icon>
				</IconStyle>
				<LineStyle>
					<color>ffffffaa</color>
					<colorMode>normal</colorMode>
				</LineStyle>
				<PolyStyle>
					<color>ffffffaa</color>
					<colorMode>normal</colorMode>
				</PolyStyle>
			</Style>
			<ExtendedData>
				<SchemaData schemaUrl="#S_patok_heksa_MR_CPL_B__SSDD">
					<SimpleData name="KM">104+0</SimpleData>
					<SimpleData name="JALUR">B</SimpleData>
					<SimpleData name="X">-6.73084</SimpleData>
					<SimpleData name="Y">107.437</SimpleData>
				</SchemaData>
			</ExtendedData>
			<Point>
				<coordinates>107.437157161179,-6.730841335551312,0</coordinates>
			</Point>
		</Placemark>
		<Placemark>
			<name>104+200</name>
			<styleUrl>#pointStyleMap</styleUrl>
			<Style id="inline">
				<IconStyle>
					<color>ffffffaa</color>
					<colorMode>normal</colorMode>
					<Icon>
						<href>http://maps.google.com/mapfiles/kml/pushpin/pink-pushpin.png</href>
					</Icon>
				</IconStyle>
				<LineStyle>
					<color>ffffffaa</color>
					<colorMode>normal</colorMode>
				</LineStyle>
				<PolyStyle>
					<color>ffffffaa</color>
					<colorMode>normal</colorMode>
				</PolyStyle>
			</Style>
			<ExtendedData>
				<SchemaData schemaUrl="#S_patok_heksa_MR_CPL_B__SSDD">
					<SimpleData name="KM">104+200</SimpleData>
					<SimpleData name="JALUR">B</SimpleData>
					<SimpleData name="X">-6.73259</SimpleData>
					<SimpleData name="Y">107.437</SimpleData>
				</SchemaData>
			</ExtendedData>
			<Point>
				<coordinates>107.437480893103,-6.7325862766315,0</coordinates>
			</Point>
		</Placemark>
		<Placemark>
			<name>104+400</name>
			<styleUrl>#pointStyleMap</styleUrl>
			<Style id="inline">
				<IconStyle>
					<color>ffffffaa</color>
					<colorMode>normal</colorMode>
					<Icon>
						<href>http://maps.google.com/mapfiles/kml/pushpin/pink-pushpin.png</href>
					</Icon>
				</IconStyle>
				<LineStyle>
					<color>ffffffaa</color>
					<colorMode>normal</colorMode>
				</LineStyle>
				<PolyStyle>
					<color>ffffffaa</color>
					<colorMode>normal</colorMode>
				</PolyStyle>
			</Style>
			<ExtendedData>
				<SchemaData schemaUrl="#S_patok_heksa_MR_CPL_B__SSDD">
					<SimpleData name="KM">104+400</SimpleData>
					<SimpleData name="JALUR">B</SimpleData>
					<SimpleData name="X">-6.73437</SimpleData>
					<SimpleData name="Y">107.437</SimpleData>
				</SchemaData>
			</ExtendedData>
			<Point>
				<coordinates>107.437273,-6.734367182727334,0</coordinates>
			</Point>
		</Placemark>
		<Placemark>
			<name>104+600</name>
			<styleUrl>#pointStyleMap</styleUrl>
			<Style id="inline">
				<IconStyle>
					<color>ffffffaa</color>
					<colorMode>normal</colorMode>
					<Icon>
						<href>http://maps.google.com/mapfiles/kml/pushpin/pink-pushpin.png</href>
					</Icon>
				</IconStyle>
				<LineStyle>
					<color>ffffffaa</color>
					<colorMode>normal</colorMode>
				</LineStyle>
				<PolyStyle>
					<color>ffffffaa</color>
					<colorMode>normal</colorMode>
				</PolyStyle>
			</Style>
			<ExtendedData>
				<SchemaData schemaUrl="#S_patok_heksa_MR_CPL_B__SSDD">
					<SimpleData name="KM">104+600</SimpleData>
					<SimpleData name="JALUR">B</SimpleData>
					<SimpleData name="X">-6.73622</SimpleData>
					<SimpleData name="Y">107.437</SimpleData>
				</SchemaData>
			</ExtendedData>
			<Point>
				<coordinates>107.43711553299,-6.73622263697488,0</coordinates>
			</Point>
		</Placemark>
		<Placemark>
			<name>104+800</name>
			<styleUrl>#pointStyleMap</styleUrl>
			<Style id="inline">
				<IconStyle>
					<color>ffffffaa</color>
					<colorMode>normal</colorMode>
					<Icon>
						<href>http://maps.google.com/mapfiles/kml/pushpin/pink-pushpin.png</href>
					</Icon>
				</IconStyle>
				<LineStyle>
					<color>ffffffaa</color>
					<colorMode>normal</colorMode>
				</LineStyle>
				<PolyStyle>
					<color>ffffffaa</color>
					<colorMode>normal</colorMode>
				</PolyStyle>
			</Style>
			<ExtendedData>
				<SchemaData schemaUrl="#S_patok_heksa_MR_CPL_B__SSDD">
					<SimpleData name="KM">104+800</SimpleData>
					<SimpleData name="JALUR">B</SimpleData>
					<SimpleData name="X">-6.73807</SimpleData>
					<SimpleData name="Y">107.437</SimpleData>
				</SchemaData>
			</ExtendedData>
			<Point>
				<coordinates>107.437258626804,-6.738068601371461,0</coordinates>
			</Point>
		</Placemark>
		<Placemark>
			<name>105+0</name>
			<styleUrl>#pointStyleMap</styleUrl>
			<Style id="inline">
				<IconStyle>
					<color>ffffffaa</color>
					<colorMode>normal</colorMode>
					<Icon>
						<href>http://maps.google.com/mapfiles/kml/pushpin/pink-pushpin.png</href>
					</Icon>
				</IconStyle>
				<LineStyle>
					<color>ffffffaa</color>
					<colorMode>normal</colorMode>
				</LineStyle>
				<PolyStyle>
					<color>ffffffaa</color>
					<colorMode>normal</colorMode>
				</PolyStyle>
			</Style>
			<ExtendedData>
				<SchemaData schemaUrl="#S_patok_heksa_MR_CPL_B__SSDD">
					<SimpleData name="KM">105+0</SimpleData>
					<SimpleData name="JALUR">B</SimpleData>
					<SimpleData name="X">-6.73987</SimpleData>
					<SimpleData name="Y">107.438</SimpleData>
				</SchemaData>
			</ExtendedData>
			<Point>
				<coordinates>107.43767751783,-6.739871888829359,0</coordinates>
			</Point>
		</Placemark>
		<Placemark>
			<name>105+200</name>
			<styleUrl>#pointStyleMap</styleUrl>
			<Style id="inline">
				<IconStyle>
					<color>ffffffaa</color>
					<colorMode>normal</colorMode>
					<Icon>
						<href>http://maps.google.com/mapfiles/kml/pushpin/pink-pushpin.png</href>
					</Icon>
				</IconStyle>
				<LineStyle>
					<color>ffffffaa</color>
					<colorMode>normal</colorMode>
				</LineStyle>
				<PolyStyle>
					<color>ffffffaa</color>
					<colorMode>normal</colorMode>
				</PolyStyle>
			</Style>
			<ExtendedData>
				<SchemaData schemaUrl="#S_patok_heksa_MR_CPL_B__SSDD">
					<SimpleData name="KM">105+200</SimpleData>
					<SimpleData name="JALUR">B</SimpleData>
					<SimpleData name="X">-6.74153</SimpleData>
					<SimpleData name="Y">107.438</SimpleData>
				</SchemaData>
			</ExtendedData>
			<Point>
				<coordinates>107.438388780905,-6.741527360240074,0</coordinates>
			</Point>
		</Placemark>
		<Placemark>
			<name>105+400</name>
			<styleUrl>#pointStyleMap</styleUrl>
			<Style id="inline">
				<IconStyle>
					<color>ffffffaa</color>
					<colorMode>normal</colorMode>
					<Icon>
						<href>http://maps.google.com/mapfiles/kml/pushpin/pink-pushpin.png</href>
					</Icon>
				</IconStyle>
				<LineStyle>
					<color>ffffffaa</color>
					<colorMode>normal</colorMode>
				</LineStyle>
				<PolyStyle>
					<color>ffffffaa</color>
					<colorMode>normal</colorMode>
				</PolyStyle>
			</Style>
			<ExtendedData>
				<SchemaData schemaUrl="#S_patok_heksa_MR_CPL_B__SSDD">
					<SimpleData name="KM">105+400</SimpleData>
					<SimpleData name="JALUR">B</SimpleData>
					<SimpleData name="X">-6.74314</SimpleData>
					<SimpleData name="Y">107.439</SimpleData>
				</SchemaData>
			</ExtendedData>
			<Point>
				<coordinates>107.439203611691,-6.743137620885618,0</coordinates>
			</Point>
		</Placemark>
		<Placemark>
			<name>105+600</name>
			<styleUrl>#pointStyleMap</styleUrl>
			<Style id="inline">
				<IconStyle>
					<color>ffffffaa</color>
					<colorMode>normal</colorMode>
					<Icon>
						<href>http://maps.google.com/mapfiles/kml/pushpin/pink-pushpin.png</href>
					</Icon>
				</IconStyle>
				<LineStyle>
					<color>ffffffaa</color>
					<colorMode>normal</colorMode>
				</LineStyle>
				<PolyStyle>
					<color>ffffffaa</color>
					<colorMode>normal</colorMode>
				</PolyStyle>
			</Style>
			<ExtendedData>
				<SchemaData schemaUrl="#S_patok_heksa_MR_CPL_B__SSDD">
					<SimpleData name="KM">105+600</SimpleData>
					<SimpleData name="JALUR">B</SimpleData>
					<SimpleData name="X">-6.74477</SimpleData>
					<SimpleData name="Y">107.44</SimpleData>
				</SchemaData>
			</ExtendedData>
			<Point>
				<coordinates>107.439909563383,-6.744769125541672,0</coordinates>
			</Point>
		</Placemark>
		<Placemark>
			<name>105+800</name>
			<styleUrl>#pointStyleMap</styleUrl>
			<Style id="inline">
				<IconStyle>
					<color>ffffffaa</color>
					<colorMode>normal</colorMode>
					<Icon>
						<href>http://maps.google.com/mapfiles/kml/pushpin/pink-pushpin.png</href>
					</Icon>
				</IconStyle>
				<LineStyle>
					<color>ffffffaa</color>
					<colorMode>normal</colorMode>
				</LineStyle>
				<PolyStyle>
					<color>ffffffaa</color>
					<colorMode>normal</colorMode>
				</PolyStyle>
			</Style>
			<ExtendedData>
				<SchemaData schemaUrl="#S_patok_heksa_MR_CPL_B__SSDD">
					<SimpleData name="KM">105+800</SimpleData>
					<SimpleData name="JALUR">B</SimpleData>
					<SimpleData name="X">-6.74659</SimpleData>
					<SimpleData name="Y">107.44</SimpleData>
				</SchemaData>
			</ExtendedData>
			<Point>
				<coordinates>107.4402631051,-6.746586540269723,0</coordinates>
			</Point>
		</Placemark>
		<Placemark>
			<name>106+0</name>
			<styleUrl>#pointStyleMap</styleUrl>
			<Style id="inline">
				<IconStyle>
					<color>ffffffaa</color>
					<colorMode>normal</colorMode>
					<Icon>
						<href>http://maps.google.com/mapfiles/kml/pushpin/pink-pushpin.png</href>
					</Icon>
				</IconStyle>
				<LineStyle>
					<color>ffffffaa</color>
					<colorMode>normal</colorMode>
				</LineStyle>
				<PolyStyle>
					<color>ffffffaa</color>
					<colorMode>normal</colorMode>
				</PolyStyle>
			</Style>
			<ExtendedData>
				<SchemaData schemaUrl="#S_patok_heksa_MR_CPL_B__SSDD">
					<SimpleData name="KM">106+0</SimpleData>
					<SimpleData name="JALUR">B</SimpleData>
					<SimpleData name="X">-6.74833</SimpleData>
					<SimpleData name="Y">107.44</SimpleData>
				</SchemaData>
			</ExtendedData>
			<Point>
				<coordinates>107.440175561869,-6.748334915386927,0</coordinates>
			</Point>
		</Placemark>
		<Placemark>
			<name>106+200</name>
			<styleUrl>#pointStyleMap</styleUrl>
			<Style id="inline">
				<IconStyle>
					<color>ffffffaa</color>
					<colorMode>normal</colorMode>
					<Icon>
						<href>http://maps.google.com/mapfiles/kml/pushpin/pink-pushpin.png</href>
					</Icon>
				</IconStyle>
				<LineStyle>
					<color>ffffffaa</color>
					<colorMode>normal</colorMode>
				</LineStyle>
				<PolyStyle>
					<color>ffffffaa</color>
					<colorMode>normal</colorMode>
				</PolyStyle>
			</Style>
			<ExtendedData>
				<SchemaData schemaUrl="#S_patok_heksa_MR_CPL_B__SSDD">
					<SimpleData name="KM">106+200</SimpleData>
					<SimpleData name="JALUR">B</SimpleData>
					<SimpleData name="X">-6.75012</SimpleData>
					<SimpleData name="Y">107.44</SimpleData>
				</SchemaData>
			</ExtendedData>
			<Point>
				<coordinates>107.439907545997,-6.750118855138007,0</coordinates>
			</Point>
		</Placemark>
		<Placemark>
			<name>106+400</name>
			<styleUrl>#pointStyleMap</styleUrl>
			<Style id="inline">
				<IconStyle>
					<color>ffffffaa</color>
					<colorMode>normal</colorMode>
					<Icon>
						<href>http://maps.google.com/mapfiles/kml/pushpin/pink-pushpin.png</href>
					</Icon>
				</IconStyle>
				<LineStyle>
					<color>ffffffaa</color>
					<colorMode>normal</colorMode>
				</LineStyle>
				<PolyStyle>
					<color>ffffffaa</color>
					<colorMode>normal</colorMode>
				</PolyStyle>
			</Style>
			<ExtendedData>
				<SchemaData schemaUrl="#S_patok_heksa_MR_CPL_B__SSDD">
					<SimpleData name="KM">106+400</SimpleData>
					<SimpleData name="JALUR">B</SimpleData>
					<SimpleData name="X">-6.75194</SimpleData>
					<SimpleData name="Y">107.44</SimpleData>
				</SchemaData>
			</ExtendedData>
			<Point>
				<coordinates>107.439851958316,-6.751943536365721,0</coordinates>
			</Point>
		</Placemark>
		<Placemark>
			<name>106+600</name>
			<styleUrl>#pointStyleMap</styleUrl>
			<Style id="inline">
				<IconStyle>
					<color>ffffffaa</color>
					<colorMode>normal</colorMode>
					<Icon>
						<href>http://maps.google.com/mapfiles/kml/pushpin/pink-pushpin.png</href>
					</Icon>
				</IconStyle>
				<LineStyle>
					<color>ffffffaa</color>
					<colorMode>normal</colorMode>
				</LineStyle>
				<PolyStyle>
					<color>ffffffaa</color>
					<colorMode>normal</colorMode>
				</PolyStyle>
			</Style>
			<ExtendedData>
				<SchemaData schemaUrl="#S_patok_heksa_MR_CPL_B__SSDD">
					<SimpleData name="KM">106+600</SimpleData>
					<SimpleData name="JALUR">B</SimpleData>
					<SimpleData name="X">-6.75376</SimpleData>
					<SimpleData name="Y">107.44</SimpleData>
				</SchemaData>
			</ExtendedData>
			<Point>
				<coordinates>107.440064877975,-6.753755128125785,0</coordinates>
			</Point>
		</Placemark>
		<Placemark>
			<name>106+800</name>
			<styleUrl>#pointStyleMap</styleUrl>
			<Style id="inline">
				<IconStyle>
					<color>ffffffaa</color>
					<colorMode>normal</colorMode>
					<Icon>
						<href>http://maps.google.com/mapfiles/kml/pushpin/pink-pushpin.png</href>
					</Icon>
				</IconStyle>
				<LineStyle>
					<color>ffffffaa</color>
					<colorMode>normal</colorMode>
				</LineStyle>
				<PolyStyle>
					<color>ffffffaa</color>
					<colorMode>normal</colorMode>
				</PolyStyle>
			</Style>
			<ExtendedData>
				<SchemaData schemaUrl="#S_patok_heksa_MR_CPL_B__SSDD">
					<SimpleData name="KM">106+800</SimpleData>
					<SimpleData name="JALUR">B</SimpleData>
					<SimpleData name="X">-6.75555</SimpleData>
					<SimpleData name="Y">107.44</SimpleData>
				</SchemaData>
			</ExtendedData>
			<Point>
				<coordinates>107.440380184467,-6.755551665469975,0</coordinates>
			</Point>
		</Placemark>
		<Placemark>
			<name>107+0</name>
			<styleUrl>#pointStyleMap</styleUrl>
			<Style id="inline">
				<IconStyle>
					<color>ffffffaa</color>
					<colorMode>normal</colorMode>
					<Icon>
						<href>http://maps.google.com/mapfiles/kml/pushpin/pink-pushpin.png</href>
					</Icon>
				</IconStyle>
				<LineStyle>
					<color>ffffffaa</color>
					<colorMode>normal</colorMode>
				</LineStyle>
				<PolyStyle>
					<color>ffffffaa</color>
					<colorMode>normal</colorMode>
				</PolyStyle>
			</Style>
			<ExtendedData>
				<SchemaData schemaUrl="#S_patok_heksa_MR_CPL_B__SSDD">
					<SimpleData name="KM">107+0</SimpleData>
					<SimpleData name="JALUR">B</SimpleData>
					<SimpleData name="X">-6.75737</SimpleData>
					<SimpleData name="Y">107.441</SimpleData>
				</SchemaData>
			</ExtendedData>
			<Point>
				<coordinates>107.4405430525,-6.757372662542627,0</coordinates>
			</Point>
		</Placemark>
		<Placemark>
			<name>107+200</name>
			<styleUrl>#pointStyleMap</styleUrl>
			<Style id="inline">
				<IconStyle>
					<color>ffffffaa</color>
					<colorMode>normal</colorMode>
					<Icon>
						<href>http://maps.google.com/mapfiles/kml/pushpin/pink-pushpin.png</href>
					</Icon>
				</IconStyle>
				<LineStyle>
					<color>ffffffaa</color>
					<colorMode>normal</colorMode>
				</LineStyle>
				<PolyStyle>
					<color>ffffffaa</color>
					<colorMode>normal</colorMode>
				</PolyStyle>
			</Style>
			<ExtendedData>
				<SchemaData schemaUrl="#S_patok_heksa_MR_CPL_B__SSDD">
					<SimpleData name="KM">107+200</SimpleData>
					<SimpleData name="JALUR">B</SimpleData>
					<SimpleData name="X">-6.75915</SimpleData>
					<SimpleData name="Y">107.441</SimpleData>
				</SchemaData>
			</ExtendedData>
			<Point>
				<coordinates>107.440568936643,-6.759149770901017,0</coordinates>
			</Point>
		</Placemark>
		<Placemark>
			<name>107+400</name>
			<styleUrl>#pointStyleMap</styleUrl>
			<Style id="inline">
				<IconStyle>
					<color>ffffffaa</color>
					<colorMode>normal</colorMode>
					<Icon>
						<href>http://maps.google.com/mapfiles/kml/pushpin/pink-pushpin.png</href>
					</Icon>
				</IconStyle>
				<LineStyle>
					<color>ffffffaa</color>
					<colorMode>normal</colorMode>
				</LineStyle>
				<PolyStyle>
					<color>ffffffaa</color>
					<colorMode>normal</colorMode>
				</PolyStyle>
			</Style>
			<ExtendedData>
				<SchemaData schemaUrl="#S_patok_heksa_MR_CPL_B__SSDD">
					<SimpleData name="KM">107+400</SimpleData>
					<SimpleData name="JALUR">B</SimpleData>
					<SimpleData name="X">-6.76094</SimpleData>
					<SimpleData name="Y">107.44</SimpleData>
				</SchemaData>
			</ExtendedData>
			<Point>
				<coordinates>107.440491527631,-6.760943692941113,0</coordinates>
			</Point>
		</Placemark>
		<Placemark>
			<name>107+600</name>
			<styleUrl>#pointStyleMap</styleUrl>
			<Style id="inline">
				<IconStyle>
					<color>ffffffaa</color>
					<colorMode>normal</colorMode>
					<Icon>
						<href>http://maps.google.com/mapfiles/kml/pushpin/pink-pushpin.png</href>
					</Icon>
				</IconStyle>
				<LineStyle>
					<color>ffffffaa</color>
					<colorMode>normal</colorMode>
				</LineStyle>
				<PolyStyle>
					<color>ffffffaa</color>
					<colorMode>normal</colorMode>
				</PolyStyle>
			</Style>
			<ExtendedData>
				<SchemaData schemaUrl="#S_patok_heksa_MR_CPL_B__SSDD">
					<SimpleData name="KM">107+600</SimpleData>
					<SimpleData name="JALUR">B</SimpleData>
					<SimpleData name="X">-6.76273</SimpleData>
					<SimpleData name="Y">107.44</SimpleData>
				</SchemaData>
			</ExtendedData>
			<Point>
				<coordinates>107.440319452711,-6.762731131278395,0</coordinates>
			</Point>
		</Placemark>
		<Placemark>
			<name>107+800</name>
			<styleUrl>#pointStyleMap</styleUrl>
			<Style id="inline">
				<IconStyle>
					<color>ffffffaa</color>
					<colorMode>normal</colorMode>
					<Icon>
						<href>http://maps.google.com/mapfiles/kml/pushpin/pink-pushpin.png</href>
					</Icon>
				</IconStyle>
				<LineStyle>
					<color>ffffffaa</color>
					<colorMode>normal</colorMode>
				</LineStyle>
				<PolyStyle>
					<color>ffffffaa</color>
					<colorMode>normal</colorMode>
				</PolyStyle>
			</Style>
			<ExtendedData>
				<SchemaData schemaUrl="#S_patok_heksa_MR_CPL_B__SSDD">
					<SimpleData name="KM">107+800</SimpleData>
					<SimpleData name="JALUR">B</SimpleData>
					<SimpleData name="X">-6.76455</SimpleData>
					<SimpleData name="Y">107.44</SimpleData>
				</SchemaData>
			</ExtendedData>
			<Point>
				<coordinates>107.440105681293,-6.764546323526366,0</coordinates>
			</Point>
		</Placemark>
		<Placemark>
			<name>108+0</name>
			<styleUrl>#pointStyleMap</styleUrl>
			<Style id="inline">
				<IconStyle>
					<color>ffffffaa</color>
					<colorMode>normal</colorMode>
					<Icon>
						<href>http://maps.google.com/mapfiles/kml/pushpin/pink-pushpin.png</href>
					</Icon>
				</IconStyle>
				<LineStyle>
					<color>ffffffaa</color>
					<colorMode>normal</colorMode>
				</LineStyle>
				<PolyStyle>
					<color>ffffffaa</color>
					<colorMode>normal</colorMode>
				</PolyStyle>
			</Style>
			<ExtendedData>
				<SchemaData schemaUrl="#S_patok_heksa_MR_CPL_B__SSDD">
					<SimpleData name="KM">108+0</SimpleData>
					<SimpleData name="JALUR">B</SimpleData>
					<SimpleData name="X">-6.76645</SimpleData>
					<SimpleData name="Y">107.44</SimpleData>
				</SchemaData>
			</ExtendedData>
			<Point>
				<coordinates>107.440258251474,-6.766453629843109,0</coordinates>
			</Point>
		</Placemark>
		<Placemark>
			<name>108+200</name>
			<styleUrl>#pointStyleMap</styleUrl>
			<Style id="inline">
				<IconStyle>
					<color>ffffffaa</color>
					<colorMode>normal</colorMode>
					<Icon>
						<href>http://maps.google.com/mapfiles/kml/pushpin/pink-pushpin.png</href>
					</Icon>
				</IconStyle>
				<LineStyle>
					<color>ffffffaa</color>
					<colorMode>normal</colorMode>
				</LineStyle>
				<PolyStyle>
					<color>ffffffaa</color>
					<colorMode>normal</colorMode>
				</PolyStyle>
			</Style>
			<ExtendedData>
				<SchemaData schemaUrl="#S_patok_heksa_MR_CPL_B__SSDD">
					<SimpleData name="KM">108+200</SimpleData>
					<SimpleData name="JALUR">B</SimpleData>
					<SimpleData name="X">-6.76817</SimpleData>
					<SimpleData name="Y">107.44</SimpleData>
				</SchemaData>
			</ExtendedData>
			<Point>
				<coordinates>107.440499748848,-6.768166710187169,0</coordinates>
			</Point>
		</Placemark>
		<Placemark>
			<name>108+400</name>
			<styleUrl>#pointStyleMap</styleUrl>
			<Style id="inline">
				<IconStyle>
					<color>ffffffaa</color>
					<colorMode>normal</colorMode>
					<Icon>
						<href>http://maps.google.com/mapfiles/kml/pushpin/pink-pushpin.png</href>
					</Icon>
				</IconStyle>
				<LineStyle>
					<color>ffffffaa</color>
					<colorMode>normal</colorMode>
				</LineStyle>
				<PolyStyle>
					<color>ffffffaa</color>
					<colorMode>normal</colorMode>
				</PolyStyle>
			</Style>
			<ExtendedData>
				<SchemaData schemaUrl="#S_patok_heksa_MR_CPL_B__SSDD">
					<SimpleData name="KM">108+400</SimpleData>
					<SimpleData name="JALUR">B</SimpleData>
					<SimpleData name="X">-6.76997</SimpleData>
					<SimpleData name="Y">107.441</SimpleData>
				</SchemaData>
			</ExtendedData>
			<Point>
				<coordinates>107.440755618011,-6.769965148473323,0</coordinates>
			</Point>
		</Placemark>
		<Placemark>
			<name>108+600</name>
			<styleUrl>#pointStyleMap</styleUrl>
			<Style id="inline">
				<IconStyle>
					<color>ffffffaa</color>
					<colorMode>normal</colorMode>
					<Icon>
						<href>http://maps.google.com/mapfiles/kml/pushpin/pink-pushpin.png</href>
					</Icon>
				</IconStyle>
				<LineStyle>
					<color>ffffffaa</color>
					<colorMode>normal</colorMode>
				</LineStyle>
				<PolyStyle>
					<color>ffffffaa</color>
					<colorMode>normal</colorMode>
				</PolyStyle>
			</Style>
			<ExtendedData>
				<SchemaData schemaUrl="#S_patok_heksa_MR_CPL_B__SSDD">
					<SimpleData name="KM">108+600</SimpleData>
					<SimpleData name="JALUR">B</SimpleData>
					<SimpleData name="X">-6.77177</SimpleData>
					<SimpleData name="Y">107.441</SimpleData>
				</SchemaData>
			</ExtendedData>
			<Point>
				<coordinates>107.440678892433,-6.771767891865387,0</coordinates>
			</Point>
		</Placemark>
		<Placemark>
			<name>108+800</name>
			<styleUrl>#pointStyleMap</styleUrl>
			<Style id="inline">
				<IconStyle>
					<color>ffffffaa</color>
					<colorMode>normal</colorMode>
					<Icon>
						<href>http://maps.google.com/mapfiles/kml/pushpin/pink-pushpin.png</href>
					</Icon>
				</IconStyle>
				<LineStyle>
					<color>ffffffaa</color>
					<colorMode>normal</colorMode>
				</LineStyle>
				<PolyStyle>
					<color>ffffffaa</color>
					<colorMode>normal</colorMode>
				</PolyStyle>
			</Style>
			<ExtendedData>
				<SchemaData schemaUrl="#S_patok_heksa_MR_CPL_B__SSDD">
					<SimpleData name="KM">108+800</SimpleData>
					<SimpleData name="JALUR">B</SimpleData>
					<SimpleData name="X">-6.77361</SimpleData>
					<SimpleData name="Y">107.44</SimpleData>
				</SchemaData>
			</ExtendedData>
			<Point>
				<coordinates>107.440479632572,-6.773609703031069,0</coordinates>
			</Point>
		</Placemark>
		<Placemark>
			<name>109+0</name>
			<styleUrl>#pointStyleMap</styleUrl>
			<Style id="inline">
				<IconStyle>
					<color>ffffffaa</color>
					<colorMode>normal</colorMode>
					<Icon>
						<href>http://maps.google.com/mapfiles/kml/pushpin/pink-pushpin.png</href>
					</Icon>
				</IconStyle>
				<LineStyle>
					<color>ffffffaa</color>
					<colorMode>normal</colorMode>
				</LineStyle>
				<PolyStyle>
					<color>ffffffaa</color>
					<colorMode>normal</colorMode>
				</PolyStyle>
			</Style>
			<ExtendedData>
				<SchemaData schemaUrl="#S_patok_heksa_MR_CPL_B__SSDD">
					<SimpleData name="KM">109+0</SimpleData>
					<SimpleData name="JALUR">B</SimpleData>
					<SimpleData name="X">-6.77536</SimpleData>
					<SimpleData name="Y">107.44</SimpleData>
				</SchemaData>
			</ExtendedData>
			<Point>
				<coordinates>107.440162345429,-6.775363335416673,0</coordinates>
			</Point>
		</Placemark>
		<Placemark>
			<name>109+200</name>
			<styleUrl>#pointStyleMap</styleUrl>
			<Style id="inline">
				<IconStyle>
					<color>ffffffaa</color>
					<colorMode>normal</colorMode>
					<Icon>
						<href>http://maps.google.com/mapfiles/kml/pushpin/pink-pushpin.png</href>
					</Icon>
				</IconStyle>
				<LineStyle>
					<color>ffffffaa</color>
					<colorMode>normal</colorMode>
				</LineStyle>
				<PolyStyle>
					<color>ffffffaa</color>
					<colorMode>normal</colorMode>
				</PolyStyle>
			</Style>
			<ExtendedData>
				<SchemaData schemaUrl="#S_patok_heksa_MR_CPL_B__SSDD">
					<SimpleData name="KM">109+200</SimpleData>
					<SimpleData name="JALUR">B</SimpleData>
					<SimpleData name="X">-6.77719</SimpleData>
					<SimpleData name="Y">107.44</SimpleData>
				</SchemaData>
			</ExtendedData>
			<Point>
				<coordinates>107.439910621434,-6.777191709573449,0</coordinates>
			</Point>
		</Placemark>
		<Placemark>
			<name>109+400</name>
			<styleUrl>#pointStyleMap</styleUrl>
			<Style id="inline">
				<IconStyle>
					<color>ffffffaa</color>
					<colorMode>normal</colorMode>
					<Icon>
						<href>http://maps.google.com/mapfiles/kml/pushpin/pink-pushpin.png</href>
					</Icon>
				</IconStyle>
				<LineStyle>
					<color>ffffffaa</color>
					<colorMode>normal</colorMode>
				</LineStyle>
				<PolyStyle>
					<color>ffffffaa</color>
					<colorMode>normal</colorMode>
				</PolyStyle>
			</Style>
			<ExtendedData>
				<SchemaData schemaUrl="#S_patok_heksa_MR_CPL_B__SSDD">
					<SimpleData name="KM">109+400</SimpleData>
					<SimpleData name="JALUR">B</SimpleData>
					<SimpleData name="X">-6.77901</SimpleData>
					<SimpleData name="Y">107.44</SimpleData>
				</SchemaData>
			</ExtendedData>
			<Point>
				<coordinates>107.439927593062,-6.779012964144064,0</coordinates>
			</Point>
		</Placemark>
		<Placemark>
			<name>109+600</name>
			<styleUrl>#pointStyleMap</styleUrl>
			<Style id="inline">
				<IconStyle>
					<color>ffffffaa</color>
					<colorMode>normal</colorMode>
					<Icon>
						<href>http://maps.google.com/mapfiles/kml/pushpin/pink-pushpin.png</href>
					</Icon>
				</IconStyle>
				<LineStyle>
					<color>ffffffaa</color>
					<colorMode>normal</colorMode>
				</LineStyle>
				<PolyStyle>
					<color>ffffffaa</color>
					<colorMode>normal</colorMode>
				</PolyStyle>
			</Style>
			<ExtendedData>
				<SchemaData schemaUrl="#S_patok_heksa_MR_CPL_B__SSDD">
					<SimpleData name="KM">109+600</SimpleData>
					<SimpleData name="JALUR">B</SimpleData>
					<SimpleData name="X">-6.78079</SimpleData>
					<SimpleData name="Y">107.44</SimpleData>
				</SchemaData>
			</ExtendedData>
			<Point>
				<coordinates>107.440265419156,-6.780788355551493,0</coordinates>
			</Point>
		</Placemark>
		<Placemark>
			<name>109+800</name>
			<styleUrl>#pointStyleMap</styleUrl>
			<Style id="inline">
				<IconStyle>
					<color>ffffffaa</color>
					<colorMode>normal</colorMode>
					<Icon>
						<href>http://maps.google.com/mapfiles/kml/pushpin/pink-pushpin.png</href>
					</Icon>
				</IconStyle>
				<LineStyle>
					<color>ffffffaa</color>
					<colorMode>normal</colorMode>
				</LineStyle>
				<PolyStyle>
					<color>ffffffaa</color>
					<colorMode>normal</colorMode>
				</PolyStyle>
			</Style>
			<ExtendedData>
				<SchemaData schemaUrl="#S_patok_heksa_MR_CPL_B__SSDD">
					<SimpleData name="KM">109+800</SimpleData>
					<SimpleData name="JALUR">B</SimpleData>
					<SimpleData name="X">-6.7826</SimpleData>
					<SimpleData name="Y">107.441</SimpleData>
				</SchemaData>
			</ExtendedData>
			<Point>
				<coordinates>107.440869277653,-6.78260056370835,0</coordinates>
			</Point>
		</Placemark>
		<Placemark>
			<name>110+0</name>
			<styleUrl>#pointStyleMap</styleUrl>
			<Style id="inline">
				<IconStyle>
					<color>ffffffaa</color>
					<colorMode>normal</colorMode>
					<Icon>
						<href>http://maps.google.com/mapfiles/kml/pushpin/pink-pushpin.png</href>
					</Icon>
				</IconStyle>
				<LineStyle>
					<color>ffffffaa</color>
					<colorMode>normal</colorMode>
				</LineStyle>
				<PolyStyle>
					<color>ffffffaa</color>
					<colorMode>normal</colorMode>
				</PolyStyle>
			</Style>
			<ExtendedData>
				<SchemaData schemaUrl="#S_patok_heksa_MR_CPL_B__SSDD">
					<SimpleData name="KM">110+0</SimpleData>
					<SimpleData name="JALUR">B</SimpleData>
					<SimpleData name="X">-6.7842</SimpleData>
					<SimpleData name="Y">107.442</SimpleData>
				</SchemaData>
			</ExtendedData>
			<Point>
				<coordinates>107.441700425177,-6.784200106466496,0</coordinates>
			</Point>
		</Placemark>
		<Placemark>
			<name>110+200</name>
			<styleUrl>#pointStyleMap</styleUrl>
			<Style id="inline">
				<IconStyle>
					<color>ffffffaa</color>
					<colorMode>normal</colorMode>
					<Icon>
						<href>http://maps.google.com/mapfiles/kml/pushpin/pink-pushpin.png</href>
					</Icon>
				</IconStyle>
				<LineStyle>
					<color>ffffffaa</color>
					<colorMode>normal</colorMode>
				</LineStyle>
				<PolyStyle>
					<color>ffffffaa</color>
					<colorMode>normal</colorMode>
				</PolyStyle>
			</Style>
			<ExtendedData>
				<SchemaData schemaUrl="#S_patok_heksa_MR_CPL_B__SSDD">
					<SimpleData name="KM">110+200</SimpleData>
					<SimpleData name="JALUR">B</SimpleData>
					<SimpleData name="X">-6.78581</SimpleData>
					<SimpleData name="Y">107.443</SimpleData>
				</SchemaData>
			</ExtendedData>
			<Point>
				<coordinates>107.44261105572,-6.785814919793811,0</coordinates>
			</Point>
		</Placemark>
		<Placemark>
			<name>110+400</name>
			<styleUrl>#pointStyleMap</styleUrl>
			<Style id="inline">
				<IconStyle>
					<color>ffffffaa</color>
					<colorMode>normal</colorMode>
					<Icon>
						<href>http://maps.google.com/mapfiles/kml/pushpin/pink-pushpin.png</href>
					</Icon>
				</IconStyle>
				<LineStyle>
					<color>ffffffaa</color>
					<colorMode>normal</colorMode>
				</LineStyle>
				<PolyStyle>
					<color>ffffffaa</color>
					<colorMode>normal</colorMode>
				</PolyStyle>
			</Style>
			<ExtendedData>
				<SchemaData schemaUrl="#S_patok_heksa_MR_CPL_B__SSDD">
					<SimpleData name="KM">110+400</SimpleData>
					<SimpleData name="JALUR">B</SimpleData>
					<SimpleData name="X">-6.78751</SimpleData>
					<SimpleData name="Y">107.443</SimpleData>
				</SchemaData>
			</ExtendedData>
			<Point>
				<coordinates>107.443292298493,-6.787507796023029,0</coordinates>
			</Point>
		</Placemark>
		<Placemark>
			<name>110+600</name>
			<styleUrl>#pointStyleMap</styleUrl>
			<Style id="inline">
				<IconStyle>
					<color>ffffffaa</color>
					<colorMode>normal</colorMode>
					<Icon>
						<href>http://maps.google.com/mapfiles/kml/pushpin/pink-pushpin.png</href>
					</Icon>
				</IconStyle>
				<LineStyle>
					<color>ffffffaa</color>
					<colorMode>normal</colorMode>
				</LineStyle>
				<PolyStyle>
					<color>ffffffaa</color>
					<colorMode>normal</colorMode>
				</PolyStyle>
			</Style>
			<ExtendedData>
				<SchemaData schemaUrl="#S_patok_heksa_MR_CPL_B__SSDD">
					<SimpleData name="KM">110+600</SimpleData>
					<SimpleData name="JALUR">B</SimpleData>
					<SimpleData name="X">-6.78932</SimpleData>
					<SimpleData name="Y">107.444</SimpleData>
				</SchemaData>
			</ExtendedData>
			<Point>
				<coordinates>107.443603268387,-6.789317966590229,0</coordinates>
			</Point>
		</Placemark>
		<Placemark>
			<name>110+800</name>
			<styleUrl>#pointStyleMap</styleUrl>
			<Style id="inline">
				<IconStyle>
					<color>ffffffaa</color>
					<colorMode>normal</colorMode>
					<Icon>
						<href>http://maps.google.com/mapfiles/kml/pushpin/pink-pushpin.png</href>
					</Icon>
				</IconStyle>
				<LineStyle>
					<color>ffffffaa</color>
					<colorMode>normal</colorMode>
				</LineStyle>
				<PolyStyle>
					<color>ffffffaa</color>
					<colorMode>normal</colorMode>
				</PolyStyle>
			</Style>
			<ExtendedData>
				<SchemaData schemaUrl="#S_patok_heksa_MR_CPL_B__SSDD">
					<SimpleData name="KM">110+800</SimpleData>
					<SimpleData name="JALUR">B</SimpleData>
					<SimpleData name="X">-6.79111</SimpleData>
					<SimpleData name="Y">107.444</SimpleData>
				</SchemaData>
			</ExtendedData>
			<Point>
				<coordinates>107.443698131726,-6.791110156543452,0</coordinates>
			</Point>
		</Placemark>
		<Placemark>
			<name>111+0</name>
			<styleUrl>#pointStyleMap</styleUrl>
			<Style id="inline">
				<IconStyle>
					<color>ffffffaa</color>
					<colorMode>normal</colorMode>
					<Icon>
						<href>http://maps.google.com/mapfiles/kml/pushpin/pink-pushpin.png</href>
					</Icon>
				</IconStyle>
				<LineStyle>
					<color>ffffffaa</color>
					<colorMode>normal</colorMode>
				</LineStyle>
				<PolyStyle>
					<color>ffffffaa</color>
					<colorMode>normal</colorMode>
				</PolyStyle>
			</Style>
			<ExtendedData>
				<SchemaData schemaUrl="#S_patok_heksa_MR_CPL_B__SSDD">
					<SimpleData name="KM">111+0</SimpleData>
					<SimpleData name="JALUR">B</SimpleData>
					<SimpleData name="X">-6.79298</SimpleData>
					<SimpleData name="Y">107.444</SimpleData>
				</SchemaData>
			</ExtendedData>
			<Point>
				<coordinates>107.4439720547,-6.792982903374503,0</coordinates>
			</Point>
		</Placemark>
		<Placemark>
			<name>111+200</name>
			<styleUrl>#pointStyleMap</styleUrl>
			<Style id="inline">
				<IconStyle>
					<color>ffffffaa</color>
					<colorMode>normal</colorMode>
					<Icon>
						<href>http://maps.google.com/mapfiles/kml/pushpin/pink-pushpin.png</href>
					</Icon>
				</IconStyle>
				<LineStyle>
					<color>ffffffaa</color>
					<colorMode>normal</colorMode>
				</LineStyle>
				<PolyStyle>
					<color>ffffffaa</color>
					<colorMode>normal</colorMode>
				</PolyStyle>
			</Style>
			<ExtendedData>
				<SchemaData schemaUrl="#S_patok_heksa_MR_CPL_B__SSDD">
					<SimpleData name="KM">111+200</SimpleData>
					<SimpleData name="JALUR">B</SimpleData>
					<SimpleData name="X">-6.79465</SimpleData>
					<SimpleData name="Y">107.445</SimpleData>
				</SchemaData>
			</ExtendedData>
			<Point>
				<coordinates>107.444589919384,-6.794646963486488,0</coordinates>
			</Point>
		</Placemark>
		<Placemark>
			<name>111+400</name>
			<styleUrl>#pointStyleMap</styleUrl>
			<Style id="inline">
				<IconStyle>
					<color>ffffffaa</color>
					<colorMode>normal</colorMode>
					<Icon>
						<href>http://maps.google.com/mapfiles/kml/pushpin/pink-pushpin.png</href>
					</Icon>
				</IconStyle>
				<LineStyle>
					<color>ffffffaa</color>
					<colorMode>normal</colorMode>
				</LineStyle>
				<PolyStyle>
					<color>ffffffaa</color>
					<colorMode>normal</colorMode>
				</PolyStyle>
			</Style>
			<ExtendedData>
				<SchemaData schemaUrl="#S_patok_heksa_MR_CPL_B__SSDD">
					<SimpleData name="KM">111+400</SimpleData>
					<SimpleData name="JALUR">B</SimpleData>
					<SimpleData name="X">-6.79615</SimpleData>
					<SimpleData name="Y">107.446</SimpleData>
				</SchemaData>
			</ExtendedData>
			<Point>
				<coordinates>107.445693655702,-6.796154962881705,0</coordinates>
			</Point>
		</Placemark>
		<Placemark>
			<name>111+600</name>
			<styleUrl>#pointStyleMap</styleUrl>
			<Style id="inline">
				<IconStyle>
					<color>ffffffaa</color>
					<colorMode>normal</colorMode>
					<Icon>
						<href>http://maps.google.com/mapfiles/kml/pushpin/pink-pushpin.png</href>
					</Icon>
				</IconStyle>
				<LineStyle>
					<color>ffffffaa</color>
					<colorMode>normal</colorMode>
				</LineStyle>
				<PolyStyle>
					<color>ffffffaa</color>
					<colorMode>normal</colorMode>
				</PolyStyle>
			</Style>
			<ExtendedData>
				<SchemaData schemaUrl="#S_patok_heksa_MR_CPL_B__SSDD">
					<SimpleData name="KM">111+600</SimpleData>
					<SimpleData name="JALUR">B</SimpleData>
					<SimpleData name="X">-6.79748</SimpleData>
					<SimpleData name="Y">107.447</SimpleData>
				</SchemaData>
			</ExtendedData>
			<Point>
				<coordinates>107.446915871626,-6.797478917671784,0</coordinates>
			</Point>
		</Placemark>
		<Placemark>
			<name>111+800</name>
			<styleUrl>#pointStyleMap</styleUrl>
			<Style id="inline">
				<IconStyle>
					<color>ffffffaa</color>
					<colorMode>normal</colorMode>
					<Icon>
						<href>http://maps.google.com/mapfiles/kml/pushpin/pink-pushpin.png</href>
					</Icon>
				</IconStyle>
				<LineStyle>
					<color>ffffffaa</color>
					<colorMode>normal</colorMode>
				</LineStyle>
				<PolyStyle>
					<color>ffffffaa</color>
					<colorMode>normal</colorMode>
				</PolyStyle>
			</Style>
			<ExtendedData>
				<SchemaData schemaUrl="#S_patok_heksa_MR_CPL_B__SSDD">
					<SimpleData name="KM">111+800</SimpleData>
					<SimpleData name="JALUR">B</SimpleData>
					<SimpleData name="X">-6.79872</SimpleData>
					<SimpleData name="Y">107.448</SimpleData>
				</SchemaData>
			</ExtendedData>
			<Point>
				<coordinates>107.448205831352,-6.798721819947044,0</coordinates>
			</Point>
		</Placemark>
		<Placemark>
			<name>112+0</name>
			<styleUrl>#pointStyleMap</styleUrl>
			<Style id="inline">
				<IconStyle>
					<color>ffffffaa</color>
					<colorMode>normal</colorMode>
					<Icon>
						<href>http://maps.google.com/mapfiles/kml/pushpin/pink-pushpin.png</href>
					</Icon>
				</IconStyle>
				<LineStyle>
					<color>ffffffaa</color>
					<colorMode>normal</colorMode>
				</LineStyle>
				<PolyStyle>
					<color>ffffffaa</color>
					<colorMode>normal</colorMode>
				</PolyStyle>
			</Style>
			<ExtendedData>
				<SchemaData schemaUrl="#S_patok_heksa_MR_CPL_B__SSDD">
					<SimpleData name="KM">112+0</SimpleData>
					<SimpleData name="JALUR">B</SimpleData>
					<SimpleData name="X">-6.7999</SimpleData>
					<SimpleData name="Y">107.45</SimpleData>
				</SchemaData>
			</ExtendedData>
			<Point>
				<coordinates>107.449608749389,-6.799897598527503,0</coordinates>
			</Point>
		</Placemark>
		<Placemark>
			<name>112+200</name>
			<styleUrl>#pointStyleMap</styleUrl>
			<Style id="inline">
				<IconStyle>
					<color>ffffffaa</color>
					<colorMode>normal</colorMode>
					<Icon>
						<href>http://maps.google.com/mapfiles/kml/pushpin/pink-pushpin.png</href>
					</Icon>
				</IconStyle>
				<LineStyle>
					<color>ffffffaa</color>
					<colorMode>normal</colorMode>
				</LineStyle>
				<PolyStyle>
					<color>ffffffaa</color>
					<colorMode>normal</colorMode>
				</PolyStyle>
			</Style>
			<ExtendedData>
				<SchemaData schemaUrl="#S_patok_heksa_MR_CPL_B__SSDD">
					<SimpleData name="KM">112+200</SimpleData>
					<SimpleData name="JALUR">B</SimpleData>
					<SimpleData name="X">-6.80103</SimpleData>
					<SimpleData name="Y">107.451</SimpleData>
				</SchemaData>
			</ExtendedData>
			<Point>
				<coordinates>107.451009147379,-6.801031580638854,0</coordinates>
			</Point>
		</Placemark>
		<Placemark>
			<name>112+400</name>
			<styleUrl>#pointStyleMap</styleUrl>
			<Style id="inline">
				<IconStyle>
					<color>ffffffaa</color>
					<colorMode>normal</colorMode>
					<Icon>
						<href>http://maps.google.com/mapfiles/kml/pushpin/pink-pushpin.png</href>
					</Icon>
				</IconStyle>
				<LineStyle>
					<color>ffffffaa</color>
					<colorMode>normal</colorMode>
				</LineStyle>
				<PolyStyle>
					<color>ffffffaa</color>
					<colorMode>normal</colorMode>
				</PolyStyle>
			</Style>
			<ExtendedData>
				<SchemaData schemaUrl="#S_patok_heksa_MR_CPL_B__SSDD">
					<SimpleData name="KM">112+400</SimpleData>
					<SimpleData name="JALUR">B</SimpleData>
					<SimpleData name="X">-6.80203</SimpleData>
					<SimpleData name="Y">107.453</SimpleData>
				</SchemaData>
			</ExtendedData>
			<Point>
				<coordinates>107.452551641257,-6.802033954247171,0</coordinates>
			</Point>
		</Placemark>
		<Placemark>
			<name>112+600</name>
			<styleUrl>#pointStyleMap</styleUrl>
			<Style id="inline">
				<IconStyle>
					<color>ffffffaa</color>
					<colorMode>normal</colorMode>
					<Icon>
						<href>http://maps.google.com/mapfiles/kml/pushpin/pink-pushpin.png</href>
					</Icon>
				</IconStyle>
				<LineStyle>
					<color>ffffffaa</color>
					<colorMode>normal</colorMode>
				</LineStyle>
				<PolyStyle>
					<color>ffffffaa</color>
					<colorMode>normal</colorMode>
				</PolyStyle>
			</Style>
			<ExtendedData>
				<SchemaData schemaUrl="#S_patok_heksa_MR_CPL_B__SSDD">
					<SimpleData name="KM">112+600</SimpleData>
					<SimpleData name="JALUR">B</SimpleData>
					<SimpleData name="X">-6.80261</SimpleData>
					<SimpleData name="Y">107.454</SimpleData>
				</SchemaData>
			</ExtendedData>
			<Point>
				<coordinates>107.454313507844,-6.802606840325527,0</coordinates>
			</Point>
		</Placemark>
		<Placemark>
			<name>112+800</name>
			<styleUrl>#pointStyleMap</styleUrl>
			<Style id="inline">
				<IconStyle>
					<color>ffffffaa</color>
					<colorMode>normal</colorMode>
					<Icon>
						<href>http://maps.google.com/mapfiles/kml/pushpin/pink-pushpin.png</href>
					</Icon>
				</IconStyle>
				<LineStyle>
					<color>ffffffaa</color>
					<colorMode>normal</colorMode>
				</LineStyle>
				<PolyStyle>
					<color>ffffffaa</color>
					<colorMode>normal</colorMode>
				</PolyStyle>
			</Style>
			<ExtendedData>
				<SchemaData schemaUrl="#S_patok_heksa_MR_CPL_B__SSDD">
					<SimpleData name="KM">112+800</SimpleData>
					<SimpleData name="JALUR">B</SimpleData>
					<SimpleData name="X">-6.8028</SimpleData>
					<SimpleData name="Y">107.456</SimpleData>
				</SchemaData>
			</ExtendedData>
			<Point>
				<coordinates>107.456121589031,-6.802797851675844,0</coordinates>
			</Point>
		</Placemark>
		<Placemark>
			<name>113+0</name>
			<styleUrl>#pointStyleMap</styleUrl>
			<Style id="inline">
				<IconStyle>
					<color>ffffffaa</color>
					<colorMode>normal</colorMode>
					<Icon>
						<href>http://maps.google.com/mapfiles/kml/pushpin/pink-pushpin.png</href>
					</Icon>
				</IconStyle>
				<LineStyle>
					<color>ffffffaa</color>
					<colorMode>normal</colorMode>
				</LineStyle>
				<PolyStyle>
					<color>ffffffaa</color>
					<colorMode>normal</colorMode>
				</PolyStyle>
			</Style>
			<ExtendedData>
				<SchemaData schemaUrl="#S_patok_heksa_MR_CPL_B__SSDD">
					<SimpleData name="KM">113+0</SimpleData>
					<SimpleData name="JALUR">B</SimpleData>
					<SimpleData name="X">-6.80302</SimpleData>
					<SimpleData name="Y">107.458</SimpleData>
				</SchemaData>
			</ExtendedData>
			<Point>
				<coordinates>107.457934934896,-6.803018475422755,0</coordinates>
			</Point>
		</Placemark>
		<Placemark>
			<name>113+200</name>
			<styleUrl>#pointStyleMap</styleUrl>
			<Style id="inline">
				<IconStyle>
					<color>ffffffaa</color>
					<colorMode>normal</colorMode>
					<Icon>
						<href>http://maps.google.com/mapfiles/kml/pushpin/pink-pushpin.png</href>
					</Icon>
				</IconStyle>
				<LineStyle>
					<color>ffffffaa</color>
					<colorMode>normal</colorMode>
				</LineStyle>
				<PolyStyle>
					<color>ffffffaa</color>
					<colorMode>normal</colorMode>
				</PolyStyle>
			</Style>
			<ExtendedData>
				<SchemaData schemaUrl="#S_patok_heksa_MR_CPL_B__SSDD">
					<SimpleData name="KM">113+200</SimpleData>
					<SimpleData name="JALUR">B</SimpleData>
					<SimpleData name="X">-6.80332</SimpleData>
					<SimpleData name="Y">107.46</SimpleData>
				</SchemaData>
			</ExtendedData>
			<Point>
				<coordinates>107.459625920154,-6.803324295407631,0</coordinates>
			</Point>
		</Placemark>
		<Placemark>
			<name>113+400</name>
			<styleUrl>#pointStyleMap</styleUrl>
			<Style id="inline">
				<IconStyle>
					<color>ffffffaa</color>
					<colorMode>normal</colorMode>
					<Icon>
						<href>http://maps.google.com/mapfiles/kml/pushpin/pink-pushpin.png</href>
					</Icon>
				</IconStyle>
				<LineStyle>
					<color>ffffffaa</color>
					<colorMode>normal</colorMode>
				</LineStyle>
				<PolyStyle>
					<color>ffffffaa</color>
					<colorMode>normal</colorMode>
				</PolyStyle>
			</Style>
			<ExtendedData>
				<SchemaData schemaUrl="#S_patok_heksa_MR_CPL_B__SSDD">
					<SimpleData name="KM">113+400</SimpleData>
					<SimpleData name="JALUR">B</SimpleData>
					<SimpleData name="X">-6.8037</SimpleData>
					<SimpleData name="Y">107.461</SimpleData>
				</SchemaData>
			</ExtendedData>
			<Point>
				<coordinates>107.461423063206,-6.803703103821588,0</coordinates>
			</Point>
		</Placemark>
		<Placemark>
			<name>113+600</name>
			<styleUrl>#pointStyleMap</styleUrl>
			<Style id="inline">
				<IconStyle>
					<color>ffffffaa</color>
					<colorMode>normal</colorMode>
					<Icon>
						<href>http://maps.google.com/mapfiles/kml/pushpin/pink-pushpin.png</href>
					</Icon>
				</IconStyle>
				<LineStyle>
					<color>ffffffaa</color>
					<colorMode>normal</colorMode>
				</LineStyle>
				<PolyStyle>
					<color>ffffffaa</color>
					<colorMode>normal</colorMode>
				</PolyStyle>
			</Style>
			<ExtendedData>
				<SchemaData schemaUrl="#S_patok_heksa_MR_CPL_B__SSDD">
					<SimpleData name="KM">113+600</SimpleData>
					<SimpleData name="JALUR">B</SimpleData>
					<SimpleData name="X">-6.80417</SimpleData>
					<SimpleData name="Y">107.463</SimpleData>
				</SchemaData>
			</ExtendedData>
			<Point>
				<coordinates>107.463187957449,-6.804173393995631,0</coordinates>
			</Point>
		</Placemark>
		<Placemark>
			<name>113+800</name>
			<styleUrl>#pointStyleMap</styleUrl>
			<Style id="inline">
				<IconStyle>
					<color>ffffffaa</color>
					<colorMode>normal</colorMode>
					<Icon>
						<href>http://maps.google.com/mapfiles/kml/pushpin/pink-pushpin.png</href>
					</Icon>
				</IconStyle>
				<LineStyle>
					<color>ffffffaa</color>
					<colorMode>normal</colorMode>
				</LineStyle>
				<PolyStyle>
					<color>ffffffaa</color>
					<colorMode>normal</colorMode>
				</PolyStyle>
			</Style>
			<ExtendedData>
				<SchemaData schemaUrl="#S_patok_heksa_MR_CPL_B__SSDD">
					<SimpleData name="KM">113+800</SimpleData>
					<SimpleData name="JALUR">B</SimpleData>
					<SimpleData name="X">-6.80486</SimpleData>
					<SimpleData name="Y">107.465</SimpleData>
				</SchemaData>
			</ExtendedData>
			<Point>
				<coordinates>107.464765375731,-6.804857207643797,0</coordinates>
			</Point>
		</Placemark>
		<Placemark>
			<name>114+0</name>
			<styleUrl>#pointStyleMap</styleUrl>
			<Style id="inline">
				<IconStyle>
					<color>ffffffaa</color>
					<colorMode>normal</colorMode>
					<Icon>
						<href>http://maps.google.com/mapfiles/kml/pushpin/pink-pushpin.png</href>
					</Icon>
				</IconStyle>
				<LineStyle>
					<color>ffffffaa</color>
					<colorMode>normal</colorMode>
				</LineStyle>
				<PolyStyle>
					<color>ffffffaa</color>
					<colorMode>normal</colorMode>
				</PolyStyle>
			</Style>
			<ExtendedData>
				<SchemaData schemaUrl="#S_patok_heksa_MR_CPL_B__SSDD">
					<SimpleData name="KM">114+0</SimpleData>
					<SimpleData name="JALUR">B</SimpleData>
					<SimpleData name="X">-6.80568</SimpleData>
					<SimpleData name="Y">107.466</SimpleData>
				</SchemaData>
			</ExtendedData>
			<Point>
				<coordinates>107.466412086141,-6.805675834815787,0</coordinates>
			</Point>
		</Placemark>
		<Placemark>
			<name>114+200</name>
			<styleUrl>#pointStyleMap</styleUrl>
			<Style id="inline">
				<IconStyle>
					<color>ffffffaa</color>
					<colorMode>normal</colorMode>
					<Icon>
						<href>http://maps.google.com/mapfiles/kml/pushpin/pink-pushpin.png</href>
					</Icon>
				</IconStyle>
				<LineStyle>
					<color>ffffffaa</color>
					<colorMode>normal</colorMode>
				</LineStyle>
				<PolyStyle>
					<color>ffffffaa</color>
					<colorMode>normal</colorMode>
				</PolyStyle>
			</Style>
			<ExtendedData>
				<SchemaData schemaUrl="#S_patok_heksa_MR_CPL_B__SSDD">
					<SimpleData name="KM">114+200</SimpleData>
					<SimpleData name="JALUR">B</SimpleData>
					<SimpleData name="X">-6.80661</SimpleData>
					<SimpleData name="Y">107.468</SimpleData>
				</SchemaData>
			</ExtendedData>
			<Point>
				<coordinates>107.467968160915,-6.806609222516018,0</coordinates>
			</Point>
		</Placemark>
		<Placemark>
			<name>114+400</name>
			<styleUrl>#pointStyleMap</styleUrl>
			<Style id="inline">
				<IconStyle>
					<color>ffffffaa</color>
					<colorMode>normal</colorMode>
					<Icon>
						<href>http://maps.google.com/mapfiles/kml/pushpin/pink-pushpin.png</href>
					</Icon>
				</IconStyle>
				<LineStyle>
					<color>ffffffaa</color>
					<colorMode>normal</colorMode>
				</LineStyle>
				<PolyStyle>
					<color>ffffffaa</color>
					<colorMode>normal</colorMode>
				</PolyStyle>
			</Style>
			<ExtendedData>
				<SchemaData schemaUrl="#S_patok_heksa_MR_CPL_B__SSDD">
					<SimpleData name="KM">114+400</SimpleData>
					<SimpleData name="JALUR">B</SimpleData>
					<SimpleData name="X">-6.80758</SimpleData>
					<SimpleData name="Y">107.469</SimpleData>
				</SchemaData>
			</ExtendedData>
			<Point>
				<coordinates>107.469474062733,-6.80758090592829,0</coordinates>
			</Point>
		</Placemark>
		<Placemark>
			<name>114+600</name>
			<styleUrl>#pointStyleMap</styleUrl>
			<Style id="inline">
				<IconStyle>
					<color>ffffffaa</color>
					<colorMode>normal</colorMode>
					<Icon>
						<href>http://maps.google.com/mapfiles/kml/pushpin/pink-pushpin.png</href>
					</Icon>
				</IconStyle>
				<LineStyle>
					<color>ffffffaa</color>
					<colorMode>normal</colorMode>
				</LineStyle>
				<PolyStyle>
					<color>ffffffaa</color>
					<colorMode>normal</colorMode>
				</PolyStyle>
			</Style>
			<ExtendedData>
				<SchemaData schemaUrl="#S_patok_heksa_MR_CPL_B__SSDD">
					<SimpleData name="KM">114+600</SimpleData>
					<SimpleData name="JALUR">B</SimpleData>
					<SimpleData name="X">-6.80866</SimpleData>
					<SimpleData name="Y">107.471</SimpleData>
				</SchemaData>
			</ExtendedData>
			<Point>
				<coordinates>107.470943475955,-6.808662417159241,0</coordinates>
			</Point>
		</Placemark>
		<Placemark>
			<name>114+800</name>
			<styleUrl>#pointStyleMap</styleUrl>
			<Style id="inline">
				<IconStyle>
					<color>ffffffaa</color>
					<colorMode>normal</colorMode>
					<Icon>
						<href>http://maps.google.com/mapfiles/kml/pushpin/pink-pushpin.png</href>
					</Icon>
				</IconStyle>
				<LineStyle>
					<color>ffffffaa</color>
					<colorMode>normal</colorMode>
				</LineStyle>
				<PolyStyle>
					<color>ffffffaa</color>
					<colorMode>normal</colorMode>
				</PolyStyle>
			</Style>
			<ExtendedData>
				<SchemaData schemaUrl="#S_patok_heksa_MR_CPL_B__SSDD">
					<SimpleData name="KM">114+800</SimpleData>
					<SimpleData name="JALUR">B</SimpleData>
					<SimpleData name="X">-6.80979</SimpleData>
					<SimpleData name="Y">107.472</SimpleData>
				</SchemaData>
			</ExtendedData>
			<Point>
				<coordinates>107.472405946484,-6.809786767010085,0</coordinates>
			</Point>
		</Placemark>
		<Placemark>
			<name>115+0</name>
			<styleUrl>#pointStyleMap</styleUrl>
			<Style id="inline">
				<IconStyle>
					<color>ffffffaa</color>
					<colorMode>normal</colorMode>
					<Icon>
						<href>http://maps.google.com/mapfiles/kml/pushpin/pink-pushpin.png</href>
					</Icon>
				</IconStyle>
				<LineStyle>
					<color>ffffffaa</color>
					<colorMode>normal</colorMode>
				</LineStyle>
				<PolyStyle>
					<color>ffffffaa</color>
					<colorMode>normal</colorMode>
				</PolyStyle>
			</Style>
			<ExtendedData>
				<SchemaData schemaUrl="#S_patok_heksa_MR_CPL_B__SSDD">
					<SimpleData name="KM">115+0</SimpleData>
					<SimpleData name="JALUR">B</SimpleData>
					<SimpleData name="X">-6.81089</SimpleData>
					<SimpleData name="Y">107.474</SimpleData>
				</SchemaData>
			</ExtendedData>
			<Point>
				<coordinates>107.473803283828,-6.810889004745628,0</coordinates>
			</Point>
		</Placemark>
		<Placemark>
			<name>115+200</name>
			<styleUrl>#pointStyleMap</styleUrl>
			<Style id="inline">
				<IconStyle>
					<color>ffffffaa</color>
					<colorMode>normal</colorMode>
					<Icon>
						<href>http://maps.google.com/mapfiles/kml/pushpin/pink-pushpin.png</href>
					</Icon>
				</IconStyle>
				<LineStyle>
					<color>ffffffaa</color>
					<colorMode>normal</colorMode>
				</LineStyle>
				<PolyStyle>
					<color>ffffffaa</color>
					<colorMode>normal</colorMode>
				</PolyStyle>
			</Style>
			<ExtendedData>
				<SchemaData schemaUrl="#S_patok_heksa_MR_CPL_B__SSDD">
					<SimpleData name="KM">115+200</SimpleData>
					<SimpleData name="JALUR">B</SimpleData>
					<SimpleData name="X">-6.81213</SimpleData>
					<SimpleData name="Y">107.475</SimpleData>
				</SchemaData>
			</ExtendedData>
			<Point>
				<coordinates>107.475258620974,-6.812133304635353,0</coordinates>
			</Point>
		</Placemark>
		<Placemark>
			<name>115+400</name>
			<styleUrl>#pointStyleMap</styleUrl>
			<Style id="inline">
				<IconStyle>
					<color>ffffffaa</color>
					<colorMode>normal</colorMode>
					<Icon>
						<href>http://maps.google.com/mapfiles/kml/pushpin/pink-pushpin.png</href>
					</Icon>
				</IconStyle>
				<LineStyle>
					<color>ffffffaa</color>
					<colorMode>normal</colorMode>
				</LineStyle>
				<PolyStyle>
					<color>ffffffaa</color>
					<colorMode>normal</colorMode>
				</PolyStyle>
			</Style>
			<ExtendedData>
				<SchemaData schemaUrl="#S_patok_heksa_MR_CPL_B__SSDD">
					<SimpleData name="KM">115+400</SimpleData>
					<SimpleData name="JALUR">B</SimpleData>
					<SimpleData name="X">-6.81331</SimpleData>
					<SimpleData name="Y">107.477</SimpleData>
				</SchemaData>
			</ExtendedData>
			<Point>
				<coordinates>107.476511844851,-6.813307102602097,0</coordinates>
			</Point>
		</Placemark>
		<Placemark>
			<name>115+600</name>
			<styleUrl>#pointStyleMap</styleUrl>
			<Style id="inline">
				<IconStyle>
					<color>ffffffaa</color>
					<colorMode>normal</colorMode>
					<Icon>
						<href>http://maps.google.com/mapfiles/kml/pushpin/pink-pushpin.png</href>
					</Icon>
				</IconStyle>
				<LineStyle>
					<color>ffffffaa</color>
					<colorMode>normal</colorMode>
				</LineStyle>
				<PolyStyle>
					<color>ffffffaa</color>
					<colorMode>normal</colorMode>
				</PolyStyle>
			</Style>
			<ExtendedData>
				<SchemaData schemaUrl="#S_patok_heksa_MR_CPL_B__SSDD">
					<SimpleData name="KM">115+600</SimpleData>
					<SimpleData name="JALUR">B</SimpleData>
					<SimpleData name="X">-6.81466</SimpleData>
					<SimpleData name="Y">107.478</SimpleData>
				</SchemaData>
			</ExtendedData>
			<Point>
				<coordinates>107.477690488463,-6.814660545156608,0</coordinates>
			</Point>
		</Placemark>
		<Placemark>
			<name>115+800</name>
			<styleUrl>#pointStyleMap</styleUrl>
			<Style id="inline">
				<IconStyle>
					<color>ffffffaa</color>
					<colorMode>normal</colorMode>
					<Icon>
						<href>http://maps.google.com/mapfiles/kml/pushpin/pink-pushpin.png</href>
					</Icon>
				</IconStyle>
				<LineStyle>
					<color>ffffffaa</color>
					<colorMode>normal</colorMode>
				</LineStyle>
				<PolyStyle>
					<color>ffffffaa</color>
					<colorMode>normal</colorMode>
				</PolyStyle>
			</Style>
			<ExtendedData>
				<SchemaData schemaUrl="#S_patok_heksa_MR_CPL_B__SSDD">
					<SimpleData name="KM">115+800</SimpleData>
					<SimpleData name="JALUR">B</SimpleData>
					<SimpleData name="X">-6.81607</SimpleData>
					<SimpleData name="Y">107.479</SimpleData>
				</SchemaData>
			</ExtendedData>
			<Point>
				<coordinates>107.4788584793,-6.816073757662386,0</coordinates>
			</Point>
		</Placemark>
		<Placemark>
			<name>116+0</name>
			<styleUrl>#pointStyleMap</styleUrl>
			<Style id="inline">
				<IconStyle>
					<color>ffffffaa</color>
					<colorMode>normal</colorMode>
					<Icon>
						<href>http://maps.google.com/mapfiles/kml/pushpin/pink-pushpin.png</href>
					</Icon>
				</IconStyle>
				<LineStyle>
					<color>ffffffaa</color>
					<colorMode>normal</colorMode>
				</LineStyle>
				<PolyStyle>
					<color>ffffffaa</color>
					<colorMode>normal</colorMode>
				</PolyStyle>
			</Style>
			<ExtendedData>
				<SchemaData schemaUrl="#S_patok_heksa_MR_CPL_B__SSDD">
					<SimpleData name="KM">116+0</SimpleData>
					<SimpleData name="JALUR">B</SimpleData>
					<SimpleData name="X">-6.81744</SimpleData>
					<SimpleData name="Y">107.48</SimpleData>
				</SchemaData>
			</ExtendedData>
			<Point>
				<coordinates>107.480065655261,-6.817437370874673,0</coordinates>
			</Point>
		</Placemark>
		<Placemark>
			<name>116+200</name>
			<styleUrl>#pointStyleMap</styleUrl>
			<Style id="inline">
				<IconStyle>
					<color>ffffffaa</color>
					<colorMode>normal</colorMode>
					<Icon>
						<href>http://maps.google.com/mapfiles/kml/pushpin/pink-pushpin.png</href>
					</Icon>
				</IconStyle>
				<LineStyle>
					<color>ffffffaa</color>
					<colorMode>normal</colorMode>
				</LineStyle>
				<PolyStyle>
					<color>ffffffaa</color>
					<colorMode>normal</colorMode>
				</PolyStyle>
			</Style>
			<ExtendedData>
				<SchemaData schemaUrl="#S_patok_heksa_MR_CPL_B__SSDD">
					<SimpleData name="KM">116+200</SimpleData>
					<SimpleData name="JALUR">B</SimpleData>
					<SimpleData name="X">-6.81865</SimpleData>
					<SimpleData name="Y">107.481</SimpleData>
				</SchemaData>
			</ExtendedData>
			<Point>
				<coordinates>107.481431579697,-6.81864887731654,0</coordinates>
			</Point>
		</Placemark>
		<Placemark>
			<name>116+400</name>
			<styleUrl>#pointStyleMap</styleUrl>
			<Style id="inline">
				<IconStyle>
					<color>ffffffaa</color>
					<colorMode>normal</colorMode>
					<Icon>
						<href>http://maps.google.com/mapfiles/kml/pushpin/pink-pushpin.png</href>
					</Icon>
				</IconStyle>
				<LineStyle>
					<color>ffffffaa</color>
					<colorMode>normal</colorMode>
				</LineStyle>
				<PolyStyle>
					<color>ffffffaa</color>
					<colorMode>normal</colorMode>
				</PolyStyle>
			</Style>
			<ExtendedData>
				<SchemaData schemaUrl="#S_patok_heksa_MR_CPL_B__SSDD">
					<SimpleData name="KM">116+400</SimpleData>
					<SimpleData name="JALUR">B</SimpleData>
					<SimpleData name="X">-6.81974</SimpleData>
					<SimpleData name="Y">107.483</SimpleData>
				</SchemaData>
			</ExtendedData>
			<Point>
				<coordinates>107.482887199119,-6.81974351493219,0</coordinates>
			</Point>
		</Placemark>
		<Placemark>
			<name>116+600</name>
			<styleUrl>#pointStyleMap</styleUrl>
			<Style id="inline">
				<IconStyle>
					<color>ffffffaa</color>
					<colorMode>normal</colorMode>
					<Icon>
						<href>http://maps.google.com/mapfiles/kml/pushpin/pink-pushpin.png</href>
					</Icon>
				</IconStyle>
				<LineStyle>
					<color>ffffffaa</color>
					<colorMode>normal</colorMode>
				</LineStyle>
				<PolyStyle>
					<color>ffffffaa</color>
					<colorMode>normal</colorMode>
				</PolyStyle>
			</Style>
			<ExtendedData>
				<SchemaData schemaUrl="#S_patok_heksa_MR_CPL_B__SSDD">
					<SimpleData name="KM">116+600</SimpleData>
					<SimpleData name="JALUR">B</SimpleData>
					<SimpleData name="X">-6.82075</SimpleData>
					<SimpleData name="Y">107.484</SimpleData>
				</SchemaData>
			</ExtendedData>
			<Point>
				<coordinates>107.484365601948,-6.820750883109346,0</coordinates>
			</Point>
		</Placemark>
		<Placemark>
			<name>116+800</name>
			<styleUrl>#pointStyleMap</styleUrl>
			<Style id="inline">
				<IconStyle>
					<color>ffffffaa</color>
					<colorMode>normal</colorMode>
					<Icon>
						<href>http://maps.google.com/mapfiles/kml/pushpin/pink-pushpin.png</href>
					</Icon>
				</IconStyle>
				<LineStyle>
					<color>ffffffaa</color>
					<colorMode>normal</colorMode>
				</LineStyle>
				<PolyStyle>
					<color>ffffffaa</color>
					<colorMode>normal</colorMode>
				</PolyStyle>
			</Style>
			<ExtendedData>
				<SchemaData schemaUrl="#S_patok_heksa_MR_CPL_B__SSDD">
					<SimpleData name="KM">116+800</SimpleData>
					<SimpleData name="JALUR">B</SimpleData>
					<SimpleData name="X">-6.82198</SimpleData>
					<SimpleData name="Y">107.486</SimpleData>
				</SchemaData>
			</ExtendedData>
			<Point>
				<coordinates>107.485671104051,-6.821984070666335,0</coordinates>
			</Point>
		</Placemark>
		<Placemark>
			<name>117+0</name>
			<styleUrl>#pointStyleMap</styleUrl>
			<Style id="inline">
				<IconStyle>
					<color>ffffffaa</color>
					<colorMode>normal</colorMode>
					<Icon>
						<href>http://maps.google.com/mapfiles/kml/pushpin/pink-pushpin.png</href>
					</Icon>
				</IconStyle>
				<LineStyle>
					<color>ffffffaa</color>
					<colorMode>normal</colorMode>
				</LineStyle>
				<PolyStyle>
					<color>ffffffaa</color>
					<colorMode>normal</colorMode>
				</PolyStyle>
			</Style>
			<ExtendedData>
				<SchemaData schemaUrl="#S_patok_heksa_MR_CPL_B__SSDD">
					<SimpleData name="KM">117+0</SimpleData>
					<SimpleData name="JALUR">B</SimpleData>
					<SimpleData name="X">-6.82343</SimpleData>
					<SimpleData name="Y">107.487</SimpleData>
				</SchemaData>
			</ExtendedData>
			<Point>
				<coordinates>107.486648312522,-6.823430969669467,0</coordinates>
			</Point>
		</Placemark>
		<Placemark>
			<name>117+200</name>
			<styleUrl>#pointStyleMap</styleUrl>
			<Style id="inline">
				<IconStyle>
					<color>ffffffaa</color>
					<colorMode>normal</colorMode>
					<Icon>
						<href>http://maps.google.com/mapfiles/kml/pushpin/pink-pushpin.png</href>
					</Icon>
				</IconStyle>
				<LineStyle>
					<color>ffffffaa</color>
					<colorMode>normal</colorMode>
				</LineStyle>
				<PolyStyle>
					<color>ffffffaa</color>
					<colorMode>normal</colorMode>
				</PolyStyle>
			</Style>
			<ExtendedData>
				<SchemaData schemaUrl="#S_patok_heksa_MR_CPL_B__SSDD">
					<SimpleData name="KM">117+200</SimpleData>
					<SimpleData name="JALUR">B</SimpleData>
					<SimpleData name="X">-6.82504</SimpleData>
					<SimpleData name="Y">107.487</SimpleData>
				</SchemaData>
			</ExtendedData>
			<Point>
				<coordinates>107.487380449375,-6.825038548990428,0</coordinates>
			</Point>
		</Placemark>
		<Placemark>
			<name>117+400</name>
			<styleUrl>#pointStyleMap</styleUrl>
			<Style id="inline">
				<IconStyle>
					<color>ffffffaa</color>
					<colorMode>normal</colorMode>
					<Icon>
						<href>http://maps.google.com/mapfiles/kml/pushpin/pink-pushpin.png</href>
					</Icon>
				</IconStyle>
				<LineStyle>
					<color>ffffffaa</color>
					<colorMode>normal</colorMode>
				</LineStyle>
				<PolyStyle>
					<color>ffffffaa</color>
					<colorMode>normal</colorMode>
				</PolyStyle>
			</Style>
			<ExtendedData>
				<SchemaData schemaUrl="#S_patok_heksa_MR_CPL_B__SSDD">
					<SimpleData name="KM">117+400</SimpleData>
					<SimpleData name="JALUR">B</SimpleData>
					<SimpleData name="X">-6.82655</SimpleData>
					<SimpleData name="Y">107.488</SimpleData>
				</SchemaData>
			</ExtendedData>
			<Point>
				<coordinates>107.48842602365,-6.826548369646705,0</coordinates>
			</Point>
		</Placemark>
		<Placemark>
			<name>117+600</name>
			<styleUrl>#pointStyleMap</styleUrl>
			<Style id="inline">
				<IconStyle>
					<color>ffffffaa</color>
					<colorMode>normal</colorMode>
					<Icon>
						<href>http://maps.google.com/mapfiles/kml/pushpin/pink-pushpin.png</href>
					</Icon>
				</IconStyle>
				<LineStyle>
					<color>ffffffaa</color>
					<colorMode>normal</colorMode>
				</LineStyle>
				<PolyStyle>
					<color>ffffffaa</color>
					<colorMode>normal</colorMode>
				</PolyStyle>
			</Style>
			<ExtendedData>
				<SchemaData schemaUrl="#S_patok_heksa_MR_CPL_B__SSDD">
					<SimpleData name="KM">117+600</SimpleData>
					<SimpleData name="JALUR">B</SimpleData>
					<SimpleData name="X">-6.82786</SimpleData>
					<SimpleData name="Y">107.49</SimpleData>
				</SchemaData>
			</ExtendedData>
			<Point>
				<coordinates>107.489718002034,-6.82785588000463,0</coordinates>
			</Point>
		</Placemark>
		<Placemark>
			<name>117+800</name>
			<styleUrl>#pointStyleMap</styleUrl>
			<Style id="inline">
				<IconStyle>
					<color>ffffffaa</color>
					<colorMode>normal</colorMode>
					<Icon>
						<href>http://maps.google.com/mapfiles/kml/pushpin/pink-pushpin.png</href>
					</Icon>
				</IconStyle>
				<LineStyle>
					<color>ffffffaa</color>
					<colorMode>normal</colorMode>
				</LineStyle>
				<PolyStyle>
					<color>ffffffaa</color>
					<colorMode>normal</colorMode>
				</PolyStyle>
			</Style>
			<ExtendedData>
				<SchemaData schemaUrl="#S_patok_heksa_MR_CPL_B__SSDD">
					<SimpleData name="KM">117+800</SimpleData>
					<SimpleData name="JALUR">B</SimpleData>
					<SimpleData name="X">-6.82929</SimpleData>
					<SimpleData name="Y">107.491</SimpleData>
				</SchemaData>
			</ExtendedData>
			<Point>
				<coordinates>107.490829937885,-6.829288514004721,0</coordinates>
			</Point>
		</Placemark>
		<Placemark>
			<name>118+0</name>
			<styleUrl>#pointStyleMap</styleUrl>
			<Style id="inline">
				<IconStyle>
					<color>ffffffaa</color>
					<colorMode>normal</colorMode>
					<Icon>
						<href>http://maps.google.com/mapfiles/kml/pushpin/pink-pushpin.png</href>
					</Icon>
				</IconStyle>
				<LineStyle>
					<color>ffffffaa</color>
					<colorMode>normal</colorMode>
				</LineStyle>
				<PolyStyle>
					<color>ffffffaa</color>
					<colorMode>normal</colorMode>
				</PolyStyle>
			</Style>
			<ExtendedData>
				<SchemaData schemaUrl="#S_patok_heksa_MR_CPL_B__SSDD">
					<SimpleData name="KM">118+0</SimpleData>
					<SimpleData name="JALUR">B</SimpleData>
					<SimpleData name="X">-6.83086</SimpleData>
					<SimpleData name="Y">107.492</SimpleData>
				</SchemaData>
			</ExtendedData>
			<Point>
				<coordinates>107.491797514182,-6.830856098355406,0</coordinates>
			</Point>
		</Placemark>
		<Placemark>
			<name>118+200</name>
			<styleUrl>#pointStyleMap</styleUrl>
			<Style id="inline">
				<IconStyle>
					<color>ffffffaa</color>
					<colorMode>normal</colorMode>
					<Icon>
						<href>http://maps.google.com/mapfiles/kml/pushpin/pink-pushpin.png</href>
					</Icon>
				</IconStyle>
				<LineStyle>
					<color>ffffffaa</color>
					<colorMode>normal</colorMode>
				</LineStyle>
				<PolyStyle>
					<color>ffffffaa</color>
					<colorMode>normal</colorMode>
				</PolyStyle>
			</Style>
			<ExtendedData>
				<SchemaData schemaUrl="#S_patok_heksa_MR_CPL_B__SSDD">
					<SimpleData name="KM">118+200</SimpleData>
					<SimpleData name="JALUR">B</SimpleData>
					<SimpleData name="X">-6.83234</SimpleData>
					<SimpleData name="Y">107.493</SimpleData>
				</SchemaData>
			</ExtendedData>
			<Point>
				<coordinates>107.492805846942,-6.83233504319748,0</coordinates>
			</Point>
		</Placemark>
		<Placemark>
			<name>118+400</name>
			<styleUrl>#pointStyleMap</styleUrl>
			<Style id="inline">
				<IconStyle>
					<color>ffffffaa</color>
					<colorMode>normal</colorMode>
					<Icon>
						<href>http://maps.google.com/mapfiles/kml/pushpin/pink-pushpin.png</href>
					</Icon>
				</IconStyle>
				<LineStyle>
					<color>ffffffaa</color>
					<colorMode>normal</colorMode>
				</LineStyle>
				<PolyStyle>
					<color>ffffffaa</color>
					<colorMode>normal</colorMode>
				</PolyStyle>
			</Style>
			<ExtendedData>
				<SchemaData schemaUrl="#S_patok_heksa_MR_CPL_B__SSDD">
					<SimpleData name="KM">118+400</SimpleData>
					<SimpleData name="JALUR">B</SimpleData>
					<SimpleData name="X">-6.83373</SimpleData>
					<SimpleData name="Y">107.494</SimpleData>
				</SchemaData>
			</ExtendedData>
			<Point>
				<coordinates>107.494002652416,-6.83373369523215,0</coordinates>
			</Point>
		</Placemark>
		<Placemark>
			<name>118+600</name>
			<styleUrl>#pointStyleMap</styleUrl>
			<Style id="inline">
				<IconStyle>
					<color>ffffffaa</color>
					<colorMode>normal</colorMode>
					<Icon>
						<href>http://maps.google.com/mapfiles/kml/pushpin/pink-pushpin.png</href>
					</Icon>
				</IconStyle>
				<LineStyle>
					<color>ffffffaa</color>
					<colorMode>normal</colorMode>
				</LineStyle>
				<PolyStyle>
					<color>ffffffaa</color>
					<colorMode>normal</colorMode>
				</PolyStyle>
			</Style>
			<ExtendedData>
				<SchemaData schemaUrl="#S_patok_heksa_MR_CPL_B__SSDD">
					<SimpleData name="KM">118+600</SimpleData>
					<SimpleData name="JALUR">B</SimpleData>
					<SimpleData name="X">-6.83495</SimpleData>
					<SimpleData name="Y">107.495</SimpleData>
				</SchemaData>
			</ExtendedData>
			<Point>
				<coordinates>107.49529673508,-6.834951335121307,0</coordinates>
			</Point>
		</Placemark>
		<Placemark>
			<name>118+800</name>
			<styleUrl>#pointStyleMap</styleUrl>
			<Style id="inline">
				<IconStyle>
					<color>ffffffaa</color>
					<colorMode>normal</colorMode>
					<Icon>
						<href>http://maps.google.com/mapfiles/kml/pushpin/pink-pushpin.png</href>
					</Icon>
				</IconStyle>
				<LineStyle>
					<color>ffffffaa</color>
					<colorMode>normal</colorMode>
				</LineStyle>
				<PolyStyle>
					<color>ffffffaa</color>
					<colorMode>normal</colorMode>
				</PolyStyle>
			</Style>
			<ExtendedData>
				<SchemaData schemaUrl="#S_patok_heksa_MR_CPL_B__SSDD">
					<SimpleData name="KM">118+800</SimpleData>
					<SimpleData name="JALUR">B</SimpleData>
					<SimpleData name="X">-6.8361</SimpleData>
					<SimpleData name="Y">107.497</SimpleData>
				</SchemaData>
			</ExtendedData>
			<Point>
				<coordinates>107.496761394521,-6.836096190601504,0</coordinates>
			</Point>
		</Placemark>
		<Placemark>
			<name>119+0</name>
			<styleUrl>#pointStyleMap</styleUrl>
			<Style id="inline">
				<IconStyle>
					<color>ffffffaa</color>
					<colorMode>normal</colorMode>
					<Icon>
						<href>http://maps.google.com/mapfiles/kml/pushpin/pink-pushpin.png</href>
					</Icon>
				</IconStyle>
				<LineStyle>
					<color>ffffffaa</color>
					<colorMode>normal</colorMode>
				</LineStyle>
				<PolyStyle>
					<color>ffffffaa</color>
					<colorMode>normal</colorMode>
				</PolyStyle>
			</Style>
			<ExtendedData>
				<SchemaData schemaUrl="#S_patok_heksa_MR_CPL_B__SSDD">
					<SimpleData name="KM">119+0</SimpleData>
					<SimpleData name="JALUR">B</SimpleData>
					<SimpleData name="X">-6.83719</SimpleData>
					<SimpleData name="Y">107.498</SimpleData>
				</SchemaData>
			</ExtendedData>
			<Point>
				<coordinates>107.498191833553,-6.837189256053735,0</coordinates>
			</Point>
		</Placemark>
		<Placemark>
			<name>119+200</name>
			<styleUrl>#pointStyleMap</styleUrl>
			<Style id="inline">
				<IconStyle>
					<color>ffffffaa</color>
					<colorMode>normal</colorMode>
					<Icon>
						<href>http://maps.google.com/mapfiles/kml/pushpin/pink-pushpin.png</href>
					</Icon>
				</IconStyle>
				<LineStyle>
					<color>ffffffaa</color>
					<colorMode>normal</colorMode>
				</LineStyle>
				<PolyStyle>
					<color>ffffffaa</color>
					<colorMode>normal</colorMode>
				</PolyStyle>
			</Style>
			<ExtendedData>
				<SchemaData schemaUrl="#S_patok_heksa_MR_CPL_B__SSDD">
					<SimpleData name="KM">119+200</SimpleData>
					<SimpleData name="JALUR">B</SimpleData>
					<SimpleData name="X">-6.83823</SimpleData>
					<SimpleData name="Y">107.5</SimpleData>
				</SchemaData>
			</ExtendedData>
			<Point>
				<coordinates>107.49966823319,-6.838227580203555,0</coordinates>
			</Point>
		</Placemark>
		<Placemark>
			<name>119+400</name>
			<styleUrl>#pointStyleMap</styleUrl>
			<Style id="inline">
				<IconStyle>
					<color>ffffffaa</color>
					<colorMode>normal</colorMode>
					<Icon>
						<href>http://maps.google.com/mapfiles/kml/pushpin/pink-pushpin.png</href>
					</Icon>
				</IconStyle>
				<LineStyle>
					<color>ffffffaa</color>
					<colorMode>normal</colorMode>
				</LineStyle>
				<PolyStyle>
					<color>ffffffaa</color>
					<colorMode>normal</colorMode>
				</PolyStyle>
			</Style>
			<ExtendedData>
				<SchemaData schemaUrl="#S_patok_heksa_MR_CPL_B__SSDD">
					<SimpleData name="KM">119+400</SimpleData>
					<SimpleData name="JALUR">B</SimpleData>
					<SimpleData name="X">-6.83922</SimpleData>
					<SimpleData name="Y">107.501</SimpleData>
				</SchemaData>
			</ExtendedData>
			<Point>
				<coordinates>107.501197965578,-6.839215760220649,0</coordinates>
			</Point>
		</Placemark>
		<Placemark>
			<name>119+600</name>
			<styleUrl>#pointStyleMap</styleUrl>
			<Style id="inline">
				<IconStyle>
					<color>ffffffaa</color>
					<colorMode>normal</colorMode>
					<Icon>
						<href>http://maps.google.com/mapfiles/kml/pushpin/pink-pushpin.png</href>
					</Icon>
				</IconStyle>
				<LineStyle>
					<color>ffffffaa</color>
					<colorMode>normal</colorMode>
				</LineStyle>
				<PolyStyle>
					<color>ffffffaa</color>
					<colorMode>normal</colorMode>
				</PolyStyle>
			</Style>
			<ExtendedData>
				<SchemaData schemaUrl="#S_patok_heksa_MR_CPL_B__SSDD">
					<SimpleData name="KM">119+600</SimpleData>
					<SimpleData name="JALUR">B</SimpleData>
					<SimpleData name="X">-6.84024</SimpleData>
					<SimpleData name="Y">107.503</SimpleData>
				</SchemaData>
			</ExtendedData>
			<Point>
				<coordinates>107.502626733437,-6.840236824807072,0</coordinates>
			</Point>
		</Placemark>
		<Placemark>
			<name>119+800</name>
			<styleUrl>#pointStyleMap</styleUrl>
			<Style id="inline">
				<IconStyle>
					<color>ffffffaa</color>
					<colorMode>normal</colorMode>
					<Icon>
						<href>http://maps.google.com/mapfiles/kml/pushpin/pink-pushpin.png</href>
					</Icon>
				</IconStyle>
				<LineStyle>
					<color>ffffffaa</color>
					<colorMode>normal</colorMode>
				</LineStyle>
				<PolyStyle>
					<color>ffffffaa</color>
					<colorMode>normal</colorMode>
				</PolyStyle>
			</Style>
			<ExtendedData>
				<SchemaData schemaUrl="#S_patok_heksa_MR_CPL_B__SSDD">
					<SimpleData name="KM">119+800</SimpleData>
					<SimpleData name="JALUR">B</SimpleData>
					<SimpleData name="X">-6.8416</SimpleData>
					<SimpleData name="Y">107.504</SimpleData>
				</SchemaData>
			</ExtendedData>
			<Point>
				<coordinates>107.50386232848,-6.841595499416431,0</coordinates>
			</Point>
		</Placemark>
		<Placemark>
			<name>120+0</name>
			<styleUrl>#pointStyleMap</styleUrl>
			<Style id="inline">
				<IconStyle>
					<color>ffffffaa</color>
					<colorMode>normal</colorMode>
					<Icon>
						<href>http://maps.google.com/mapfiles/kml/pushpin/pink-pushpin.png</href>
					</Icon>
				</IconStyle>
				<LineStyle>
					<color>ffffffaa</color>
					<colorMode>normal</colorMode>
				</LineStyle>
				<PolyStyle>
					<color>ffffffaa</color>
					<colorMode>normal</colorMode>
				</PolyStyle>
			</Style>
			<ExtendedData>
				<SchemaData schemaUrl="#S_patok_heksa_MR_CPL_B__SSDD">
					<SimpleData name="KM">120+0</SimpleData>
					<SimpleData name="JALUR">B</SimpleData>
					<SimpleData name="X">-6.8431</SimpleData>
					<SimpleData name="Y">107.505</SimpleData>
				</SchemaData>
			</ExtendedData>
			<Point>
				<coordinates>107.504781124662,-6.843101564990743,0</coordinates>
			</Point>
		</Placemark>
		<Placemark>
			<name>120+200</name>
			<styleUrl>#pointStyleMap</styleUrl>
			<Style id="inline">
				<IconStyle>
					<color>ffffffaa</color>
					<colorMode>normal</colorMode>
					<Icon>
						<href>http://maps.google.com/mapfiles/kml/pushpin/pink-pushpin.png</href>
					</Icon>
				</IconStyle>
				<LineStyle>
					<color>ffffffaa</color>
					<colorMode>normal</colorMode>
				</LineStyle>
				<PolyStyle>
					<color>ffffffaa</color>
					<colorMode>normal</colorMode>
				</PolyStyle>
			</Style>
			<ExtendedData>
				<SchemaData schemaUrl="#S_patok_heksa_MR_CPL_B__SSDD">
					<SimpleData name="KM">120+200</SimpleData>
					<SimpleData name="JALUR">B</SimpleData>
					<SimpleData name="X">-6.84474</SimpleData>
					<SimpleData name="Y">107.505</SimpleData>
				</SchemaData>
			</ExtendedData>
			<Point>
				<coordinates>107.505331462934,-6.84473537380716,0</coordinates>
			</Point>
		</Placemark>
		<Placemark>
			<name>120+400</name>
			<styleUrl>#pointStyleMap</styleUrl>
			<Style id="inline">
				<IconStyle>
					<color>ffffffaa</color>
					<colorMode>normal</colorMode>
					<Icon>
						<href>http://maps.google.com/mapfiles/kml/pushpin/pink-pushpin.png</href>
					</Icon>
				</IconStyle>
				<LineStyle>
					<color>ffffffaa</color>
					<colorMode>normal</colorMode>
				</LineStyle>
				<PolyStyle>
					<color>ffffffaa</color>
					<colorMode>normal</colorMode>
				</PolyStyle>
			</Style>
			<ExtendedData>
				<SchemaData schemaUrl="#S_patok_heksa_MR_CPL_B__SSDD">
					<SimpleData name="KM">120+400</SimpleData>
					<SimpleData name="JALUR">B</SimpleData>
					<SimpleData name="X">-6.84652</SimpleData>
					<SimpleData name="Y">107.506</SimpleData>
				</SchemaData>
			</ExtendedData>
			<Point>
				<coordinates>107.50564354338,-6.846515897436037,0</coordinates>
			</Point>
		</Placemark>
		<Placemark>
			<name>120+600</name>
			<styleUrl>#pointStyleMap</styleUrl>
			<Style id="inline">
				<IconStyle>
					<color>ffffffaa</color>
					<colorMode>normal</colorMode>
					<Icon>
						<href>http://maps.google.com/mapfiles/kml/pushpin/pink-pushpin.png</href>
					</Icon>
				</IconStyle>
				<LineStyle>
					<color>ffffffaa</color>
					<colorMode>normal</colorMode>
				</LineStyle>
				<PolyStyle>
					<color>ffffffaa</color>
					<colorMode>normal</colorMode>
				</PolyStyle>
			</Style>
			<ExtendedData>
				<SchemaData schemaUrl="#S_patok_heksa_MR_CPL_B__SSDD">
					<SimpleData name="KM">120+600</SimpleData>
					<SimpleData name="JALUR">B</SimpleData>
					<SimpleData name="X">-6.84828</SimpleData>
					<SimpleData name="Y">107.506</SimpleData>
				</SchemaData>
			</ExtendedData>
			<Point>
				<coordinates>107.505633975806,-6.848282082348199,0</coordinates>
			</Point>
		</Placemark>
		<Placemark>
			<name>120+800</name>
			<styleUrl>#pointStyleMap</styleUrl>
			<Style id="inline">
				<IconStyle>
					<color>ffffffaa</color>
					<colorMode>normal</colorMode>
					<Icon>
						<href>http://maps.google.com/mapfiles/kml/pushpin/pink-pushpin.png</href>
					</Icon>
				</IconStyle>
				<LineStyle>
					<color>ffffffaa</color>
					<colorMode>normal</colorMode>
				</LineStyle>
				<PolyStyle>
					<color>ffffffaa</color>
					<colorMode>normal</colorMode>
				</PolyStyle>
			</Style>
			<ExtendedData>
				<SchemaData schemaUrl="#S_patok_heksa_MR_CPL_B__SSDD">
					<SimpleData name="KM">120+800</SimpleData>
					<SimpleData name="JALUR">B</SimpleData>
					<SimpleData name="X">-6.85011</SimpleData>
					<SimpleData name="Y">107.506</SimpleData>
				</SchemaData>
			</ExtendedData>
			<Point>
				<coordinates>107.505566668465,-6.85011404621852,0</coordinates>
			</Point>
		</Placemark>
		<Placemark>
			<name>121+0</name>
			<styleUrl>#pointStyleMap</styleUrl>
			<Style id="inline">
				<IconStyle>
					<color>ffffffaa</color>
					<colorMode>normal</colorMode>
					<Icon>
						<href>http://maps.google.com/mapfiles/kml/pushpin/pink-pushpin.png</href>
					</Icon>
				</IconStyle>
				<LineStyle>
					<color>ffffffaa</color>
					<colorMode>normal</colorMode>
				</LineStyle>
				<PolyStyle>
					<color>ffffffaa</color>
					<colorMode>normal</colorMode>
				</PolyStyle>
			</Style>
			<ExtendedData>
				<SchemaData schemaUrl="#S_patok_heksa_MR_CPL_B__SSDD">
					<SimpleData name="KM">121+0</SimpleData>
					<SimpleData name="JALUR">B</SimpleData>
					<SimpleData name="X">-6.85188</SimpleData>
					<SimpleData name="Y">107.505</SimpleData>
				</SchemaData>
			</ExtendedData>
			<Point>
				<coordinates>107.505386525268,-6.851877070622687,0</coordinates>
			</Point>
		</Placemark>
		<Placemark>
			<name>121+200</name>
			<styleUrl>#pointStyleMap</styleUrl>
			<Style id="inline">
				<IconStyle>
					<color>ffffffaa</color>
					<colorMode>normal</colorMode>
					<Icon>
						<href>http://maps.google.com/mapfiles/kml/pushpin/pink-pushpin.png</href>
					</Icon>
				</IconStyle>
				<LineStyle>
					<color>ffffffaa</color>
					<colorMode>normal</colorMode>
				</LineStyle>
				<PolyStyle>
					<color>ffffffaa</color>
					<colorMode>normal</colorMode>
				</PolyStyle>
			</Style>
			<ExtendedData>
				<SchemaData schemaUrl="#S_patok_heksa_MR_CPL_B__SSDD">
					<SimpleData name="KM">121+200</SimpleData>
					<SimpleData name="JALUR">B</SimpleData>
					<SimpleData name="X">-6.85365</SimpleData>
					<SimpleData name="Y">107.505</SimpleData>
				</SchemaData>
			</ExtendedData>
			<Point>
				<coordinates>107.505141692159,-6.853651159160783,0</coordinates>
			</Point>
		</Placemark>
		<Placemark>
			<name>121+400</name>
			<styleUrl>#pointStyleMap</styleUrl>
			<Style id="inline">
				<IconStyle>
					<color>ffffffaa</color>
					<colorMode>normal</colorMode>
					<Icon>
						<href>http://maps.google.com/mapfiles/kml/pushpin/pink-pushpin.png</href>
					</Icon>
				</IconStyle>
				<LineStyle>
					<color>ffffffaa</color>
					<colorMode>normal</colorMode>
				</LineStyle>
				<PolyStyle>
					<color>ffffffaa</color>
					<colorMode>normal</colorMode>
				</PolyStyle>
			</Style>
			<ExtendedData>
				<SchemaData schemaUrl="#S_patok_heksa_MR_CPL_B__SSDD">
					<SimpleData name="KM">121+400</SimpleData>
					<SimpleData name="JALUR">B</SimpleData>
					<SimpleData name="X">-6.85544</SimpleData>
					<SimpleData name="Y">107.505</SimpleData>
				</SchemaData>
			</ExtendedData>
			<Point>
				<coordinates>107.504866528819,-6.855439819928762,0</coordinates>
			</Point>
		</Placemark>
		<atom:link rel="app" href="https://www.google.com/earth/about/versions/#earth-pro" title="Google Earth Pro 7.3.6.10201"></atom:link>
	</Folder>
</Document>
</kml>
